repository,file_path,language,extension,loc,size_bytes,change_count,history_present
flask,docs/conf.py,Python,.py,101,3487,5,True
flask,tests/conftest.py,Python,.py,112,2658,3,True
flask,tests/test_appctx.py,Python,.py,265,7092,4,True
flask,tests/test_async.py,Python,.py,145,3480,0,False
flask,tests/test_basic.py,Python,.py,1974,56247,13,True
flask,tests/test_blueprints.py,Python,.py,1115,32402,7,True
flask,tests/test_cli.py,Python,.py,703,21006,6,True
flask,tests/test_config.py,Python,.py,250,7998,0,False
flask,tests/test_converters.py,Python,.py,42,1135,0,False
flask,tests/test_helpers.py,Python,.py,377,11595,4,True
flask,tests/test_instance_config.py,Python,.py,111,3428,1,True
flask,tests/test_json.py,Python,.py,346,9087,1,True
flask,tests/test_json_tag.py,Python,.py,86,2084,0,False
flask,tests/test_logging.py,Python,.py,98,2627,0,False
flask,tests/test_regression.py,Python,.py,30,742,0,False
flask,tests/test_reqctx.py,Python,.py,249,6945,5,True
flask,tests/test_request.py,Python,.py,70,1972,2,True
flask,tests/test_session_interface.py,Python,.py,28,812,1,True
flask,tests/test_signals.py,Python,.py,181,5045,2,True
flask,tests/test_subclassing.py,Python,.py,21,501,1,True
flask,tests/test_templating.py,Python,.py,532,15935,1,True
flask,tests/test_testing.py,Python,.py,398,10961,6,True
flask,tests/test_user_error_handler.py,Python,.py,295,8731,0,False
flask,tests/test_views.py,Python,.py,271,7329,4,True
flask,tests/type_check/typing_app_decorators.py,Python,.py,32,621,0,False
flask,tests/type_check/typing_error_handler.py,Python,.py,33,680,0,False
flask,tests/type_check/typing_route.py,Python,.py,112,2644,0,False
flask,tests/test_apps/blueprintapp/__init__.py,Python,.py,9,265,0,False
flask,tests/test_apps/cliapp/app.py,Python,.py,3,55,0,False
flask,tests/test_apps/cliapp/factory.py,Python,.py,13,182,0,False
flask,tests/test_apps/cliapp/importerrorapp.py,Python,.py,5,78,0,False
flask,tests/test_apps/cliapp/multiapp.py,Python,.py,4,71,0,False
flask,tests/test_apps/cliapp/__init__.py,Python,.py,0,0,0,False
flask,tests/test_apps/helloworld/hello.py,Python,.py,8,112,0,False
flask,tests/test_apps/helloworld/wsgi.py,Python,.py,1,37,0,False
flask,tests/test_apps/subdomaintestmodule/__init__.py,Python,.py,3,76,2,True
flask,tests/test_apps/cliapp/inner1/__init__.py,Python,.py,3,58,0,False
flask,tests/test_apps/cliapp/inner1/inner2/flask.py,Python,.py,3,50,0,False
flask,tests/test_apps/cliapp/inner1/inner2/__init__.py,Python,.py,0,0,0,False
flask,tests/test_apps/blueprintapp/apps/__init__.py,Python,.py,0,0,0,False
flask,tests/test_apps/blueprintapp/apps/admin/__init__.py,Python,.py,20,386,0,False
flask,tests/test_apps/blueprintapp/apps/frontend/__init__.py,Python,.py,14,341,0,False
flask,src/flask/app.py,Python,.py,1628,67100,29,True
flask,src/flask/blueprints.py,Python,.py,128,4669,4,True
flask,src/flask/cli.py,Python,.py,1127,37963,12,True
flask,src/flask/config.py,Python,.py,367,13586,3,True
flask,src/flask/ctx.py,Python,.py,540,18801,10,True
flask,src/flask/debughelpers.py,Python,.py,179,6249,2,True
flask,src/flask/globals.py,Python,.py,77,2491,1,True
flask,src/flask/helpers.py,Python,.py,682,25310,21,True
flask,src/flask/logging.py,Python,.py,79,2456,1,True
flask,src/flask/sessions.py,Python,.py,385,15354,14,True
flask,src/flask/signals.py,Python,.py,17,767,0,False
flask,src/flask/templating.py,Python,.py,212,7548,5,True
flask,src/flask/testing.py,Python,.py,298,10432,8,True
flask,src/flask/typing.py,Python,.py,87,3201,4,True
flask,src/flask/views.py,Python,.py,191,7162,5,True
flask,src/flask/wrappers.py,Python,.py,257,9663,4,True
flask,src/flask/__init__.py,Python,.py,39,2111,5,True
flask,src/flask/__main__.py,Python,.py,3,33,0,False
flask,src/flask/json/provider.py,Python,.py,215,7859,7,True
flask,src/flask/json/tag.py,Python,.py,327,9608,3,True
flask,src/flask/json/__init__.py,Python,.py,170,5753,2,True
flask,src/flask/sansio/app.py,Python,.py,1013,40508,18,True
flask,src/flask/sansio/blueprints.py,Python,.py,692,27709,3,True
flask,src/flask/sansio/scaffold.py,Python,.py,800,31433,7,True
flask,examples/celery/make_celery.py,Python,.py,4,106,0,False
flask,examples/tutorial/flaskr/auth.py,Python,.py,116,3412,2,True
flask,examples/tutorial/flaskr/blog.py,Python,.py,125,3430,2,True
flask,examples/tutorial/flaskr/db.py,Python,.py,56,1373,1,True
flask,examples/tutorial/flaskr/__init__.py,Python,.py,48,1454,3,True
flask,examples/tutorial/tests/conftest.py,Python,.py,62,1516,0,False
flask,examples/tutorial/tests/test_auth.py,Python,.py,69,2139,0,False
flask,examples/tutorial/tests/test_blog.py,Python,.py,83,2586,0,False
flask,examples/tutorial/tests/test_db.py,Python,.py,29,645,0,False
flask,examples/tutorial/tests/test_factory.py,Python,.py,12,310,0,False
flask,examples/javascript/js_example/views.py,Python,.py,18,447,2,True
flask,examples/javascript/js_example/__init__.py,Python,.py,5,96,1,True
flask,examples/javascript/tests/conftest.py,Python,.py,15,231,0,False
flask,examples/javascript/tests/test_js_example.py,Python,.py,27,754,1,True
flask,examples/celery/src/task_app/tasks.py,Python,.py,23,507,0,False
flask,examples/celery/src/task_app/views.py,Python,.py,38,992,0,False
flask,examples/celery/src/task_app/__init__.py,Python,.py,39,1063,1,True
requests,setup.py,Python,.py,9,188,19,True
requests,docs/conf.py,Python,.py,385,12533,3,True
requests,tests/compat.py,Python,.py,23,503,2,True
requests,tests/conftest.py,Python,.py,67,2001,2,True
requests,tests/test_adapters.py,Python,.py,8,322,2,True
requests,tests/test_help.py,Python,.py,27,866,2,True
requests,tests/test_hooks.py,Python,.py,22,446,1,True
requests,tests/test_lowlevel.py,Python,.py,428,15771,3,True
requests,tests/test_packages.py,Python,.py,13,242,0,False
requests,tests/test_requests.py,Python,.py,3094,111628,35,True
requests,tests/test_structures.py,Python,.py,91,2848,2,True
requests,tests/test_testserver.py,Python,.py,165,5712,2,True
requests,tests/test_utils.py,Python,.py,1013,32467,10,True
requests,tests/utils.py,Python,.py,17,383,1,True
requests,tests/__init__.py,Python,.py,14,483,2,True
requests,tests/testserver/server.py,Python,.py,176,5323,4,True
requests,tests/testserver/__init__.py,Python,.py,0,0,0,False
requests,src/requests/adapters.py,Python,.py,748,28740,17,True
requests,src/requests/api.py,Python,.py,180,7332,1,True
requests,src/requests/auth.py,Python,.py,354,12461,4,True
requests,src/requests/certs.py,Python,.py,18,448,1,True
requests,src/requests/compat.py,Python,.py,115,2609,6,True
requests,src/requests/cookies.py,Python,.py,625,22129,2,True
requests,src/requests/exceptions.py,Python,.py,162,4726,3,True
requests,src/requests/help.py,Python,.py,132,4200,4,True
requests,src/requests/hooks.py,Python,.py,48,1186,2,True
requests,src/requests/models.py,Python,.py,1184,42646,17,True
requests,src/requests/packages.py,Python,.py,23,927,5,True
requests,src/requests/sessions.py,Python,.py,920,34992,10,True
requests,src/requests/status_codes.py,Python,.py,128,4479,3,True
requests,src/requests/structures.py,Python,.py,130,4264,1,True
requests,src/requests/utils.py,Python,.py,1155,37216,18,True
requests,src/requests/_internal_utils.py,Python,.py,51,1593,3,True
requests,src/requests/_types.py,Python,.py,188,6229,7,True
requests,src/requests/__init__.py,Python,.py,219,5856,8,True
requests,src/requests/__version__.py,Python,.py,14,449,13,True
requests,docs/_themes/flask_theme_support.py,Python,.py,86,4961,0,False
pytest,bench/bench.py,Python,.py,17,400,0,False
pytest,bench/bench_argcomplete.py,Python,.py,22,653,0,False
pytest,bench/empty.py,Python,.py,5,103,0,False
pytest,bench/manyparam.py,Python,.py,16,221,0,False
pytest,bench/skip.py,Python,.py,12,178,0,False
pytest,bench/unit_test.py,Python,.py,16,307,0,False
pytest,bench/xunit.py,Python,.py,14,250,0,False
pytest,extra/get_issues.py,Python,.py,89,2459,0,False
pytest,scripts/diff-assert-rewrite.py,Python,.py,157,5926,2,True
pytest,scripts/generate-gh-release-notes.py,Python,.py,69,2224,0,False
pytest,scripts/prepare-release-pr.py,Python,.py,180,5169,0,False
pytest,scripts/release.py,Python,.py,148,5117,0,False
pytest,scripts/update-plugin-list.py,Python,.py,229,7804,0,False
pytest,src/py.py,Python,.py,15,344,0,False
pytest,testing/acceptance_test.py,Python,.py,1769,62969,1,True
pytest,testing/conftest.py,Python,.py,251,8316,3,True
pytest,testing/deprecated_test.py,Python,.py,367,12593,9,True
pytest,testing/test_argcomplete.py,Python,.py,99,3334,1,True
pytest,testing/test_assertion.py,Python,.py,3092,104590,18,True
pytest,testing/test_assertrewrite.py,Python,.py,2392,78394,13,True
pytest,testing/test_assertrewrite_coverage.py,Python,.py,1231,40925,3,True
pytest,testing/test_cacheprovider.py,Python,.py,1455,51465,2,True
pytest,testing/test_capture.py,Python,.py,1772,57678,1,True
pytest,testing/test_collection.py,Python,.py,2799,97386,0,False
pytest,testing/test_collect_imported_tests.py,Python,.py,102,2991,0,False
pytest,testing/test_compat.py,Python,.py,204,5153,0,False
pytest,testing/test_config.py,Python,.py,3508,124565,12,True
pytest,testing/test_conftest.py,Python,.py,1086,36018,6,True
pytest,testing/test_debugging.py,Python,.py,1442,48032,2,True
pytest,testing/test_doctest.py,Python,.py,1794,57213,5,True
pytest,testing/test_entry_points.py,Python,.py,10,325,0,False
pytest,testing/test_error_diffs.py,Python,.py,296,8971,1,True
pytest,testing/test_faulthandler.py,Python,.py,221,6961,0,False
pytest,testing/test_findpaths.py,Python,.py,266,10580,1,True
pytest,testing/test_helpconfig.py,Python,.py,170,5980,1,True
pytest,testing/test_junitxml.py,Python,.py,1886,63684,5,True
pytest,testing/test_legacypath.py,Python,.py,187,6056,1,True
pytest,testing/test_link_resolve.py,Python,.py,84,2463,0,False
pytest,testing/test_main.py,Python,.py,372,13169,0,False
pytest,testing/test_mark.py,Python,.py,1519,46582,5,True
pytest,testing/test_mark_expression.py,Python,.py,356,12094,2,True
pytest,testing/test_meta.py,Python,.py,34,827,0,False
pytest,testing/test_monkeypatch.py,Python,.py,501,14528,2,True
pytest,testing/test_nodes.py,Python,.py,164,5568,0,False
pytest,testing/test_parseopt.py,Python,.py,396,16605,2,True
pytest,testing/test_pastebin.py,Python,.py,212,7317,1,True
pytest,testing/test_pathlib.py,Python,.py,1791,65939,2,True
pytest,testing/test_pluginmanager.py,Python,.py,580,21581,2,True
pytest,testing/test_pytester.py,Python,.py,864,29067,1,True
pytest,testing/test_python_path.py,Python,.py,130,4195,0,False
pytest,testing/test_recwarn.py,Python,.py,655,25350,1,True
pytest,testing/test_reports.py,Python,.py,584,23224,2,True
pytest,testing/test_runner.py,Python,.py,1275,41561,0,False
pytest,testing/test_runner_xunit.py,Python,.py,297,8154,0,False
pytest,testing/test_scope.py,Python,.py,41,1423,0,False
pytest,testing/test_session.py,Python,.py,485,16020,1,True
pytest,testing/test_setuponly.py,Python,.py,321,8546,1,True
pytest,testing/test_setupplan.py,Python,.py,122,3656,0,False
pytest,testing/test_skipping.py,Python,.py,1569,47170,2,True
pytest,testing/test_stash.py,Python,.py,69,1945,0,False
pytest,testing/test_stepwise.py,Python,.py,545,16995,0,False
pytest,testing/test_subtests.py,Python,.py,1075,35923,0,False
pytest,testing/test_terminal.py,Python,.py,3578,122566,2,True
pytest,testing/test_threadexception.py,Python,.py,255,7437,0,False
pytest,testing/test_tmpdir.py,Python,.py,901,30851,9,True
pytest,testing/test_unittest.py,Python,.py,1743,53121,3,True
pytest,testing/test_unraisableexception.py,Python,.py,529,17216,1,True
pytest,testing/test_warnings.py,Python,.py,1155,39774,3,True
pytest,testing/test_warning_types.py,Python,.py,50,1558,0,False
pytest,testing/typing_checks.py,Python,.py,80,2005,1,True
pytest,testing/typing_raises_group.py,Python,.py,240,8604,0,False
pytest,testing/code/test_code.py,Python,.py,227,6260,1,True
pytest,testing/code/test_excinfo.py,Python,.py,2268,79483,6,True
pytest,testing/code/test_source.py,Python,.py,726,19047,2,True
pytest,testing/examples/test_issue519.py,Python,.py,9,248,0,False
pytest,testing/example_scripts/issue_519.py,Python,.py,54,1510,1,True
pytest,testing/example_scripts/__init__.py,Python,.py,0,0,0,False
pytest,testing/freeze/create_executable.py,Python,.py,16,479,0,False
pytest,testing/freeze/runtests_script.py,Python,.py,14,244,0,False
pytest,testing/freeze/tox_run.py,Python,.py,17,441,1,True
pytest,testing/io/test_pprint.py,Python,.py,711,21717,1,True
pytest,testing/io/test_saferepr.py,Python,.py,231,6362,0,False
pytest,testing/io/test_terminalwriter.py,Python,.py,325,10200,0,False
pytest,testing/io/test_wcwidth.py,Python,.py,40,901,0,False
pytest,testing/logging/test_fixture.py,Python,.py,544,18871,3,True
pytest,testing/logging/test_formatter.py,Python,.py,187,5594,1,True
pytest,testing/logging/test_reporting.py,Python,.py,1581,50158,1,True
pytest,testing/plugins_integration/bdd_wallet.py,Python,.py,42,723,0,False
pytest,testing/plugins_integration/django_settings.py,Python,.py,4,65,0,False
pytest,testing/plugins_integration/pytest_anyio_integration.py,Python,.py,11,172,0,False
pytest,testing/plugins_integration/pytest_asyncio_integration.py,Python,.py,11,178,0,False
pytest,testing/plugins_integration/pytest_mock_integration.py,Python,.py,6,118,0,False
pytest,testing/plugins_integration/pytest_rerunfailures_integration.py,Python,.py,13,317,0,False
pytest,testing/plugins_integration/pytest_trio_integration.py,Python,.py,11,169,0,False
pytest,testing/plugins_integration/pytest_twisted_integration.py,Python,.py,21,437,0,False
pytest,testing/plugins_integration/simple_integration.py,Python,.py,13,199,0,False
pytest,testing/python/approx.py,Python,.py,1548,58327,9,True
pytest,testing/python/collect.py,Python,.py,1751,58168,2,True
pytest,testing/python/fixtures.py,Python,.py,6224,199685,10,True
pytest,testing/python/integration.py,Python,.py,465,14541,0,False
pytest,testing/python/metafunc.py,Python,.py,2523,87423,8,True
pytest,testing/python/raises.py,Python,.py,515,19765,1,True
pytest,testing/python/raises_group.py,Python,.py,1370,57265,1,True
pytest,testing/python/show_fixtures_per_test.py,Python,.py,328,9957,0,False
pytest,testing/_py/test_local.py,Python,.py,1580,54212,1,True
pytest,testing/freeze/tests/test_trivial.py,Python,.py,10,180,0,False
pytest,testing/example_scripts/acceptance/fixture_mock_integration.py,Python,.py,21,380,0,False
pytest,testing/example_scripts/conftest_usageerror/conftest.py,Python,.py,12,235,0,False
pytest,testing/example_scripts/customdirectory/conftest.py,Python,.py,25,718,0,False
pytest,testing/example_scripts/dataclasses/test_compare_dataclasses.py,Python,.py,16,355,0,False
pytest,testing/example_scripts/dataclasses/test_compare_dataclasses_field_comparison_off.py,Python,.py,16,398,0,False
pytest,testing/example_scripts/dataclasses/test_compare_dataclasses_verbose.py,Python,.py,16,363,0,False
pytest,testing/example_scripts/dataclasses/test_compare_dataclasses_with_custom_eq.py,Python,.py,19,444,0,False
pytest,testing/example_scripts/dataclasses/test_compare_initvar.py,Python,.py,15,275,0,False
pytest,testing/example_scripts/dataclasses/test_compare_recursive_dataclasses.py,Python,.py,47,661,0,False
pytest,testing/example_scripts/dataclasses/test_compare_two_different_dataclasses.py,Python,.py,21,539,0,False
pytest,testing/example_scripts/fixtures/test_fixture_named_request.py,Python,.py,13,155,0,False
pytest,testing/example_scripts/fixtures/test_getfixturevalue_dynamic.py,Python,.py,23,344,0,False
pytest,testing/example_scripts/issue88_initial_file_multinodes/conftest.py,Python,.py,18,405,0,False
pytest,testing/example_scripts/issue88_initial_file_multinodes/test_hello.py,Python,.py,6,97,0,False
pytest,testing/example_scripts/tmpdir/tmp_path_fixture.py,Python,.py,10,236,0,False
pytest,testing/example_scripts/unittest/test_parametrized_fixture_error_message.py,Python,.py,17,302,0,False
pytest,testing/example_scripts/unittest/test_setup_skip.py,Python,.py,17,360,0,False
pytest,testing/example_scripts/unittest/test_setup_skip_class.py,Python,.py,18,387,0,False
pytest,testing/example_scripts/unittest/test_setup_skip_module.py,Python,.py,16,313,0,False
pytest,testing/example_scripts/unittest/test_unittest_asyncio.py,Python,.py,27,657,0,False
pytest,testing/example_scripts/unittest/test_unittest_asynctest.py,Python,.py,26,496,0,False
pytest,testing/example_scripts/unittest/test_unittest_plain_async.py,Python,.py,9,172,0,False
pytest,testing/example_scripts/warnings/test_group_warnings_by_message.py,Python,.py,24,357,0,False
pytest,testing/example_scripts/warnings/test_group_warnings_by_message_summary/test_1.py,Python,.py,24,359,0,False
pytest,testing/example_scripts/warnings/test_group_warnings_by_message_summary/test_2.py,Python,.py,8,127,0,False
pytest,testing/example_scripts/perf_examples/collect_stats/generate_folders.py,Python,.py,31,950,0,False
pytest,testing/example_scripts/perf_examples/collect_stats/template_test.py,Python,.py,6,93,0,False
pytest,testing/example_scripts/marks/marks_considered_keywords/conftest.py,Python,.py,0,0,0,False
pytest,testing/example_scripts/marks/marks_considered_keywords/test_marks_as_keywords.py,Python,.py,9,131,0,False
pytest,testing/example_scripts/fixtures/custom_item/conftest.py,Python,.py,18,393,0,False
pytest,testing/example_scripts/fixtures/fill_fixtures/test_detect_recursive_dependency_error.py,Python,.py,18,216,0,False
pytest,testing/example_scripts/fixtures/fill_fixtures/test_extend_fixture_module_class.py,Python,.py,18,297,0,False
pytest,testing/example_scripts/fixtures/fill_fixtures/test_funcarg_basic.py,Python,.py,18,260,0,False
pytest,testing/example_scripts/fixtures/fill_fixtures/test_funcarg_lookupfails.py,Python,.py,13,181,0,False
pytest,testing/example_scripts/fixtures/fill_fixtures/test_funcarg_lookup_classlevel.py,Python,.py,13,267,0,False
pytest,testing/example_scripts/fixtures/fill_fixtures/test_funcarg_lookup_modulelevel.py,Python,.py,18,337,0,False
pytest,testing/example_scripts/fixtures/fill_fixtures/test_extend_fixture_conftest_conftest/conftest.py,Python,.py,9,134,0,False
pytest,testing/example_scripts/fixtures/fill_fixtures/test_extend_fixture_conftest_module/conftest.py,Python,.py,9,134,0,False
pytest,testing/example_scripts/fixtures/fill_fixtures/test_extend_fixture_conftest_module/test_extend_fixture_conftest_module.py,Python,.py,13,197,0,False
pytest,testing/example_scripts/fixtures/fill_fixtures/test_extend_fixture_conftest_conftest/pkg/conftest.py,Python,.py,9,140,0,False
pytest,testing/example_scripts/fixtures/fill_fixtures/test_extend_fixture_conftest_conftest/pkg/test_spam.py,Python,.py,6,121,0,False
pytest,testing/example_scripts/fixtures/fill_fixtures/test_extend_fixture_conftest_conftest/pkg/__init__.py,Python,.py,0,0,0,False
pytest,testing/example_scripts/fixtures/fill_fixtures/test_conftest_funcargs_only_available_in_subdir/sub1/conftest.py,Python,.py,10,215,0,False
pytest,testing/example_scripts/fixtures/fill_fixtures/test_conftest_funcargs_only_available_in_subdir/sub1/test_in_sub1.py,Python,.py,6,97,0,False
pytest,testing/example_scripts/fixtures/fill_fixtures/test_conftest_funcargs_only_available_in_subdir/sub1/__init__.py,Python,.py,0,0,0,False
pytest,testing/example_scripts/fixtures/fill_fixtures/test_conftest_funcargs_only_available_in_subdir/sub2/conftest.py,Python,.py,11,257,0,False
pytest,testing/example_scripts/fixtures/fill_fixtures/test_conftest_funcargs_only_available_in_subdir/sub2/test_in_sub2.py,Python,.py,6,97,0,False
pytest,testing/example_scripts/fixtures/fill_fixtures/test_conftest_funcargs_only_available_in_subdir/sub2/__init__.py,Python,.py,0,0,0,False
pytest,testing/example_scripts/fixtures/custom_item/foo/test_foo.py,Python,.py,6,91,0,False
pytest,testing/example_scripts/fixtures/custom_item/foo/__init__.py,Python,.py,0,0,0,False
pytest,testing/example_scripts/doctest/main_py/test_normal_module.py,Python,.py,10,147,0,False
pytest,testing/example_scripts/doctest/main_py/__main__.py,Python,.py,6,114,0,False
pytest,testing/example_scripts/customdirectory/tests/test_first.py,Python,.py,7,121,0,False
pytest,testing/example_scripts/customdirectory/tests/test_second.py,Python,.py,7,122,0,False
pytest,testing/example_scripts/customdirectory/tests/test_third.py,Python,.py,7,121,0,False
pytest,testing/example_scripts/config/collect_pytest_prefix/conftest.py,Python,.py,5,75,0,False
pytest,testing/example_scripts/config/collect_pytest_prefix/test_foo.py,Python,.py,6,95,0,False
pytest,testing/example_scripts/collect/package_infinite_recursion/conftest.py,Python,.py,6,131,0,False
pytest,testing/example_scripts/collect/package_init_given_as_arg/pkg/test_foo.py,Python,.py,6,95,0,False
pytest,testing/example_scripts/collect/package_init_given_as_arg/pkg/__init__.py,Python,.py,6,96,0,False
pytest,testing/example_scripts/collect/package_infinite_recursion/tests/test_basic.py,Python,.py,6,91,0,False
pytest,testing/example_scripts/collect/package_infinite_recursion/tests/__init__.py,Python,.py,0,0,0,False
pytest,testing/example_scripts/collect/collect_init_tests/tests/test_foo.py,Python,.py,6,95,0,False
pytest,testing/example_scripts/collect/collect_init_tests/tests/__init__.py,Python,.py,6,96,0,False
pytest,src/pytest/__init__.py,Python,.py,190,5878,3,True
pytest,src/pytest/__main__.py,Python,.py,9,184,1,True
pytest,src/_pytest/approx.py,Python,.py,1016,40476,4,True
pytest,src/_pytest/cacheprovider.py,Python,.py,660,24234,1,True
pytest,src/_pytest/capture.py,Python,.py,1157,38709,2,True
pytest,src/_pytest/compat.py,Python,.py,329,10957,0,False
pytest,src/_pytest/debugging.py,Python,.py,404,14257,0,False
pytest,src/_pytest/deprecated.py,Python,.py,155,6406,11,True
pytest,src/_pytest/doctest.py,Python,.py,747,26677,3,True
pytest,src/_pytest/faulthandler.py,Python,.py,119,4369,0,False
pytest,src/_pytest/fixtures.py,Python,.py,2599,104808,20,True
pytest,src/_pytest/freeze_support.py,Python,.py,45,1345,0,False
pytest,src/_pytest/helpconfig.py,Python,.py,294,10382,1,True
pytest,src/_pytest/hookspec.py,Python,.py,1298,43398,3,True
pytest,src/_pytest/junitxml.py,Python,.py,707,26769,8,True
pytest,src/_pytest/legacypath.py,Python,.py,471,17304,1,True
pytest,src/_pytest/logging.py,Python,.py,978,37206,5,True
pytest,src/_pytest/main.py,Python,.py,1239,45293,4,True
pytest,src/_pytest/monkeypatch.py,Python,.py,430,15940,1,True
pytest,src/_pytest/nodes.py,Python,.py,771,27356,1,True
pytest,src/_pytest/outcomes.py,Python,.py,286,9085,0,False
pytest,src/_pytest/pastebin.py,Python,.py,121,4402,1,True
pytest,src/_pytest/pathlib.py,Python,.py,1105,40555,9,True
pytest,src/_pytest/pytester.py,Python,.py,1815,65293,3,True
pytest,src/_pytest/pytester_assertions.py,Python,.py,74,2327,0,False
pytest,src/_pytest/python.py,Python,.py,1842,73020,10,True
pytest,src/_pytest/raises.py,Python,.py,1507,61309,6,True
pytest,src/_pytest/recwarn.py,Python,.py,378,14208,1,True
pytest,src/_pytest/reports.py,Python,.py,694,23924,1,True
pytest,src/_pytest/runner.py,Python,.py,593,20939,2,True
pytest,src/_pytest/scope.py,Python,.py,91,2827,0,False
pytest,src/_pytest/setuponly.py,Python,.py,98,3265,0,False
pytest,src/_pytest/setupplan.py,Python,.py,39,1223,0,False
pytest,src/_pytest/skipping.py,Python,.py,321,11171,2,True
pytest,src/_pytest/stash.py,Python,.py,116,3206,0,False
pytest,src/_pytest/stepwise.py,Python,.py,209,7898,0,False
pytest,src/_pytest/subtests.py,Python,.py,418,13925,0,False
pytest,src/_pytest/terminal.py,Python,.py,1805,68195,6,True
pytest,src/_pytest/terminalprogress.py,Python,.py,30,1183,0,False
pytest,src/_pytest/threadexception.py,Python,.py,148,5040,1,True
pytest,src/_pytest/timing.py,Python,.py,97,3293,0,False
pytest,src/_pytest/tmpdir.py,Python,.py,346,13408,3,True
pytest,src/_pytest/tracemalloc.py,Python,.py,24,802,0,False
pytest,src/_pytest/unittest.py,Python,.py,651,25751,6,True
pytest,src/_pytest/unraisableexception.py,Python,.py,184,6668,3,True
pytest,src/_pytest/warnings.py,Python,.py,122,4007,1,True
pytest,src/_pytest/warning_types.py,Python,.py,166,4407,0,False
pytest,src/_pytest/_argcomplete.py,Python,.py,117,3893,0,False
pytest,src/_pytest/__init__.py,Python,.py,13,404,0,False
pytest,src/_pytest/assertion/compare_text.py,Python,.py,134,4676,4,True
pytest,src/_pytest/assertion/highlight.py,Python,.py,11,338,1,True
pytest,src/_pytest/assertion/rewrite.py,Python,.py,1185,48990,13,True
pytest,src/_pytest/assertion/truncate.py,Python,.py,159,6323,4,True
pytest,src/_pytest/assertion/util.py,Python,.py,191,7201,11,True
pytest,src/_pytest/assertion/_compare_any.py,Python,.py,139,5389,10,True
pytest,src/_pytest/assertion/_compare_mapping.py,Python,.py,72,2798,4,True
pytest,src/_pytest/assertion/_compare_sequence.py,Python,.py,96,3692,4,True
pytest,src/_pytest/assertion/_compare_set.py,Python,.py,101,2768,3,True
pytest,src/_pytest/assertion/_guards.py,Python,.py,61,2015,2,True
pytest,src/_pytest/assertion/_typing.py,Python,.py,35,1188,4,True
pytest,src/_pytest/assertion/__init__.py,Python,.py,258,9601,12,True
pytest,src/_pytest/config/argparsing.py,Python,.py,615,23347,4,True
pytest,src/_pytest/config/exceptions.py,Python,.py,15,330,0,False
pytest,src/_pytest/config/findpaths.py,Python,.py,507,18729,3,True
pytest,src/_pytest/config/__init__.py,Python,.py,2453,92440,17,True
pytest,src/_pytest/mark/expression.py,Python,.py,363,12049,2,True
pytest,src/_pytest/mark/structures.py,Python,.py,695,25205,5,True
pytest,src/_pytest/mark/__init__.py,Python,.py,323,10865,5,True
pytest,src/_pytest/_code/code.py,Python,.py,1681,62560,14,True
pytest,src/_pytest/_code/source.py,Python,.py,262,9549,4,True
pytest,src/_pytest/_code/__init__.py,Python,.py,26,547,0,False
pytest,src/_pytest/_io/pprint.py,Python,.py,698,22107,1,True
pytest,src/_pytest/_io/saferepr.py,Python,.py,155,5075,0,False
pytest,src/_pytest/_io/terminalwriter.py,Python,.py,258,9252,0,False
pytest,src/_pytest/_io/wcwidth.py,Python,.py,57,1346,0,False
pytest,src/_pytest/_io/__init__.py,Python,.py,10,200,0,False
pytest,src/_pytest/_py/error.py,Python,.py,119,3594,0,False
pytest,src/_pytest/_py/path.py,Python,.py,1475,50704,0,False
pytest,src/_pytest/_py/__init__.py,Python,.py,0,0,0,False
pytest,doc/en/conf.py,Python,.py,329,11910,2,True
pytest,doc/en/conftest.py,Python,.py,4,70,0,False
pytest,doc/en/example/conftest.py,Python,.py,4,91,0,False
pytest,doc/en/example/multipython.py,Python,.py,70,2028,0,False
pytest,doc/en/example/pythoncollection.py,Python,.py,15,251,0,False
pytest,doc/en/example/xfail_demo.py,Python,.py,41,526,0,False
pytest,doc/en/example/assertion/failure_demo.py,Python,.py,283,6004,0,False
pytest,doc/en/example/assertion/test_failures.py,Python,.py,16,480,0,False
pytest,doc/en/example/assertion/test_setup_flow_example.py,Python,.py,47,1336,0,False
pytest,doc/en/example/customdirectory/conftest.py,Python,.py,30,1101,0,False
pytest,doc/en/example/fixtures/test_fixtures_order_autouse.py,Python,.py,47,645,0,False
pytest,doc/en/example/fixtures/test_fixtures_order_autouse_multiple_scopes.py,Python,.py,33,593,0,False
pytest,doc/en/example/fixtures/test_fixtures_order_autouse_temp_effects.py,Python,.py,38,677,0,False
pytest,doc/en/example/fixtures/test_fixtures_order_dependencies.py,Python,.py,47,631,0,False
pytest,doc/en/example/fixtures/test_fixtures_order_scope.py,Python,.py,38,684,0,False
pytest,doc/en/example/fixtures/test_fixtures_request_different_scope.py,Python,.py,31,545,0,False
pytest,doc/en/example/nonpython/conftest.py,Python,.py,50,1599,0,False
pytest,doc/en/example/nonpython/__init__.py,Python,.py,0,0,0,False
pytest,doc/en/example/customdirectory/tests/test_first.py,Python,.py,6,93,0,False
pytest,doc/en/example/customdirectory/tests/test_second.py,Python,.py,6,94,0,False
pytest,doc/en/example/customdirectory/tests/test_third.py,Python,.py,6,93,0,False
pytest,doc/en/example/assertion/global_testmodule_config/conftest.py,Python,.py,17,383,0,False
pytest,doc/en/example/assertion/global_testmodule_config/test_hello_world.py,Python,.py,8,89,0,False
fastapi,fastapi/applications.py,Python,.py,4774,188614,3,True
fastapi,fastapi/background.py,Python,.py,61,1881,0,False
fastapi,fastapi/cli.py,Python,.py,13,467,1,True
fastapi,fastapi/concurrency.py,Python,.py,41,1530,0,False
fastapi,fastapi/datastructures.py,Python,.py,186,5507,0,False
fastapi,fastapi/encoders.py,Python,.py,366,12079,1,True
fastapi,fastapi/exceptions.py,Python,.py,256,7709,0,False
fastapi,fastapi/exception_handlers.py,Python,.py,34,1309,0,False
fastapi,fastapi/logger.py,Python,.py,3,57,0,False
fastapi,fastapi/params.py,Python,.py,754,26959,0,False
fastapi,fastapi/param_functions.py,Python,.py,2460,72056,0,False
fastapi,fastapi/requests.py,Python,.py,2,144,0,False
fastapi,fastapi/responses.py,Python,.py,98,4242,0,False
fastapi,fastapi/routing.py,Python,.py,6447,262079,15,True
fastapi,fastapi/sse.py,Python,.py,241,7324,2,True
fastapi,fastapi/staticfiles.py,Python,.py,1,70,0,False
fastapi,fastapi/templating.py,Python,.py,1,77,0,False
fastapi,fastapi/testclient.py,Python,.py,1,67,0,False
fastapi,fastapi/types.py,Python,.py,12,450,0,False
fastapi,fastapi/utils.py,Python,.py,136,4477,0,False
fastapi,fastapi/websockets.py,Python,.py,3,225,0,False
fastapi,fastapi/__init__.py,Python,.py,25,1106,23,True
fastapi,fastapi/__main__.py,Python,.py,3,40,0,False
fastapi,scripts/add_latest_release_date.py,Python,.py,40,1063,0,False
fastapi,scripts/deploy_docs_status.py,Python,.py,149,4701,1,True
fastapi,scripts/docs.py,Python,.py,919,33323,3,True
fastapi,scripts/doc_parsing_utils.py,Python,.py,733,24854,0,False
fastapi,scripts/label_approved.py,Python,.py,60,2305,1,True
fastapi,scripts/notify_translations.py,Python,.py,433,13394,1,True
fastapi,scripts/prepare_release.py,Python,.py,216,6883,0,False
fastapi,scripts/sponsors.py,Python,.py,222,6467,3,True
fastapi,scripts/topic_repos.py,Python,.py,81,2885,3,True
fastapi,scripts/translate.py,Python,.py,486,17425,4,True
fastapi,scripts/translation_fixer.py,Python,.py,133,3444,0,False
fastapi,scripts/translation_git.py,Python,.py,47,1361,1,True
fastapi,tests/forward_reference_type.py,Python,.py,9,205,0,False
fastapi,tests/main.py,Python,.py,208,4766,0,False
fastapi,tests/test_additional_properties.py,Python,.py,114,4352,0,False
fastapi,tests/test_additional_properties_bool.py,Python,.py,125,4476,0,False
fastapi,tests/test_additional_responses_bad.py,Python,.py,40,1157,0,False
fastapi,tests/test_additional_responses_custom_model_in_callback.py,Python,.py,147,6175,0,False
fastapi,tests/test_additional_responses_custom_validationerror.py,Python,.py,100,3353,0,False
fastapi,tests/test_additional_responses_default_validationerror.py,Python,.py,91,3500,0,False
fastapi,tests/test_additional_responses_response_class.py,Python,.py,117,4004,0,False
fastapi,tests/test_additional_responses_router.py,Python,.py,182,5886,0,False
fastapi,tests/test_additional_responses_union_duplicate_anyof.py,Python,.py,124,4529,0,False
fastapi,tests/test_additional_response_extra.py,Python,.py,52,1388,0,False
fastapi,tests/test_allow_inf_nan_in_enforcing.py,Python,.py,84,1907,0,False
fastapi,tests/test_ambiguous_params.py,Python,.py,74,2146,0,False
fastapi,tests/test_annotated.py,Python,.py,298,11023,0,False
fastapi,tests/test_application.py,Python,.py,1285,59581,0,False
fastapi,tests/test_arbitrary_types.py,Python,.py,135,4021,0,False
fastapi,tests/test_callable_endpoint.py,Python,.py,24,450,0,False
fastapi,tests/test_compat.py,Python,.py,140,4721,0,False
fastapi,tests/test_computed_fields.py,Python,.py,108,3960,0,False
fastapi,tests/test_custom_middleware_exception.py,Python,.py,96,3044,0,False
fastapi,tests/test_custom_route_class.py,Python,.py,116,3283,0,False
fastapi,tests/test_custom_schema_fields.py,Python,.py,62,1387,0,False
fastapi,tests/test_custom_swagger_ui_redirect.py,Python,.py,38,1129,0,False
fastapi,tests/test_datastructures.py,Python,.py,66,1992,0,False
fastapi,tests/test_datetime_custom_encoder.py,Python,.py,28,845,0,False
fastapi,tests/test_default_response_class.py,Python,.py,222,5709,0,False
fastapi,tests/test_default_response_class_router.py,Python,.py,206,5323,0,False
fastapi,tests/test_dependencies_utils.py,Python,.py,8,249,0,False
fastapi,tests/test_dependency_after_yield_raise.py,Python,.py,68,1842,0,False
fastapi,tests/test_dependency_after_yield_streaming.py,Python,.py,130,3442,0,False
fastapi,tests/test_dependency_after_yield_websockets.py,Python,.py,79,2084,0,False
fastapi,tests/test_dependency_cache.py,Python,.py,91,2878,0,False
fastapi,tests/test_dependency_class.py,Python,.py,154,4620,0,False
fastapi,tests/test_dependency_contextmanager.py,Python,.py,399,12162,0,False
fastapi,tests/test_dependency_contextvars.py,Python,.py,52,1620,0,False
fastapi,tests/test_dependency_duplicates.py,Python,.py,237,9230,0,False
fastapi,tests/test_dependency_models.py,Python,.py,204,6363,3,True
fastapi,tests/test_dependency_overrides.py,Python,.py,389,11846,0,False
fastapi,tests/test_dependency_paramless.py,Python,.py,77,2447,0,False
fastapi,tests/test_dependency_partial.py,Python,.py,251,6744,0,False
fastapi,tests/test_dependency_pep695.py,Python,.py,27,655,0,False
fastapi,tests/test_dependency_security_overrides.py,Python,.py,63,1494,0,False
fastapi,tests/test_dependency_wrapped.py,Python,.py,449,11936,0,False
fastapi,tests/test_dependency_yield_except_httpexception.py,Python,.py,72,2033,0,False
fastapi,tests/test_dependency_yield_scope.py,Python,.py,245,7082,0,False
fastapi,tests/test_dependency_yield_scope_websockets.py,Python,.py,200,6377,0,False
fastapi,tests/test_depends_hashable.py,Python,.py,25,621,0,False
fastapi,tests/test_deprecated_openapi_prefix.py,Python,.py,45,1371,0,False
fastapi,tests/test_deprecated_responses.py,Python,.py,79,2367,0,False
fastapi,tests/test_dump_json_fast_path.py,Python,.py,51,1527,0,False
fastapi,tests/test_duplicate_models_openapi.py,Python,.py,84,2554,0,False
fastapi,tests/test_empty_router.py,Python,.py,36,841,0,False
fastapi,tests/test_enforce_once_required_parameter.py,Python,.py,115,4269,0,False
fastapi,tests/test_exception_handlers.py,Python,.py,88,2592,0,False
fastapi,tests/test_extra_routes.py,Python,.py,370,15441,0,False
fastapi,tests/test_fastapi_cli.py,Python,.py,34,900,0,False
fastapi,tests/test_file_and_form_order_issue_9116.py,Python,.py,89,2393,0,False
fastapi,tests/test_filter_pydantic_sub_model_pv2.py,Python,.py,182,7031,0,False
fastapi,tests/test_forms_from_non_typing_sequences.py,Python,.py,46,1248,0,False
fastapi,tests/test_forms_single_model.py,Python,.py,141,3593,0,False
fastapi,tests/test_forms_single_param.py,Python,.py,109,4301,0,False
fastapi,tests/test_form_default.py,Python,.py,34,863,0,False
fastapi,tests/test_frontend.py,Python,.py,1406,43866,6,True
fastapi,tests/test_generate_unique_id_function.py,Python,.py,1699,78459,0,False
fastapi,tests/test_generic_parameterless_depends.py,Python,.py,79,2102,0,False
fastapi,tests/test_get_model_definitions_formfeed_escape.py,Python,.py,160,6263,0,False
fastapi,tests/test_get_request_body.py,Python,.py,114,4425,0,False
fastapi,tests/test_http_connection_injection.py,Python,.py,39,1011,0,False
fastapi,tests/test_include_route.py,Python,.py,22,518,0,False
fastapi,tests/test_include_router_defaults_overrides.py,Python,.py,7304,402167,0,False
fastapi,tests/test_infer_param_optionality.py,Python,.py,337,13852,0,False
fastapi,tests/test_inherited_custom_class.py,Python,.py,67,1864,0,False
fastapi,tests/test_invalid_path_param.py,Python,.py,75,1741,0,False
fastapi,tests/test_invalid_sequence_param.py,Python,.py,63,1608,0,False
fastapi,tests/test_jsonable_encoder.py,Python,.py,345,10929,2,True
fastapi,tests/test_json_type.py,Python,.py,63,1757,0,False
fastapi,tests/test_list_bytes_file_order_preserved_issue_14811.py,Python,.py,46,1457,0,False
fastapi,tests/test_local_docs.py,Python,.py,67,2615,0,False
fastapi,tests/test_multipart_installation.py,Python,.py,149,5958,0,False
fastapi,tests/test_multi_body_errors.py,Python,.py,191,7066,0,False
fastapi,tests/test_multi_query_errors.py,Python,.py,122,4626,0,False
fastapi,tests/test_nested_annotated_in_sequence.py,Python,.py,143,5318,1,True
fastapi,tests/test_no_schema_split.py,Python,.py,176,6829,0,False
fastapi,tests/test_no_swagger_ui_redirect.py,Python,.py,31,817,0,False
fastapi,tests/test_openapi_cache_root_path.py,Python,.py,75,2423,0,False
fastapi,tests/test_openapi_examples.py,Python,.py,422,17171,0,False
fastapi,tests/test_openapi_model_description_trim_on_formfeed.py,Python,.py,31,691,0,False
fastapi,tests/test_openapi_query_parameter_extension.py,Python,.py,131,5032,0,False
fastapi,tests/test_openapi_route_extensions.py,Python,.py,45,1318,0,False
fastapi,tests/test_openapi_schema_type.py,Python,.py,24,746,0,False
fastapi,tests/test_openapi_separate_input_output_schemas.py,Python,.py,676,29170,0,False
fastapi,tests/test_openapi_servers.py,Python,.py,60,1819,0,False
fastapi,tests/test_operations_signatures.py,Python,.py,22,956,0,False
fastapi,tests/test_optional_file_list.py,Python,.py,28,817,0,False
fastapi,tests/test_orjson_response_class.py,Python,.py,32,976,0,False
fastapi,tests/test_params_repr.py,Python,.py,114,2435,0,False
fastapi,tests/test_param_class.py,Python,.py,25,629,0,False
fastapi,tests/test_param_include_in_schema.py,Python,.py,246,9094,0,False
fastapi,tests/test_param_in_path_and_dependency.py,Python,.py,99,3747,0,False
fastapi,tests/test_path.py,Python,.py,780,21783,0,False
fastapi,tests/test_prepare_release.py,Python,.py,307,7707,0,False
fastapi,tests/test_put_no_body.py,Python,.py,103,3992,0,False
fastapi,tests/test_pydanticv2_dataclasses_uuid_stringified_annotations.py,Python,.py,51,1182,0,False
fastapi,tests/test_pydantic_v1_error.py,Python,.py,96,2443,0,False
fastapi,tests/test_query.py,Python,.py,277,7825,0,False
fastapi,tests/test_query_cookie_header_model_extra_params.py,Python,.py,140,3422,0,False
fastapi,tests/test_read_with_orm_mode.py,Python,.py,43,1258,0,False
fastapi,tests/test_regex_deprecated_body.py,Python,.py,154,5644,0,False
fastapi,tests/test_regex_deprecated_params.py,Python,.py,146,5355,0,False
fastapi,tests/test_repeated_cookie_headers.py,Python,.py,34,826,0,False
fastapi,tests/test_repeated_dependency_schema.py,Python,.py,109,4184,0,False
fastapi,tests/test_repeated_parameter_alias.py,Python,.py,106,4368,0,False
fastapi,tests/test_request_body_parameters_media_type.py,Python,.py,184,7528,0,False
fastapi,tests/test_request_param_model_by_alias.py,Python,.py,72,2254,0,False
fastapi,tests/test_required_noneable.py,Python,.py,60,1546,0,False
fastapi,tests/test_response_by_alias.py,Python,.py,330,12275,0,False
fastapi,tests/test_response_change_status_code.py,Python,.py,26,615,0,False
fastapi,tests/test_response_class_no_mediatype.py,Python,.py,114,3844,0,False
fastapi,tests/test_response_code_no_body.py,Python,.py,115,3717,0,False
fastapi,tests/test_response_dependency.py,Python,.py,173,5479,0,False
fastapi,tests/test_response_model_as_return_annotation.py,Python,.py,1121,53090,0,False
fastapi,tests/test_response_model_data_filter.py,Python,.py,79,1780,0,False
fastapi,tests/test_response_model_data_filter_no_inheritance.py,Python,.py,81,1802,0,False
fastapi,tests/test_response_model_default_factory.py,Python,.py,47,1311,0,False
fastapi,tests/test_response_model_include_exclude.py,Python,.py,175,4293,0,False
fastapi,tests/test_response_model_invalid.py,Python,.py,43,1142,0,False
fastapi,tests/test_response_model_sub_types.py,Python,.py,161,6094,0,False
fastapi,tests/test_response_set_response_code_empty.py,Python,.py,104,3827,0,False
fastapi,tests/test_return_none_stringified_annotations.py,Python,.py,17,448,0,False
fastapi,tests/test_router_circular_import.py,Python,.py,12,329,0,False
fastapi,tests/test_router_events.py,Python,.py,378,12665,0,False
fastapi,tests/test_router_include_context.py,Python,.py,1075,33235,2,True
fastapi,tests/test_router_prefix_with_template.py,Python,.py,23,507,0,False
fastapi,tests/test_router_redirect_slashes.py,Python,.py,40,1014,0,False
fastapi,tests/test_route_scope.py,Python,.py,50,1580,0,False
fastapi,tests/test_schema_compat_pydantic_v2.py,Python,.py,121,4401,0,False
fastapi,tests/test_schema_extra_examples.py,Python,.py,857,36389,0,False
fastapi,tests/test_schema_ref_pydantic_v2.py,Python,.py,68,2232,0,False
fastapi,tests/test_security_api_key_cookie.py,Python,.py,70,2227,0,False
fastapi,tests/test_security_api_key_cookie_description.py,Python,.py,75,2420,0,False
fastapi,tests/test_security_api_key_cookie_optional.py,Python,.py,74,2341,0,False
fastapi,tests/test_security_api_key_header.py,Python,.py,70,2167,0,False
fastapi,tests/test_security_api_key_header_description.py,Python,.py,75,2360,0,False
fastapi,tests/test_security_api_key_header_optional.py,Python,.py,73,2273,0,False
fastapi,tests/test_security_api_key_query.py,Python,.py,70,2146,0,False
fastapi,tests/test_security_api_key_query_description.py,Python,.py,75,2331,0,False
fastapi,tests/test_security_api_key_query_optional.py,Python,.py,73,2252,0,False
fastapi,tests/test_security_http_base.py,Python,.py,64,2318,0,False
fastapi,tests/test_security_http_base_description.py,Python,.py,64,2265,0,False
fastapi,tests/test_security_http_base_optional.py,Python,.py,61,2106,0,False
fastapi,tests/test_security_http_basic_optional.py,Python,.py,79,2830,0,False
fastapi,tests/test_security_http_basic_realm.py,Python,.py,78,2843,0,False
fastapi,tests/test_security_http_basic_realm_description.py,Python,.py,84,3049,0,False
fastapi,tests/test_security_http_bearer.py,Python,.py,65,2378,0,False
fastapi,tests/test_security_http_bearer_description.py,Python,.py,71,2598,0,False
fastapi,tests/test_security_http_bearer_optional.py,Python,.py,67,2374,0,False
fastapi,tests/test_security_http_digest.py,Python,.py,67,2405,0,False
fastapi,tests/test_security_http_digest_description.py,Python,.py,73,2611,0,False
fastapi,tests/test_security_http_digest_optional.py,Python,.py,69,2401,0,False
fastapi,tests/test_security_oauth2.py,Python,.py,280,10322,0,False
fastapi,tests/test_security_oauth2_authorization_code_bearer.py,Python,.py,82,2806,0,False
fastapi,tests/test_security_oauth2_authorization_code_bearer_description.py,Python,.py,80,2683,0,False
fastapi,tests/test_security_oauth2_authorization_code_bearer_scopes_openapi.py,Python,.py,197,6956,0,False
fastapi,tests/test_security_oauth2_authorization_code_bearer_scopes_openapi_simple.py,Python,.py,80,2738,0,False
fastapi,tests/test_security_oauth2_optional.py,Python,.py,281,10269,0,False
fastapi,tests/test_security_oauth2_optional_description.py,Python,.py,283,10415,0,False
fastapi,tests/test_security_oauth2_password_bearer_optional.py,Python,.py,70,2350,0,False
fastapi,tests/test_security_oauth2_password_bearer_optional_description.py,Python,.py,75,2501,0,False
fastapi,tests/test_security_openid_connect.py,Python,.py,79,2594,0,False
fastapi,tests/test_security_openid_connect_description.py,Python,.py,82,2720,0,False
fastapi,tests/test_security_openid_connect_optional.py,Python,.py,82,2700,0,False
fastapi,tests/test_security_scopes.py,Python,.py,45,1051,0,False
fastapi,tests/test_security_scopes_dont_propagate.py,Python,.py,44,1017,0,False
fastapi,tests/test_security_scopes_sub_dependency.py,Python,.py,107,3063,0,False
fastapi,tests/test_serialize_response.py,Python,.py,55,1428,0,False
fastapi,tests/test_serialize_response_dataclass.py,Python,.py,193,5151,0,False
fastapi,tests/test_serialize_response_model.py,Python,.py,152,4381,1,True
fastapi,tests/test_skip_defaults.py,Python,.py,125,3161,2,True
fastapi,tests/test_sse.py,Python,.py,490,16023,3,True
fastapi,tests/test_starlette_exception.py,Python,.py,209,8502,0,False
fastapi,tests/test_starlette_urlconvertors.py,Python,.py,63,1741,0,False
fastapi,tests/test_stream_bare_type.py,Python,.py,74,2202,1,True
fastapi,tests/test_stream_cancellation.py,Python,.py,89,2840,0,False
fastapi,tests/test_stream_json_validation_error.py,Python,.py,40,1031,0,False
fastapi,tests/test_stream_status_code.py,Python,.py,452,20222,1,True
fastapi,tests/test_strict_content_type_app_level.py,Python,.py,44,1197,0,False
fastapi,tests/test_strict_content_type_nested.py,Python,.py,91,2867,0,False
fastapi,tests/test_strict_content_type_router_level.py,Python,.py,61,1781,0,False
fastapi,tests/test_stringified_annotations_simple.py,Python,.py,27,572,0,False
fastapi,tests/test_stringified_annotation_dependency.py,Python,.py,79,2349,0,False
fastapi,tests/test_stringified_annotation_dependency_py314.py,Python,.py,30,741,0,False
fastapi,tests/test_sub_callbacks.py,Python,.py,306,14904,0,False
fastapi,tests/test_swagger_ui_escape.py,Python,.py,37,1204,0,False
fastapi,tests/test_swagger_ui_init_oauth.py,Python,.py,28,746,0,False
fastapi,tests/test_top_level_security_scheme_in_openapi.py,Python,.py,60,1962,0,False
fastapi,tests/test_translate.py,Python,.py,63,2158,1,True
fastapi,tests/test_tuples.py,Python,.py,276,11306,0,False
fastapi,tests/test_typing_python39.py,Python,.py,24,733,0,False
fastapi,tests/test_union_body.py,Python,.py,134,5156,0,False
fastapi,tests/test_union_body_discriminator.py,Python,.py,204,9168,0,False
fastapi,tests/test_union_body_discriminator_annotated.py,Python,.py,203,8246,0,False
fastapi,tests/test_union_forms.py,Python,.py,163,6156,0,False
fastapi,tests/test_union_inherited_body.py,Python,.py,142,5569,0,False
fastapi,tests/test_validate_response.py,Python,.py,82,2059,0,False
fastapi,tests/test_validate_response_dataclass.py,Python,.py,51,1218,0,False
fastapi,tests/test_validation_error_context.py,Python,.py,168,4977,0,False
fastapi,tests/test_webhooks_security.py,Python,.py,137,5528,0,False
fastapi,tests/test_wrapped_method_forward_reference.py,Python,.py,31,1028,0,False
fastapi,tests/test_ws_dependencies.py,Python,.py,72,2236,0,False
fastapi,tests/test_ws_router.py,Python,.py,271,7922,0,False
fastapi,tests/utils.py,Python,.py,29,745,0,False
fastapi,tests/__init__.py,Python,.py,0,0,0,False
fastapi,tests/benchmarks/test_general_performance.py,Python,.py,399,11792,0,False
fastapi,tests/benchmarks/test_openapi.py,Python,.py,33,886,1,True
fastapi,tests/benchmarks/utils.py,Python,.py,51,1498,1,True
fastapi,tests/benchmarks/__init__.py,Python,.py,0,0,0,False
fastapi,tests/memory_benchmarks/test_dependency_graph.py,Python,.py,86,2475,1,True
fastapi,tests/memory_benchmarks/test_openapi.py,Python,.py,33,886,1,True
fastapi,tests/memory_benchmarks/test_route_dependency_graph.py,Python,.py,64,1802,1,True
fastapi,tests/memory_benchmarks/__init__.py,Python,.py,0,0,1,True
fastapi,tests/test_modules_same_name_body/test_main.py,Python,.py,156,6522,0,False
fastapi,tests/test_modules_same_name_body/__init__.py,Python,.py,0,0,0,False
fastapi,tests/test_request_params/__init__.py,Python,.py,0,0,0,False
fastapi,tests/test_tutorial/__init__.py,Python,.py,0,0,0,False
fastapi,tests/test_validate_response_recursive/app.py,Python,.py,47,1198,0,False
fastapi,tests/test_validate_response_recursive/test_validate_response_recursive.py,Python,.py,30,866,0,False
fastapi,tests/test_validate_response_recursive/__init__.py,Python,.py,0,0,0,False
fastapi,tests/test_tutorial/test_additional_responses/test_tutorial001.py,Python,.py,127,5340,0,False
fastapi,tests/test_tutorial/test_additional_responses/test_tutorial002.py,Python,.py,140,5571,0,False
fastapi,tests/test_tutorial/test_additional_responses/test_tutorial003.py,Python,.py,131,5584,0,False
fastapi,tests/test_tutorial/test_additional_responses/test_tutorial004.py,Python,.py,143,5781,0,False
fastapi,tests/test_tutorial/test_additional_responses/__init__.py,Python,.py,0,0,0,False
fastapi,tests/test_tutorial/test_additional_status_codes/test_tutorial001.py,Python,.py,32,966,0,False
fastapi,tests/test_tutorial/test_additional_status_codes/__init__.py,Python,.py,0,0,0,False
fastapi,tests/test_tutorial/test_advanced_middleware/test_tutorial001.py,Python,.py,14,494,0,False
fastapi,tests/test_tutorial/test_advanced_middleware/test_tutorial002.py,Python,.py,15,591,0,False
fastapi,tests/test_tutorial/test_advanced_middleware/test_tutorial003.py,Python,.py,22,693,0,False
fastapi,tests/test_tutorial/test_advanced_middleware/__init__.py,Python,.py,0,0,0,False
fastapi,tests/test_tutorial/test_async_tests/test_main_a.py,Python,.py,8,163,0,False
fastapi,tests/test_tutorial/test_async_tests/__init__.py,Python,.py,0,0,0,False
fastapi,tests/test_tutorial/test_authentication_error_status_code/test_tutorial001.py,Python,.py,66,1997,0,False
fastapi,tests/test_tutorial/test_authentication_error_status_code/__init__.py,Python,.py,0,0,0,False
fastapi,tests/test_tutorial/test_background_tasks/test_tutorial001.py,Python,.py,21,656,0,False
fastapi,tests/test_tutorial/test_background_tasks/test_tutorial002.py,Python,.py,34,1002,0,False
fastapi,tests/test_tutorial/test_background_tasks/__init__.py,Python,.py,0,0,0,False
fastapi,tests/test_tutorial/test_behind_a_proxy/test_tutorial001.py,Python,.py,38,1230,0,False
fastapi,tests/test_tutorial/test_behind_a_proxy/test_tutorial001_01.py,Python,.py,21,566,0,False
fastapi,tests/test_tutorial/test_behind_a_proxy/test_tutorial002.py,Python,.py,38,1209,0,False
fastapi,tests/test_tutorial/test_behind_a_proxy/test_tutorial003.py,Python,.py,48,1560,0,False
fastapi,tests/test_tutorial/test_behind_a_proxy/test_tutorial004.py,Python,.py,47,1523,0,False
fastapi,tests/test_tutorial/test_behind_a_proxy/__init__.py,Python,.py,0,0,0,False
fastapi,tests/test_tutorial/test_bigger_applications/test_main.py,Python,.py,606,23935,0,False
fastapi,tests/test_tutorial/test_bigger_applications/__init__.py,Python,.py,0,0,0,False
fastapi,tests/test_tutorial/test_body/test_tutorial001.py,Python,.py,346,11679,0,False
fastapi,tests/test_tutorial/test_body/test_tutorial002.py,Python,.py,166,6111,0,False
fastapi,tests/test_tutorial/test_body/test_tutorial003.py,Python,.py,177,6453,0,False
fastapi,tests/test_tutorial/test_body/test_tutorial004.py,Python,.py,188,6943,0,False
fastapi,tests/test_tutorial/test_body/__init__.py,Python,.py,0,0,0,False
fastapi,tests/test_tutorial/test_body_fields/test_tutorial001.py,Python,.py,189,7284,0,False
fastapi,tests/test_tutorial/test_body_fields/__init__.py,Python,.py,0,0,0,False
fastapi,tests/test_tutorial/test_body_multiple_params/test_tutorial001.py,Python,.py,185,7270,0,False
fastapi,tests/test_tutorial/test_body_multiple_params/test_tutorial002.py,Python,.py,368,12428,0,False
fastapi,tests/test_tutorial/test_body_multiple_params/test_tutorial003.py,Python,.py,225,8473,0,False
fastapi,tests/test_tutorial/test_body_multiple_params/test_tutorial004.py,Python,.py,295,10501,0,False
fastapi,tests/test_tutorial/test_body_multiple_params/test_tutorial005.py,Python,.py,275,9381,0,False
fastapi,tests/test_tutorial/test_body_multiple_params/__init__.py,Python,.py,0,0,0,False
fastapi,tests/test_tutorial/test_body_nested_models/test_tutorial001_tutorial002_tutorial003.py,Python,.py,256,8992,0,False
fastapi,tests/test_tutorial/test_body_nested_models/test_tutorial004.py,Python,.py,281,10010,0,False
fastapi,tests/test_tutorial/test_body_nested_models/test_tutorial005.py,Python,.py,307,10868,0,False
fastapi,tests/test_tutorial/test_body_nested_models/test_tutorial006.py,Python,.py,275,9990,0,False
fastapi,tests/test_tutorial/test_body_nested_models/test_tutorial007.py,Python,.py,350,12262,0,False
fastapi,tests/test_tutorial/test_body_nested_models/test_tutorial008.py,Python,.py,164,6318,0,False
fastapi,tests/test_tutorial/test_body_nested_models/test_tutorial009.py,Python,.py,123,4730,0,False
fastapi,tests/test_tutorial/test_body_nested_models/__init__.py,Python,.py,0,0,0,False
fastapi,tests/test_tutorial/test_body_updates/test_tutorial001.py,Python,.py,192,7708,0,False
fastapi,tests/test_tutorial/test_body_updates/test_tutorial002.py,Python,.py,213,8198,0,False
fastapi,tests/test_tutorial/test_body_updates/__init__.py,Python,.py,0,0,0,False
fastapi,tests/test_tutorial/test_conditional_openapi/test_tutorial001.py,Python,.py,61,1914,0,False
fastapi,tests/test_tutorial/test_conditional_openapi/__init__.py,Python,.py,0,0,0,False
fastapi,tests/test_tutorial/test_configure_swagger_ui/test_tutorial001.py,Python,.py,41,1462,0,False
fastapi,tests/test_tutorial/test_configure_swagger_ui/test_tutorial002.py,Python,.py,44,1617,0,False
fastapi,tests/test_tutorial/test_configure_swagger_ui/test_tutorial003.py,Python,.py,44,1584,0,False
fastapi,tests/test_tutorial/test_configure_swagger_ui/__init__.py,Python,.py,0,0,0,False
fastapi,tests/test_tutorial/test_cookie_params/test_tutorial001.py,Python,.py,124,4743,0,False
fastapi,tests/test_tutorial/test_cookie_params/__init__.py,Python,.py,0,0,0,False
fastapi,tests/test_tutorial/test_cookie_param_models/test_tutorial001.py,Python,.py,171,6427,0,False
fastapi,tests/test_tutorial/test_cookie_param_models/test_tutorial002.py,Python,.py,181,6719,0,False
fastapi,tests/test_tutorial/test_cookie_param_models/__init__.py,Python,.py,0,0,0,False
fastapi,tests/test_tutorial/test_cors/test_tutorial001.py,Python,.py,37,1321,0,False
fastapi,tests/test_tutorial/test_cors/__init__.py,Python,.py,0,0,0,False
fastapi,tests/test_tutorial/test_custom_docs_ui/test_tutorial001.py,Python,.py,48,1479,0,False
fastapi,tests/test_tutorial/test_custom_docs_ui/test_tutorial002.py,Python,.py,48,1397,0,False
fastapi,tests/test_tutorial/test_custom_docs_ui/__init__.py,Python,.py,0,0,0,False
fastapi,tests/test_tutorial/test_custom_request_and_route/test_tutorial001.py,Python,.py,46,1324,0,False
fastapi,tests/test_tutorial/test_custom_request_and_route/test_tutorial002.py,Python,.py,44,1320,0,False
fastapi,tests/test_tutorial/test_custom_request_and_route/test_tutorial003.py,Python,.py,32,884,0,False
fastapi,tests/test_tutorial/test_custom_request_and_route/__init__.py,Python,.py,0,0,0,False
fastapi,tests/test_tutorial/test_custom_response/test_tutorial001.py,Python,.py,52,1674,0,False
fastapi,tests/test_tutorial/test_custom_response/test_tutorial001b.py,Python,.py,47,1594,0,False
fastapi,tests/test_tutorial/test_custom_response/test_tutorial002_tutorial003_tutorial004.py,Python,.py,71,2050,0,False
fastapi,tests/test_tutorial/test_custom_response/test_tutorial005.py,Python,.py,39,1224,0,False
fastapi,tests/test_tutorial/test_custom_response/test_tutorial006.py,Python,.py,37,1231,0,False
fastapi,tests/test_tutorial/test_custom_response/test_tutorial006b.py,Python,.py,32,1046,0,False
fastapi,tests/test_tutorial/test_custom_response/test_tutorial006c.py,Python,.py,32,1046,0,False
fastapi,tests/test_tutorial/test_custom_response/test_tutorial007.py,Python,.py,11,281,0,False
fastapi,tests/test_tutorial/test_custom_response/test_tutorial008.py,Python,.py,18,563,0,False
fastapi,tests/test_tutorial/test_custom_response/test_tutorial009.py,Python,.py,18,563,0,False
fastapi,tests/test_tutorial/test_custom_response/test_tutorial009b.py,Python,.py,18,566,0,False
fastapi,tests/test_tutorial/test_custom_response/test_tutorial009c.py,Python,.py,13,303,0,False
fastapi,tests/test_tutorial/test_custom_response/test_tutorial010.py,Python,.py,50,1587,0,False
fastapi,tests/test_tutorial/test_custom_response/__init__.py,Python,.py,0,0,0,False
fastapi,tests/test_tutorial/test_dataclasses/test_tutorial001.py,Python,.py,142,5449,0,False
fastapi,tests/test_tutorial/test_dataclasses/test_tutorial002.py,Python,.py,88,3049,0,False
fastapi,tests/test_tutorial/test_dataclasses/test_tutorial003.py,Python,.py,210,8338,0,False
fastapi,tests/test_tutorial/test_dataclasses/__init__.py,Python,.py,0,0,0,False
fastapi,tests/test_tutorial/test_debugging/test_tutorial001.py,Python,.py,65,1996,0,False
fastapi,tests/test_tutorial/test_debugging/__init__.py,Python,.py,0,0,0,False
fastapi,tests/test_tutorial/test_dependencies/test_tutorial001_tutorial001_02.py,Python,.py,192,8072,0,False
fastapi,tests/test_tutorial/test_dependencies/test_tutorial002_tutorial003_tutorial004.py,Python,.py,180,6657,0,False
fastapi,tests/test_tutorial/test_dependencies/test_tutorial005.py,Python,.py,144,5273,0,False
fastapi,tests/test_tutorial/test_dependencies/test_tutorial006.py,Python,.py,150,5586,0,False
fastapi,tests/test_tutorial/test_dependencies/test_tutorial007.py,Python,.py,24,668,0,False
fastapi,tests/test_tutorial/test_dependencies/test_tutorial008.py,Python,.py,64,1589,0,False
fastapi,tests/test_tutorial/test_dependencies/test_tutorial008b.py,Python,.py,36,1068,0,False
fastapi,tests/test_tutorial/test_dependencies/test_tutorial008c.py,Python,.py,47,1461,0,False
fastapi,tests/test_tutorial/test_dependencies/test_tutorial008d.py,Python,.py,48,1443,0,False
fastapi,tests/test_tutorial/test_dependencies/test_tutorial008e.py,Python,.py,24,600,0,False
fastapi,tests/test_tutorial/test_dependencies/test_tutorial010.py,Python,.py,29,719,0,False
fastapi,tests/test_tutorial/test_dependencies/test_tutorial011.py,Python,.py,127,4641,0,False
fastapi,tests/test_tutorial/test_dependencies/test_tutorial012.py,Python,.py,233,8832,0,False
fastapi,tests/test_tutorial/test_dependencies/__init__.py,Python,.py,0,0,0,False
fastapi,tests/test_tutorial/test_encoder/test_tutorial001.py,Python,.py,212,7745,0,False
fastapi,tests/test_tutorial/test_encoder/__init__.py,Python,.py,0,0,0,False
fastapi,tests/test_tutorial/test_events/test_tutorial001.py,Python,.py,100,4356,0,False
fastapi,tests/test_tutorial/test_events/test_tutorial002.py,Python,.py,50,1673,0,False
fastapi,tests/test_tutorial/test_events/test_tutorial003.py,Python,.py,100,4402,0,False
fastapi,tests/test_tutorial/test_events/__init__.py,Python,.py,0,0,0,False
fastapi,tests/test_tutorial/test_extending_openapi/test_tutorial001.py,Python,.py,50,1762,0,False
fastapi,tests/test_tutorial/test_extending_openapi/__init__.py,Python,.py,0,0,0,False
fastapi,tests/test_tutorial/test_extra_data_types/test_tutorial001.py,Python,.py,163,6647,0,False
fastapi,tests/test_tutorial/test_extra_data_types/__init__.py,Python,.py,0,0,0,False
fastapi,tests/test_tutorial/test_extra_models/test_tutorial001_tutorial002.py,Python,.py,161,6420,0,False
fastapi,tests/test_tutorial/test_extra_models/test_tutorial003.py,Python,.py,158,6408,0,False
fastapi,tests/test_tutorial/test_extra_models/test_tutorial004.py,Python,.py,75,2633,0,False
fastapi,tests/test_tutorial/test_extra_models/test_tutorial005.py,Python,.py,57,1968,0,False
fastapi,tests/test_tutorial/test_extra_models/__init__.py,Python,.py,0,0,0,False
fastapi,tests/test_tutorial/test_first_steps/test_tutorial001_tutorial002_tutorial003.py,Python,.py,56,1662,0,False
fastapi,tests/test_tutorial/test_first_steps/__init__.py,Python,.py,0,0,0,False
fastapi,tests/test_tutorial/test_generate_clients/test_tutorial001.py,Python,.py,153,6302,0,False
fastapi,tests/test_tutorial/test_generate_clients/test_tutorial002.py,Python,.py,198,8496,0,False
fastapi,tests/test_tutorial/test_generate_clients/test_tutorial003.py,Python,.py,198,8474,0,False
fastapi,tests/test_tutorial/test_generate_clients/test_tutorial004.py,Python,.py,236,9747,0,False
fastapi,tests/test_tutorial/test_generate_clients/__init__.py,Python,.py,0,0,0,False
fastapi,tests/test_tutorial/test_graphql/test_tutorial001.py,Python,.py,73,2574,0,False
fastapi,tests/test_tutorial/test_graphql/__init__.py,Python,.py,0,0,0,False
fastapi,tests/test_tutorial/test_handling_errors/test_tutorial001.py,Python,.py,97,3928,0,False
fastapi,tests/test_tutorial/test_handling_errors/test_tutorial002.py,Python,.py,97,4001,0,False
fastapi,tests/test_tutorial/test_handling_errors/test_tutorial003.py,Python,.py,98,3925,0,False
fastapi,tests/test_tutorial/test_handling_errors/test_tutorial004.py,Python,.py,103,4088,0,False
fastapi,tests/test_tutorial/test_handling_errors/test_tutorial005.py,Python,.py,116,4649,0,False
fastapi,tests/test_tutorial/test_handling_errors/test_tutorial006.py,Python,.py,111,4307,0,False
fastapi,tests/test_tutorial/test_handling_errors/__init__.py,Python,.py,0,0,0,False
fastapi,tests/test_tutorial/test_header_params/test_tutorial001.py,Python,.py,116,4568,0,False
fastapi,tests/test_tutorial/test_header_params/test_tutorial002.py,Python,.py,127,4801,0,False
fastapi,tests/test_tutorial/test_header_params/test_tutorial003.py,Python,.py,124,4779,0,False
fastapi,tests/test_tutorial/test_header_params/__init__.py,Python,.py,0,0,0,False
fastapi,tests/test_tutorial/test_header_param_models/test_tutorial001.py,Python,.py,210,7892,0,False
fastapi,tests/test_tutorial/test_header_param_models/test_tutorial002.py,Python,.py,204,7644,0,False
fastapi,tests/test_tutorial/test_header_param_models/test_tutorial003.py,Python,.py,249,9197,0,False
fastapi,tests/test_tutorial/test_header_param_models/__init__.py,Python,.py,0,0,0,False
fastapi,tests/test_tutorial/test_json_base64_bytes/test_tutorial001.py,Python,.py,225,9342,0,False
fastapi,tests/test_tutorial/test_json_base64_bytes/__init__.py,Python,.py,0,0,0,False
fastapi,tests/test_tutorial/test_metadata/test_tutorial001.py,Python,.py,52,2011,0,False
fastapi,tests/test_tutorial/test_metadata/test_tutorial001_1.py,Python,.py,52,1982,0,False
fastapi,tests/test_tutorial/test_metadata/test_tutorial002.py,Python,.py,45,1375,0,False
fastapi,tests/test_tutorial/test_metadata/test_tutorial003.py,Python,.py,56,1690,0,False
fastapi,tests/test_tutorial/test_metadata/test_tutorial004.py,Python,.py,66,2390,0,False
fastapi,tests/test_tutorial/test_metadata/__init__.py,Python,.py,0,0,0,False
fastapi,tests/test_tutorial/test_middleware/test_tutorial001.py,Python,.py,27,721,0,False
fastapi,tests/test_tutorial/test_middleware/__init__.py,Python,.py,0,0,0,False
fastapi,tests/test_tutorial/test_openapi_callbacks/test_tutorial001.py,Python,.py,208,9864,0,False
fastapi,tests/test_tutorial/test_openapi_callbacks/__init__.py,Python,.py,0,0,0,False
fastapi,tests/test_tutorial/test_openapi_webhooks/test_tutorial001.py,Python,.py,129,5442,0,False
fastapi,tests/test_tutorial/test_openapi_webhooks/__init__.py,Python,.py,0,0,0,False
fastapi,tests/test_tutorial/test_path_operation_advanced_configurations/test_tutorial001.py,Python,.py,37,1209,0,False
fastapi,tests/test_tutorial/test_path_operation_advanced_configurations/test_tutorial002.py,Python,.py,37,1192,0,False
fastapi,tests/test_tutorial/test_path_operation_advanced_configurations/test_tutorial003.py,Python,.py,24,682,0,False
fastapi,tests/test_tutorial/test_path_operation_advanced_configurations/test_tutorial004.py,Python,.py,142,5883,0,False
fastapi,tests/test_tutorial/test_path_operation_advanced_configurations/test_tutorial005.py,Python,.py,37,1210,0,False
fastapi,tests/test_tutorial/test_path_operation_advanced_configurations/test_tutorial006.py,Python,.py,60,2246,0,False
fastapi,tests/test_tutorial/test_path_operation_advanced_configurations/test_tutorial007.py,Python,.py,118,3793,0,False
fastapi,tests/test_tutorial/test_path_operation_advanced_configurations/__init__.py,Python,.py,0,0,0,False
fastapi,tests/test_tutorial/test_path_operation_configurations/test_tutorial001.py,Python,.py,190,7290,0,False
fastapi,tests/test_tutorial/test_path_operation_configurations/test_tutorial002.py,Python,.py,227,8784,0,False
fastapi,tests/test_tutorial/test_path_operation_configurations/test_tutorial002b.py,Python,.py,57,1970,0,False
fastapi,tests/test_tutorial/test_path_operation_configurations/test_tutorial003_tutorial004.py,Python,.py,211,8089,0,False
fastapi,tests/test_tutorial/test_path_operation_configurations/test_tutorial005.py,Python,.py,141,5843,0,False
fastapi,tests/test_tutorial/test_path_operation_configurations/test_tutorial006.py,Python,.py,74,2726,0,False
fastapi,tests/test_tutorial/test_path_operation_configurations/__init__.py,Python,.py,0,0,0,False
fastapi,tests/test_tutorial/test_path_params/test_tutorial001.py,Python,.py,121,4705,0,False
fastapi,tests/test_tutorial/test_path_params/test_tutorial002.py,Python,.py,129,5005,0,False
fastapi,tests/test_tutorial/test_path_params/test_tutorial003.py,Python,.py,138,5461,0,False
fastapi,tests/test_tutorial/test_path_params/test_tutorial003b.py,Python,.py,47,1477,0,False
fastapi,tests/test_tutorial/test_path_params/test_tutorial004.py,Python,.py,98,4000,0,False
fastapi,tests/test_tutorial/test_path_params/test_tutorial005.py,Python,.py,123,4833,0,False
fastapi,tests/test_tutorial/test_path_params/__init__.py,Python,.py,0,0,0,False
fastapi,tests/test_tutorial/test_path_params_numeric_validations/test_tutorial001.py,Python,.py,167,6447,0,False
fastapi,tests/test_tutorial/test_path_params_numeric_validations/test_tutorial002_tutorial003.py,Python,.py,175,6523,0,False
fastapi,tests/test_tutorial/test_path_params_numeric_validations/test_tutorial004.py,Python,.py,190,6983,0,False
fastapi,tests/test_tutorial/test_path_params_numeric_validations/test_tutorial005.py,Python,.py,207,7554,0,False
fastapi,tests/test_tutorial/test_path_params_numeric_validations/test_tutorial006.py,Python,.py,226,8302,0,False
fastapi,tests/test_tutorial/test_path_params_numeric_validations/__init__.py,Python,.py,0,0,0,False
fastapi,tests/test_tutorial/test_python_types/test_tutorial001_tutorial002.py,Python,.py,18,418,0,False
fastapi,tests/test_tutorial/test_python_types/test_tutorial003.py,Python,.py,12,358,0,False
fastapi,tests/test_tutorial/test_python_types/test_tutorial004.py,Python,.py,5,183,0,False
fastapi,tests/test_tutorial/test_python_types/test_tutorial005.py,Python,.py,12,432,0,False
fastapi,tests/test_tutorial/test_python_types/test_tutorial006.py,Python,.py,16,443,0,False
fastapi,tests/test_tutorial/test_python_types/test_tutorial007.py,Python,.py,8,229,0,False
fastapi,tests/test_tutorial/test_python_types/test_tutorial008.py,Python,.py,17,435,0,False
fastapi,tests/test_tutorial/test_python_types/test_tutorial008b.py,Python,.py,27,665,0,False
fastapi,tests/test_tutorial/test_python_types/test_tutorial009_tutorial009b.py,Python,.py,32,795,0,False
fastapi,tests/test_tutorial/test_python_types/test_tutorial010.py,Python,.py,5,172,0,False
fastapi,tests/test_tutorial/test_python_types/test_tutorial011.py,Python,.py,24,673,0,False
fastapi,tests/test_tutorial/test_python_types/test_tutorial013.py,Python,.py,5,142,0,False
fastapi,tests/test_tutorial/test_python_types/__init__.py,Python,.py,0,0,0,False
fastapi,tests/test_tutorial/test_query_params/test_tutorial001.py,Python,.py,133,4948,0,False
fastapi,tests/test_tutorial/test_query_params/test_tutorial002.py,Python,.py,133,4989,0,False
fastapi,tests/test_tutorial/test_query_params/test_tutorial003.py,Python,.py,154,5800,0,False
fastapi,tests/test_tutorial/test_query_params/test_tutorial004.py,Python,.py,162,6248,0,False
fastapi,tests/test_tutorial/test_query_params/test_tutorial005.py,Python,.py,111,4345,0,False
fastapi,tests/test_tutorial/test_query_params/test_tutorial006.py,Python,.py,161,6145,0,False
fastapi,tests/test_tutorial/test_query_params/__init__.py,Python,.py,0,0,0,False
fastapi,tests/test_tutorial/test_query_params_str_validations/test_tutorial001.py,Python,.py,127,4865,0,False
fastapi,tests/test_tutorial/test_query_params_str_validations/test_tutorial002.py,Python,.py,147,5593,0,False
fastapi,tests/test_tutorial/test_query_params_str_validations/test_tutorial003.py,Python,.py,158,5903,0,False
fastapi,tests/test_tutorial/test_query_params_str_validations/test_tutorial004.py,Python,.py,143,5524,0,False
fastapi,tests/test_tutorial/test_query_params_str_validations/test_tutorial005.py,Python,.py,138,5109,0,False
fastapi,tests/test_tutorial/test_query_params_str_validations/test_tutorial006.py,Python,.py,143,5200,0,False
fastapi,tests/test_tutorial/test_query_params_str_validations/test_tutorial006c.py,Python,.py,153,5737,0,False
fastapi,tests/test_tutorial/test_query_params_str_validations/test_tutorial007.py,Python,.py,141,5367,0,False
fastapi,tests/test_tutorial/test_query_params_str_validations/test_tutorial008.py,Python,.py,143,5625,0,False
fastapi,tests/test_tutorial/test_query_params_str_validations/test_tutorial009.py,Python,.py,128,4993,0,False
fastapi,tests/test_tutorial/test_query_params_str_validations/test_tutorial010.py,Python,.py,158,6158,0,False
fastapi,tests/test_tutorial/test_query_params_str_validations/test_tutorial011.py,Python,.py,121,4603,0,False
fastapi,tests/test_tutorial/test_query_params_str_validations/test_tutorial012.py,Python,.py,118,4498,0,False
fastapi,tests/test_tutorial/test_query_params_str_validations/test_tutorial013.py,Python,.py,118,4419,0,False
fastapi,tests/test_tutorial/test_query_params_str_validations/test_tutorial014.py,Python,.py,105,3957,0,False
fastapi,tests/test_tutorial/test_query_params_str_validations/test_tutorial015.py,Python,.py,143,5302,0,False
fastapi,tests/test_tutorial/test_query_params_str_validations/__init__.py,Python,.py,0,0,0,False
fastapi,tests/test_tutorial/test_query_param_models/test_tutorial001.py,Python,.py,227,8251,0,False
fastapi,tests/test_tutorial/test_query_param_models/test_tutorial002.py,Python,.py,233,8447,0,False
fastapi,tests/test_tutorial/test_query_param_models/__init__.py,Python,.py,0,0,0,False
fastapi,tests/test_tutorial/test_request_files/test_tutorial001.py,Python,.py,216,8483,0,False
fastapi,tests/test_tutorial/test_request_files/test_tutorial001_02.py,Python,.py,196,8079,0,False
fastapi,tests/test_tutorial/test_request_files/test_tutorial001_03.py,Python,.py,177,7388,0,False
fastapi,tests/test_tutorial/test_request_files/test_tutorial002.py,Python,.py,254,9700,0,False
fastapi,tests/test_tutorial/test_request_files/test_tutorial003.py,Python,.py,226,9032,0,False
fastapi,tests/test_tutorial/test_request_files/__init__.py,Python,.py,0,0,0,False
fastapi,tests/test_tutorial/test_request_forms/test_tutorial001.py,Python,.py,186,6643,0,False
fastapi,tests/test_tutorial/test_request_forms/__init__.py,Python,.py,0,0,0,False
fastapi,tests/test_tutorial/test_request_forms_and_files/test_tutorial001.py,Python,.py,245,8524,0,False
fastapi,tests/test_tutorial/test_request_forms_and_files/__init__.py,Python,.py,0,0,0,False
fastapi,tests/test_tutorial/test_request_form_models/test_tutorial001.py,Python,.py,184,6574,0,False
fastapi,tests/test_tutorial/test_request_form_models/test_tutorial002.py,Python,.py,202,7129,0,False
fastapi,tests/test_tutorial/test_request_form_models/__init__.py,Python,.py,0,0,0,False
fastapi,tests/test_tutorial/test_response_change_status_code/test_tutorial001.py,Python,.py,15,542,0,False
fastapi,tests/test_tutorial/test_response_change_status_code/__init__.py,Python,.py,0,0,0,False
fastapi,tests/test_tutorial/test_response_cookies/test_tutorial001.py,Python,.py,12,421,0,False
fastapi,tests/test_tutorial/test_response_cookies/test_tutorial002.py,Python,.py,12,432,0,False
fastapi,tests/test_tutorial/test_response_cookies/__init__.py,Python,.py,0,0,0,False
fastapi,tests/test_tutorial/test_response_directly/test_tutorial001.py,Python,.py,156,5964,0,False
fastapi,tests/test_tutorial/test_response_directly/test_tutorial002.py,Python,.py,68,1963,0,False
fastapi,tests/test_tutorial/test_response_directly/__init__.py,Python,.py,0,0,0,False
fastapi,tests/test_tutorial/test_response_headers/test_tutorial001.py,Python,.py,13,445,0,False
fastapi,tests/test_tutorial/test_response_headers/test_tutorial002.py,Python,.py,12,396,0,False
fastapi,tests/test_tutorial/test_response_headers/__init__.py,Python,.py,0,0,0,False
fastapi,tests/test_tutorial/test_response_model/test_tutorial001_tutorial001_01.py,Python,.py,200,7568,0,False
fastapi,tests/test_tutorial/test_response_model/test_tutorial002.py,Python,.py,137,5348,0,False
fastapi,tests/test_tutorial/test_response_model/test_tutorial003.py,Python,.py,157,6238,0,False
fastapi,tests/test_tutorial/test_response_model/test_tutorial003_01.py,Python,.py,157,6244,0,False
fastapi,tests/test_tutorial/test_response_model/test_tutorial003_02.py,Python,.py,100,4125,0,False
fastapi,tests/test_tutorial/test_response_model/test_tutorial003_03.py,Python,.py,37,1262,0,False
fastapi,tests/test_tutorial/test_response_model/test_tutorial003_04.py,Python,.py,17,425,0,False
fastapi,tests/test_tutorial/test_response_model/test_tutorial003_05.py,Python,.py,114,4474,0,False
fastapi,tests/test_tutorial/test_response_model/test_tutorial004.py,Python,.py,148,5675,0,False
fastapi,tests/test_tutorial/test_response_model/test_tutorial005.py,Python,.py,166,6889,0,False
fastapi,tests/test_tutorial/test_response_model/test_tutorial006.py,Python,.py,166,6889,0,False
fastapi,tests/test_tutorial/test_response_model/__init__.py,Python,.py,0,0,0,False
fastapi,tests/test_tutorial/test_response_status_code/test_tutorial001_tutorial002.py,Python,.py,103,4015,0,False
fastapi,tests/test_tutorial/test_response_status_code/__init__.py,Python,.py,0,0,0,False
fastapi,tests/test_tutorial/test_schema_extra_example/test_tutorial001.py,Python,.py,144,5667,0,False
fastapi,tests/test_tutorial/test_schema_extra_example/test_tutorial002.py,Python,.py,146,5751,0,False
fastapi,tests/test_tutorial/test_schema_extra_example/test_tutorial003.py,Python,.py,147,5943,0,False
fastapi,tests/test_tutorial/test_schema_extra_example/test_tutorial004.py,Python,.py,152,6265,0,False
fastapi,tests/test_tutorial/test_schema_extra_example/test_tutorial005.py,Python,.py,161,7002,0,False
fastapi,tests/test_tutorial/test_schema_extra_example/__init__.py,Python,.py,0,0,0,False
fastapi,tests/test_tutorial/test_security/test_tutorial001.py,Python,.py,73,2495,0,False
fastapi,tests/test_tutorial/test_security/test_tutorial002.py,Python,.py,72,2395,0,False
fastapi,tests/test_tutorial/test_security/test_tutorial003.py,Python,.py,215,8913,0,False
fastapi,tests/test_tutorial/test_security/test_tutorial004.py,Python,.py,372,15008,0,False
fastapi,tests/test_tutorial/test_security/test_tutorial005.py,Python,.py,432,17218,0,False
fastapi,tests/test_tutorial/test_security/test_tutorial006.py,Python,.py,80,2878,0,False
fastapi,tests/test_tutorial/test_security/test_tutorial007.py,Python,.py,92,3530,0,False
fastapi,tests/test_tutorial/test_security/__init__.py,Python,.py,0,0,0,False
fastapi,tests/test_tutorial/test_separate_openapi_schemas/test_tutorial001.py,Python,.py,148,5987,0,False
fastapi,tests/test_tutorial/test_separate_openapi_schemas/test_tutorial002.py,Python,.py,148,5987,0,False
fastapi,tests/test_tutorial/test_separate_openapi_schemas/__init__.py,Python,.py,0,0,0,False
fastapi,tests/test_tutorial/test_server_sent_events/test_tutorial001.py,Python,.py,191,8757,0,False
fastapi,tests/test_tutorial/test_server_sent_events/test_tutorial002.py,Python,.py,83,3164,0,False
fastapi,tests/test_tutorial/test_server_sent_events/test_tutorial003.py,Python,.py,73,2826,0,False
fastapi,tests/test_tutorial/test_server_sent_events/test_tutorial004.py,Python,.py,164,6276,0,False
fastapi,tests/test_tutorial/test_server_sent_events/test_tutorial005.py,Python,.py,141,5597,0,False
fastapi,tests/test_tutorial/test_server_sent_events/__init__.py,Python,.py,0,0,0,False
fastapi,tests/test_tutorial/test_settings/test_app01.py,Python,.py,81,2440,0,False
fastapi,tests/test_tutorial/test_settings/test_app02.py,Python,.py,40,1080,0,False
fastapi,tests/test_tutorial/test_settings/test_app03.py,Python,.py,44,1296,0,False
fastapi,tests/test_tutorial/test_settings/test_tutorial001.py,Python,.py,23,714,0,False
fastapi,tests/test_tutorial/test_settings/__init__.py,Python,.py,0,0,0,False
fastapi,tests/test_tutorial/test_sql_databases/test_tutorial001.py,Python,.py,360,14852,0,False
fastapi,tests/test_tutorial/test_sql_databases/test_tutorial002.py,Python,.py,441,18922,0,False
fastapi,tests/test_tutorial/test_sql_databases/__init__.py,Python,.py,0,0,0,False
fastapi,tests/test_tutorial/test_static_files/test_tutorial001.py,Python,.py,48,1367,0,False
fastapi,tests/test_tutorial/test_static_files/__init__.py,Python,.py,0,0,0,False
fastapi,tests/test_tutorial/test_stream_data/test_tutorial001.py,Python,.py,154,6012,0,False
fastapi,tests/test_tutorial/test_stream_data/test_tutorial002.py,Python,.py,121,4602,0,False
fastapi,tests/test_tutorial/test_stream_data/__init__.py,Python,.py,0,0,0,False
fastapi,tests/test_tutorial/test_stream_json_lines/test_tutorial001.py,Python,.py,143,5499,0,False
fastapi,tests/test_tutorial/test_stream_json_lines/__init__.py,Python,.py,0,0,0,False
fastapi,tests/test_tutorial/test_strict_content_type/test_tutorial001.py,Python,.py,43,1243,0,False
fastapi,tests/test_tutorial/test_strict_content_type/__init__.py,Python,.py,0,0,0,False
fastapi,tests/test_tutorial/test_sub_applications/test_tutorial001.py,Python,.py,69,2277,0,False
fastapi,tests/test_tutorial/test_sub_applications/__init__.py,Python,.py,0,0,0,False
fastapi,tests/test_tutorial/test_templates/test_tutorial001.py,Python,.py,30,998,0,False
fastapi,tests/test_tutorial/test_templates/__init__.py,Python,.py,0,0,0,False
fastapi,tests/test_tutorial/test_testing/test_main_a.py,Python,.py,32,993,0,False
fastapi,tests/test_tutorial/test_testing/test_main_b.py,Python,.py,28,794,0,False
fastapi,tests/test_tutorial/test_testing/test_tutorial001.py,Python,.py,32,989,0,False
fastapi,tests/test_tutorial/test_testing/test_tutorial002.py,Python,.py,9,169,0,False
fastapi,tests/test_tutorial/test_testing/test_tutorial003.py,Python,.py,7,180,0,False
fastapi,tests/test_tutorial/test_testing/test_tutorial004.py,Python,.py,5,113,0,False
fastapi,tests/test_tutorial/test_testing/__init__.py,Python,.py,0,0,0,False
fastapi,tests/test_tutorial/test_testing_dependencies/test_tutorial001.py,Python,.py,80,2452,0,False
fastapi,tests/test_tutorial/test_testing_dependencies/__init__.py,Python,.py,0,0,0,False
fastapi,tests/test_tutorial/test_using_request_directly/test_tutorial001.py,Python,.py,117,4613,0,False
fastapi,tests/test_tutorial/test_using_request_directly/__init__.py,Python,.py,0,0,0,False
fastapi,tests/test_tutorial/test_websockets/test_tutorial001.py,Python,.py,26,855,0,False
fastapi,tests/test_tutorial/test_websockets/test_tutorial002.py,Python,.py,104,4214,0,False
fastapi,tests/test_tutorial/test_websockets/test_tutorial003.py,Python,.py,55,1545,0,False
fastapi,tests/test_tutorial/test_websockets/__init__.py,Python,.py,0,0,0,False
fastapi,tests/test_tutorial/test_wsgi/test_tutorial001.py,Python,.py,17,459,0,False
fastapi,tests/test_tutorial/test_wsgi/__init__.py,Python,.py,0,0,0,False
fastapi,tests/test_request_params/test_body/test_list.py,Python,.py,433,12591,0,False
fastapi,tests/test_request_params/test_body/test_optional_list.py,Python,.py,454,13387,0,False
fastapi,tests/test_request_params/test_body/test_optional_str.py,Python,.py,429,12215,0,False
fastapi,tests/test_request_params/test_body/test_required_str.py,Python,.py,419,11623,0,False
fastapi,tests/test_request_params/test_body/utils.py,Python,.py,7,275,0,False
fastapi,tests/test_request_params/test_body/__init__.py,Python,.py,0,0,0,False
fastapi,tests/test_request_params/test_cookie/test_list.py,Python,.py,3,237,0,False
fastapi,tests/test_request_params/test_cookie/test_optional_list.py,Python,.py,3,237,0,False
fastapi,tests/test_request_params/test_cookie/test_optional_str.py,Python,.py,336,9146,0,False
fastapi,tests/test_request_params/test_cookie/test_required_str.py,Python,.py,422,11064,0,False
fastapi,tests/test_request_params/test_cookie/__init__.py,Python,.py,0,0,0,False
fastapi,tests/test_request_params/test_file/test_list.py,Python,.py,453,12285,0,False
fastapi,tests/test_request_params/test_file/test_optional.py,Python,.py,363,10380,0,False
fastapi,tests/test_request_params/test_file/test_optional_list.py,Python,.py,383,11451,0,False
fastapi,tests/test_request_params/test_file/test_required.py,Python,.py,437,11784,0,False
fastapi,tests/test_request_params/test_file/utils.py,Python,.py,7,278,0,False
fastapi,tests/test_request_params/test_file/__init__.py,Python,.py,0,0,0,False
fastapi,tests/test_request_params/test_form/test_list.py,Python,.py,436,12409,0,False
fastapi,tests/test_request_params/test_form/test_optional_list.py,Python,.py,358,10461,0,False
fastapi,tests/test_request_params/test_form/test_optional_str.py,Python,.py,337,9424,0,False
fastapi,tests/test_request_params/test_form/test_required_str.py,Python,.py,415,11319,0,False
fastapi,tests/test_request_params/test_form/utils.py,Python,.py,7,292,0,False
fastapi,tests/test_request_params/test_form/__init__.py,Python,.py,0,0,0,False
fastapi,tests/test_request_params/test_header/test_list.py,Python,.py,427,12041,0,False
fastapi,tests/test_request_params/test_header/test_optional_list.py,Python,.py,352,10194,0,False
fastapi,tests/test_request_params/test_header/test_optional_str.py,Python,.py,328,9034,0,False
fastapi,tests/test_request_params/test_header/test_required_str.py,Python,.py,411,10939,0,False
fastapi,tests/test_request_params/test_header/__init__.py,Python,.py,0,0,0,False
fastapi,tests/test_request_params/test_path/test_list.py,Python,.py,1,64,0,False
fastapi,tests/test_request_params/test_path/test_optional_list.py,Python,.py,1,46,0,False
fastapi,tests/test_request_params/test_path/test_optional_str.py,Python,.py,1,46,0,False
fastapi,tests/test_request_params/test_path/test_required_str.py,Python,.py,88,2580,0,False
fastapi,tests/test_request_params/test_path/__init__.py,Python,.py,0,0,0,False
fastapi,tests/test_request_params/test_query/test_list.py,Python,.py,428,11897,0,False
fastapi,tests/test_request_params/test_query/test_optional_list.py,Python,.py,348,9973,0,False
fastapi,tests/test_request_params/test_query/test_optional_str.py,Python,.py,328,8905,0,False
fastapi,tests/test_request_params/test_query/test_required_str.py,Python,.py,414,10815,0,False
fastapi,tests/test_request_params/test_query/__init__.py,Python,.py,0,0,0,False
fastapi,tests/test_modules_same_name_body/app/a.py,Python,.py,8,168,0,False
fastapi,tests/test_modules_same_name_body/app/b.py,Python,.py,8,169,0,False
fastapi,tests/test_modules_same_name_body/app/main.py,Python,.py,8,158,0,False
fastapi,tests/test_modules_same_name_body/app/__init__.py,Python,.py,0,0,0,False
fastapi,scripts/tests/test_translation_fixer/conftest.py,Python,.py,62,1699,0,False
fastapi,scripts/tests/test_translation_fixer/test_code_blocks/test_code_blocks_lines_number_mismatch.py,Python,.py,58,1974,0,False
fastapi,scripts/tests/test_translation_fixer/test_code_blocks/test_code_blocks_mermaid.py,Python,.py,59,1866,0,False
fastapi,scripts/tests/test_translation_fixer/test_code_blocks/test_code_blocks_number_mismatch.py,Python,.py,60,1962,0,False
fastapi,scripts/tests/test_translation_fixer/test_code_blocks/test_code_blocks_wrong_lang_code.py,Python,.py,58,2008,0,False
fastapi,scripts/tests/test_translation_fixer/test_code_includes/test_number_mismatch.py,Python,.py,60,1994,0,False
fastapi,scripts/tests/test_translation_fixer/test_complex_doc/test_compex_doc.py,Python,.py,30,932,0,False
fastapi,scripts/tests/test_translation_fixer/test_header_permalinks/test_header_level_mismatch.py,Python,.py,60,2059,0,False
fastapi,scripts/tests/test_translation_fixer/test_header_permalinks/test_header_number_mismatch.py,Python,.py,60,1960,0,False
fastapi,scripts/tests/test_translation_fixer/test_html_links/test_html_links_number_mismatch.py,Python,.py,58,1951,0,False
fastapi,scripts/tests/test_translation_fixer/test_markdown_links/test_mkd_links_number_mismatch.py,Python,.py,60,1971,0,False
fastapi,scripts/playwright/cookie_param_models/image01.py,Python,.py,39,1232,0,False
fastapi,scripts/playwright/header_param_models/image01.py,Python,.py,38,1213,0,False
fastapi,scripts/playwright/json_base64_bytes/image01.py,Python,.py,37,1154,0,False
fastapi,scripts/playwright/query_param_models/image01.py,Python,.py,41,1363,0,False
fastapi,scripts/playwright/request_form_models/image01.py,Python,.py,38,1209,0,False
fastapi,scripts/playwright/separate_openapi_schemas/image01.py,Python,.py,32,1006,0,False
fastapi,scripts/playwright/separate_openapi_schemas/image02.py,Python,.py,33,1061,0,False
fastapi,scripts/playwright/separate_openapi_schemas/image03.py,Python,.py,33,1080,0,False
fastapi,scripts/playwright/separate_openapi_schemas/image04.py,Python,.py,32,1068,0,False
fastapi,scripts/playwright/separate_openapi_schemas/image05.py,Python,.py,32,1016,0,False
fastapi,scripts/playwright/sql_databases/image01.py,Python,.py,37,1120,0,False
fastapi,scripts/playwright/sql_databases/image02.py,Python,.py,37,1120,0,False
fastapi,fastapi/dependencies/models.py,Python,.py,234,8326,3,True
fastapi,fastapi/dependencies/utils.py,Python,.py,1053,40233,5,True
fastapi,fastapi/dependencies/__init__.py,Python,.py,0,0,0,False
fastapi,fastapi/middleware/asyncexitstack.py,Python,.py,18,655,0,False
fastapi,fastapi/middleware/cors.py,Python,.py,1,80,0,False
fastapi,fastapi/middleware/gzip.py,Python,.py,1,80,0,False
fastapi,fastapi/middleware/httpsredirect.py,Python,.py,3,118,0,False
fastapi,fastapi/middleware/trustedhost.py,Python,.py,3,112,0,False
fastapi,fastapi/middleware/wsgi.py,Python,.py,3,110,0,False
fastapi,fastapi/middleware/__init__.py,Python,.py,1,59,0,False
fastapi,fastapi/openapi/constants.py,Python,.py,3,156,0,False
fastapi,fastapi/openapi/docs.py,Python,.py,389,12814,0,False
fastapi,fastapi/openapi/models.py,Python,.py,435,15043,0,False
fastapi,fastapi/openapi/utils.py,Python,.py,679,30026,4,True
fastapi,fastapi/openapi/__init__.py,Python,.py,0,0,0,False
fastapi,fastapi/security/api_key.py,Python,.py,320,10076,1,True
fastapi,fastapi/security/base.py,Python,.py,6,147,0,False
fastapi,fastapi/security/http.py,Python,.py,417,13827,0,False
fastapi,fastapi/security/oauth2.py,Python,.py,693,24871,0,False
fastapi,fastapi/security/open_id_connect_url.py,Python,.py,94,3230,0,False
fastapi,fastapi/security/utils.py,Python,.py,7,268,0,False
fastapi,fastapi/security/__init__.py,Python,.py,15,896,0,False
fastapi,fastapi/_compat/shared.py,Python,.py,222,7545,1,True
fastapi,fastapi/_compat/v2.py,Python,.py,493,18094,0,False
fastapi,fastapi/_compat/__init__.py,Python,.py,40,2135,0,False
fastapi,docs_src/additional_responses/tutorial001_py310.py,Python,.py,22,528,0,False
fastapi,docs_src/additional_responses/tutorial002_py310.py,Python,.py,28,624,0,False
fastapi,docs_src/additional_responses/tutorial003_py310.py,Python,.py,37,874,0,False
fastapi,docs_src/additional_responses/tutorial004_py310.py,Python,.py,30,699,0,False
fastapi,docs_src/additional_responses/__init__.py,Python,.py,0,0,0,False
fastapi,docs_src/additional_status_codes/tutorial001_an_py310.py,Python,.py,25,711,0,False
fastapi,docs_src/additional_status_codes/tutorial001_py310.py,Python,.py,23,669,0,False
fastapi,docs_src/additional_status_codes/__init__.py,Python,.py,0,0,0,False
fastapi,docs_src/advanced_middleware/tutorial001_py310.py,Python,.py,11,242,0,False
fastapi,docs_src/advanced_middleware/tutorial002_py310.py,Python,.py,13,292,0,False
fastapi,docs_src/advanced_middleware/tutorial003_py310.py,Python,.py,11,241,0,False
fastapi,docs_src/advanced_middleware/__init__.py,Python,.py,0,0,0,False
fastapi,docs_src/app_testing/tutorial001_py310.py,Python,.py,18,352,0,False
fastapi,docs_src/app_testing/tutorial002_py310.py,Python,.py,31,788,0,False
fastapi,docs_src/app_testing/tutorial003_py310.py,Python,.py,24,552,0,False
fastapi,docs_src/app_testing/tutorial004_py310.py,Python,.py,43,1230,0,False
fastapi,docs_src/app_testing/__init__.py,Python,.py,0,0,0,False
fastapi,docs_src/async_tests/__init__.py,Python,.py,0,0,0,False
fastapi,docs_src/authentication_error_status_code/tutorial001_an_py310.py,Python,.py,21,639,0,False
fastapi,docs_src/authentication_error_status_code/__init__.py,Python,.py,0,0,0,False
fastapi,docs_src/background_tasks/tutorial001_py310.py,Python,.py,15,534,0,False
fastapi,docs_src/background_tasks/tutorial002_an_py310.py,Python,.py,26,709,0,False
fastapi,docs_src/background_tasks/tutorial002_py310.py,Python,.py,24,667,0,False
fastapi,docs_src/background_tasks/__init__.py,Python,.py,0,0,0,False
fastapi,docs_src/behind_a_proxy/tutorial001_01_py310.py,Python,.py,8,130,0,False
fastapi,docs_src/behind_a_proxy/tutorial001_py310.py,Python,.py,8,197,0,False
fastapi,docs_src/behind_a_proxy/tutorial002_py310.py,Python,.py,8,216,0,False
fastapi,docs_src/behind_a_proxy/tutorial003_py310.py,Python,.py,14,419,0,False
fastapi,docs_src/behind_a_proxy/tutorial004_py310.py,Python,.py,15,452,0,False
fastapi,docs_src/behind_a_proxy/__init__.py,Python,.py,0,0,0,False
fastapi,docs_src/bigger_applications/__init__.py,Python,.py,0,0,0,False
fastapi,docs_src/body/tutorial001_py310.py,Python,.py,17,288,0,False
fastapi,docs_src/body/tutorial002_py310.py,Python,.py,21,468,0,False
fastapi,docs_src/body/tutorial003_py310.py,Python,.py,17,347,0,False
fastapi,docs_src/body/tutorial004_py310.py,Python,.py,20,434,0,False
fastapi,docs_src/body/__init__.py,Python,.py,0,0,0,False
fastapi,docs_src/body_fields/tutorial001_an_py310.py,Python,.py,21,584,0,False
fastapi,docs_src/body_fields/tutorial001_py310.py,Python,.py,19,542,0,False
fastapi,docs_src/body_fields/__init__.py,Python,.py,0,0,0,False
fastapi,docs_src/body_multiple_params/tutorial001_an_py310.py,Python,.py,27,606,0,False
fastapi,docs_src/body_multiple_params/tutorial001_py310.py,Python,.py,26,572,0,False
fastapi,docs_src/body_multiple_params/tutorial002_py310.py,Python,.py,22,468,0,False
fastapi,docs_src/body_multiple_params/tutorial003_an_py310.py,Python,.py,26,576,0,False
fastapi,docs_src/body_multiple_params/tutorial003_py310.py,Python,.py,22,526,0,False
fastapi,docs_src/body_multiple_params/tutorial004_an_py310.py,Python,.py,33,676,0,False
fastapi,docs_src/body_multiple_params/tutorial004_py310.py,Python,.py,31,634,0,False
fastapi,docs_src/body_multiple_params/tutorial005_an_py310.py,Python,.py,19,428,0,False
fastapi,docs_src/body_multiple_params/tutorial005_py310.py,Python,.py,17,386,0,False
fastapi,docs_src/body_multiple_params/__init__.py,Python,.py,0,0,0,False
fastapi,docs_src/body_nested_models/tutorial001_py310.py,Python,.py,18,382,0,False
fastapi,docs_src/body_nested_models/tutorial002_py310.py,Python,.py,18,387,0,False
fastapi,docs_src/body_nested_models/tutorial003_py310.py,Python,.py,18,389,0,False
fastapi,docs_src/body_nested_models/tutorial004_py310.py,Python,.py,24,479,0,False
fastapi,docs_src/body_nested_models/tutorial005_py310.py,Python,.py,24,492,0,False
fastapi,docs_src/body_nested_models/tutorial006_py310.py,Python,.py,24,499,0,False
fastapi,docs_src/body_nested_models/tutorial007_py310.py,Python,.py,30,550,0,False
fastapi,docs_src/body_nested_models/tutorial008_py310.py,Python,.py,14,262,0,False
fastapi,docs_src/body_nested_models/tutorial009_py310.py,Python,.py,8,162,0,False
fastapi,docs_src/body_nested_models/__init__.py,Python,.py,0,0,0,False
fastapi,docs_src/body_updates/tutorial001_py310.py,Python,.py,32,888,0,False
fastapi,docs_src/body_updates/tutorial002_py310.py,Python,.py,35,1044,0,False
fastapi,docs_src/body_updates/__init__.py,Python,.py,0,0,0,False
fastapi,docs_src/conditional_openapi/tutorial001_py310.py,Python,.py,16,297,0,False
fastapi,docs_src/conditional_openapi/__init__.py,Python,.py,0,0,0,False
fastapi,docs_src/configure_swagger_ui/tutorial001_py310.py,Python,.py,8,213,0,False
fastapi,docs_src/configure_swagger_ui/tutorial002_py310.py,Python,.py,8,229,0,False
fastapi,docs_src/configure_swagger_ui/tutorial003_py310.py,Python,.py,8,209,0,False
fastapi,docs_src/configure_swagger_ui/__init__.py,Python,.py,0,0,0,False
fastapi,docs_src/cookie_params/tutorial001_an_py310.py,Python,.py,10,215,0,False
fastapi,docs_src/cookie_params/tutorial001_py310.py,Python,.py,8,178,0,False
fastapi,docs_src/cookie_params/__init__.py,Python,.py,0,0,0,False
fastapi,docs_src/cookie_param_models/tutorial001_an_py310.py,Python,.py,17,360,0,False
fastapi,docs_src/cookie_param_models/tutorial001_py310.py,Python,.py,15,318,0,False
fastapi,docs_src/cookie_param_models/tutorial002_an_py310.py,Python,.py,19,402,0,False
fastapi,docs_src/cookie_param_models/tutorial002_py310.py,Python,.py,17,360,0,False
fastapi,docs_src/cookie_param_models/__init__.py,Python,.py,0,0,0,False
fastapi,docs_src/cors/tutorial001_py310.py,Python,.py,24,483,0,False
fastapi,docs_src/cors/__init__.py,Python,.py,0,0,0,False
fastapi,docs_src/custom_docs_ui/tutorial001_py310.py,Python,.py,38,1181,0,False
fastapi,docs_src/custom_docs_ui/tutorial002_py310.py,Python,.py,41,1216,0,False
fastapi,docs_src/custom_docs_ui/__init__.py,Python,.py,0,0,0,False
fastapi,docs_src/custom_request_and_route/tutorial001_an_py310.py,Python,.py,36,1051,0,False
fastapi,docs_src/custom_request_and_route/tutorial001_py310.py,Python,.py,35,1011,0,False
fastapi,docs_src/custom_request_and_route/tutorial002_an_py310.py,Python,.py,30,1004,0,False
fastapi,docs_src/custom_request_and_route/tutorial002_py310.py,Python,.py,29,964,0,False
fastapi,docs_src/custom_request_and_route/tutorial003_py310.py,Python,.py,39,1090,0,False
fastapi,docs_src/custom_request_and_route/__init__.py,Python,.py,0,0,0,False
fastapi,docs_src/custom_response/tutorial001b_py310.py,Python,.py,9,224,0,False
fastapi,docs_src/custom_response/tutorial001_py310.py,Python,.py,9,206,0,False
fastapi,docs_src/custom_response/tutorial002_py310.py,Python,.py,18,370,0,False
fastapi,docs_src/custom_response/tutorial003_py310.py,Python,.py,19,413,0,False
fastapi,docs_src/custom_response/tutorial004_py310.py,Python,.py,23,514,0,False
fastapi,docs_src/custom_response/tutorial005_py310.py,Python,.py,9,195,0,False
fastapi,docs_src/custom_response/tutorial006b_py310.py,Python,.py,9,229,0,False
fastapi,docs_src/custom_response/tutorial006c_py310.py,Python,.py,9,246,0,False
fastapi,docs_src/custom_response/tutorial006_py310.py,Python,.py,9,208,0,False
fastapi,docs_src/custom_response/tutorial007_py310.py,Python,.py,16,335,0,False
fastapi,docs_src/custom_response/tutorial008_py310.py,Python,.py,14,374,0,False
fastapi,docs_src/custom_response/tutorial009b_py310.py,Python,.py,10,227,0,False
fastapi,docs_src/custom_response/tutorial009c_py310.py,Python,.py,19,470,0,False
fastapi,docs_src/custom_response/tutorial009_py310.py,Python,.py,10,212,0,False
fastapi,docs_src/custom_response/tutorial010_py310.py,Python,.py,9,237,0,False
fastapi,docs_src/custom_response/__init__.py,Python,.py,0,0,0,False
fastapi,docs_src/dataclasses_/tutorial001_py310.py,Python,.py,19,294,0,False
fastapi,docs_src/dataclasses_/tutorial002_py310.py,Python,.py,25,531,0,False
fastapi,docs_src/dataclasses_/tutorial003_py310.py,Python,.py,54,1417,0,False
fastapi,docs_src/dataclasses_/__init__.py,Python,.py,0,0,0,False
fastapi,docs_src/debugging/tutorial001_py310.py,Python,.py,15,238,0,False
fastapi,docs_src/debugging/__init__.py,Python,.py,0,0,0,False
fastapi,docs_src/dependencies/tutorial001_02_an_py310.py,Python,.py,22,469,0,False
fastapi,docs_src/dependencies/tutorial001_an_py310.py,Python,.py,19,473,0,False
fastapi,docs_src/dependencies/tutorial001_py310.py,Python,.py,17,421,0,False
fastapi,docs_src/dependencies/tutorial002_an_py310.py,Python,.py,25,689,0,False
fastapi,docs_src/dependencies/tutorial002_py310.py,Python,.py,23,647,0,False
fastapi,docs_src/dependencies/tutorial003_an_py310.py,Python,.py,25,680,0,False
fastapi,docs_src/dependencies/tutorial003_py310.py,Python,.py,23,626,0,False
fastapi,docs_src/dependencies/tutorial004_an_py310.py,Python,.py,25,672,0,False
fastapi,docs_src/dependencies/tutorial004_py310.py,Python,.py,23,630,0,False
fastapi,docs_src/dependencies/tutorial005_an_py310.py,Python,.py,25,535,0,False
fastapi,docs_src/dependencies/tutorial005_py310.py,Python,.py,20,463,0,False
fastapi,docs_src/dependencies/tutorial006_an_py310.py,Python,.py,21,654,0,False
fastapi,docs_src/dependencies/tutorial006_py310.py,Python,.py,19,602,0,False
fastapi,docs_src/dependencies/tutorial007_py310.py,Python,.py,6,105,0,False
fastapi,docs_src/dependencies/tutorial008b_an_py310.py,Python,.py,32,807,0,False
fastapi,docs_src/dependencies/tutorial008b_py310.py,Python,.py,30,765,0,False
fastapi,docs_src/dependencies/tutorial008c_an_py310.py,Python,.py,29,729,0,False
fastapi,docs_src/dependencies/tutorial008c_py310.py,Python,.py,27,687,0,False
fastapi,docs_src/dependencies/tutorial008d_an_py310.py,Python,.py,30,764,0,False
fastapi,docs_src/dependencies/tutorial008d_py310.py,Python,.py,28,722,0,False
fastapi,docs_src/dependencies/tutorial008e_an_py310.py,Python,.py,17,346,0,False
fastapi,docs_src/dependencies/tutorial008e_py310.py,Python,.py,15,304,0,False
fastapi,docs_src/dependencies/tutorial008_an_py310.py,Python,.py,27,548,0,False
fastapi,docs_src/dependencies/tutorial008_py310.py,Python,.py,25,480,0,False
fastapi,docs_src/dependencies/tutorial010_py310.py,Python,.py,14,306,0,False
fastapi,docs_src/dependencies/tutorial011_an_py310.py,Python,.py,23,567,0,False
fastapi,docs_src/dependencies/tutorial011_py310.py,Python,.py,21,525,0,False
fastapi,docs_src/dependencies/tutorial012_an_py310.py,Python,.py,27,773,0,False
fastapi,docs_src/dependencies/tutorial012_py310.py,Python,.py,25,721,0,False
fastapi,docs_src/dependencies/tutorial013_an_py310.py,Python,.py,38,975,0,False
fastapi,docs_src/dependencies/tutorial014_an_py310.py,Python,.py,39,996,0,False
fastapi,docs_src/dependencies/__init__.py,Python,.py,0,0,0,False
fastapi,docs_src/dependency_testing/tutorial001_an_py310.py,Python,.py,57,1585,0,False
fastapi,docs_src/dependency_testing/tutorial001_py310.py,Python,.py,55,1533,0,False
fastapi,docs_src/dependency_testing/__init__.py,Python,.py,0,0,0,False
fastapi,docs_src/encoder/tutorial001_py310.py,Python,.py,22,452,0,False
fastapi,docs_src/encoder/__init__.py,Python,.py,0,0,0,False
fastapi,docs_src/events/tutorial001_py310.py,Python,.py,16,299,0,False
fastapi,docs_src/events/tutorial002_py310.py,Python,.py,14,269,0,False
fastapi,docs_src/events/tutorial003_py310.py,Python,.py,28,597,0,False
fastapi,docs_src/events/__init__.py,Python,.py,0,0,0,False
fastapi,docs_src/extending_openapi/tutorial001_py310.py,Python,.py,29,766,0,False
fastapi,docs_src/extending_openapi/__init__.py,Python,.py,0,0,0,False
fastapi,docs_src/extra_data_types/tutorial001_an_py310.py,Python,.py,28,816,0,False
fastapi,docs_src/extra_data_types/tutorial001_py310.py,Python,.py,27,751,0,False
fastapi,docs_src/extra_data_types/__init__.py,Python,.py,0,0,0,False
fastapi,docs_src/extra_models/tutorial001_py310.py,Python,.py,41,946,0,False
fastapi,docs_src/extra_models/tutorial002_py310.py,Python,.py,39,837,0,False
fastapi,docs_src/extra_models/tutorial003_py310.py,Python,.py,33,645,0,False
fastapi,docs_src/extra_models/tutorial004_py310.py,Python,.py,20,376,0,False
fastapi,docs_src/extra_models/tutorial005_py310.py,Python,.py,8,188,0,False
fastapi,docs_src/extra_models/__init__.py,Python,.py,0,0,0,False
fastapi,docs_src/first_steps/tutorial001_py310.py,Python,.py,8,125,0,False
fastapi,docs_src/first_steps/tutorial003_py310.py,Python,.py,8,119,0,False
fastapi,docs_src/first_steps/__init__.py,Python,.py,0,0,0,False
fastapi,docs_src/frontend/tutorial001_py310.py,Python,.py,5,87,1,True
fastapi,docs_src/frontend/tutorial002_py310.py,Python,.py,5,110,1,True
fastapi,docs_src/frontend/tutorial003_py310.py,Python,.py,5,108,1,True
fastapi,docs_src/frontend/tutorial004_py310.py,Python,.py,7,189,1,True
fastapi,docs_src/frontend/tutorial005_py310.py,Python,.py,5,102,1,True
fastapi,docs_src/frontend/tutorial006_py310.py,Python,.py,5,104,1,True
fastapi,docs_src/frontend/__init__.py,Python,.py,0,0,1,True
fastapi,docs_src/generate_clients/tutorial001_py310.py,Python,.py,26,520,0,False
fastapi,docs_src/generate_clients/tutorial002_py310.py,Python,.py,36,766,0,False
fastapi,docs_src/generate_clients/tutorial003_py310.py,Python,.py,42,956,0,False
fastapi,docs_src/generate_clients/tutorial004.js,JavaScript,.js,36,1102,0,False
fastapi,docs_src/generate_clients/tutorial004_py310.py,Python,.py,15,508,0,False
fastapi,docs_src/generate_clients/__init__.py,Python,.py,0,0,0,False
fastapi,docs_src/graphql_/tutorial001_py310.py,Python,.py,25,449,0,False
fastapi,docs_src/graphql_/__init__.py,Python,.py,0,0,0,False
fastapi,docs_src/handling_errors/tutorial001_py310.py,Python,.py,12,311,0,False
fastapi,docs_src/handling_errors/tutorial002_py310.py,Python,.py,16,420,0,False
fastapi,docs_src/handling_errors/tutorial003_py310.py,Python,.py,25,651,0,False
fastapi,docs_src/handling_errors/tutorial004_py310.py,Python,.py,26,946,0,False
fastapi,docs_src/handling_errors/tutorial005_py310.py,Python,.py,25,651,0,False
fastapi,docs_src/handling_errors/tutorial006_py310.py,Python,.py,28,956,0,False
fastapi,docs_src/handling_errors/__init__.py,Python,.py,0,0,0,False
fastapi,docs_src/header_params/tutorial001_an_py310.py,Python,.py,10,227,0,False
fastapi,docs_src/header_params/tutorial001_py310.py,Python,.py,8,190,0,False
fastapi,docs_src/header_params/tutorial002_an_py310.py,Python,.py,12,273,0,False
fastapi,docs_src/header_params/tutorial002_py310.py,Python,.py,10,238,0,False
fastapi,docs_src/header_params/tutorial003_an_py310.py,Python,.py,10,231,0,False
fastapi,docs_src/header_params/tutorial003_py310.py,Python,.py,8,194,0,False
fastapi,docs_src/header_params/__init__.py,Python,.py,0,0,0,False
fastapi,docs_src/header_param_models/tutorial001_an_py310.py,Python,.py,19,411,0,False
fastapi,docs_src/header_param_models/tutorial001_py310.py,Python,.py,17,369,0,False
fastapi,docs_src/header_param_models/tutorial002_an_py310.py,Python,.py,21,453,0,False
fastapi,docs_src/header_param_models/tutorial002_py310.py,Python,.py,19,411,0,False
fastapi,docs_src/header_param_models/tutorial003_an_py310.py,Python,.py,21,445,0,False
fastapi,docs_src/header_param_models/tutorial003_py310.py,Python,.py,17,394,0,False
fastapi,docs_src/header_param_models/__init__.py,Python,.py,0,0,0,False
fastapi,docs_src/json_base64_bytes/tutorial001_py310.py,Python,.py,46,938,0,False
fastapi,docs_src/json_base64_bytes/__init__.py,Python,.py,0,0,0,False
fastapi,docs_src/metadata/tutorial001_1_py310.py,Python,.py,38,812,0,False
fastapi,docs_src/metadata/tutorial001_py310.py,Python,.py,38,843,0,False
fastapi,docs_src/metadata/tutorial002_py310.py,Python,.py,8,162,0,False
fastapi,docs_src/metadata/tutorial003_py310.py,Python,.py,8,169,0,False
fastapi,docs_src/metadata/tutorial004_py310.py,Python,.py,28,721,0,False
fastapi,docs_src/metadata/__init__.py,Python,.py,0,0,0,False
fastapi,docs_src/middleware/tutorial001_py310.py,Python,.py,14,379,0,False
fastapi,docs_src/middleware/__init__.py,Python,.py,0,0,0,False
fastapi,docs_src/openapi_callbacks/tutorial001_py310.py,Python,.py,51,1384,0,False
fastapi,docs_src/openapi_callbacks/__init__.py,Python,.py,0,0,0,False
fastapi,docs_src/openapi_webhooks/tutorial001_py310.py,Python,.py,25,575,0,False
fastapi,docs_src/openapi_webhooks/__init__.py,Python,.py,0,0,0,False
fastapi,docs_src/path_operation_advanced_configuration/tutorial001_py310.py,Python,.py,8,175,0,False
fastapi,docs_src/path_operation_advanced_configuration/tutorial002_py310.py,Python,.py,14,307,0,False
fastapi,docs_src/path_operation_advanced_configuration/tutorial003_py310.py,Python,.py,8,156,0,False
fastapi,docs_src/path_operation_advanced_configuration/tutorial004_py310.py,Python,.py,28,689,0,False
fastapi,docs_src/path_operation_advanced_configuration/tutorial005_py310.py,Python,.py,8,188,0,False
fastapi,docs_src/path_operation_advanced_configuration/tutorial006_py310.py,Python,.py,41,1084,0,False
fastapi,docs_src/path_operation_advanced_configuration/tutorial007_py310.py,Python,.py,32,829,0,False
fastapi,docs_src/path_operation_advanced_configuration/__init__.py,Python,.py,0,0,0,False
fastapi,docs_src/path_operation_configuration/tutorial001_py310.py,Python,.py,17,367,0,False
fastapi,docs_src/path_operation_configuration/tutorial002b_py310.py,Python,.py,20,343,0,False
fastapi,docs_src/path_operation_configuration/tutorial002_py310.py,Python,.py,27,551,0,False
fastapi,docs_src/path_operation_configuration/tutorial003_py310.py,Python,.py,21,478,0,False
fastapi,docs_src/path_operation_configuration/tutorial004_py310.py,Python,.py,26,651,0,False
fastapi,docs_src/path_operation_configuration/tutorial005_py310.py,Python,.py,30,711,0,False
fastapi,docs_src/path_operation_configuration/tutorial006_py310.py,Python,.py,18,383,0,False
fastapi,docs_src/path_operation_configuration/__init__.py,Python,.py,0,0,0,False
fastapi,docs_src/path_params/tutorial001_py310.py,Python,.py,8,146,0,False
fastapi,docs_src/path_params/tutorial002_py310.py,Python,.py,8,151,0,False
fastapi,docs_src/path_params/tutorial003b_py310.py,Python,.py,13,206,0,False
fastapi,docs_src/path_params/tutorial003_py310.py,Python,.py,13,249,0,False
fastapi,docs_src/path_params/tutorial004_py310.py,Python,.py,8,164,0,False
fastapi,docs_src/path_params/tutorial005_py310.py,Python,.py,23,569,0,False
fastapi,docs_src/path_params/__init__.py,Python,.py,0,0,0,False
fastapi,docs_src/path_params_numeric_validations/tutorial001_an_py310.py,Python,.py,16,391,0,False
fastapi,docs_src/path_params_numeric_validations/tutorial001_py310.py,Python,.py,14,346,0,False
fastapi,docs_src/path_params_numeric_validations/tutorial002_an_py310.py,Python,.py,15,326,0,False
fastapi,docs_src/path_params_numeric_validations/tutorial002_py310.py,Python,.py,11,276,0,False
fastapi,docs_src/path_params_numeric_validations/tutorial003_an_py310.py,Python,.py,15,326,0,False
fastapi,docs_src/path_params_numeric_validations/tutorial003_py310.py,Python,.py,11,279,0,False
fastapi,docs_src/path_params_numeric_validations/tutorial004_an_py310.py,Python,.py,15,332,0,False
fastapi,docs_src/path_params_numeric_validations/tutorial004_py310.py,Python,.py,13,293,0,False
fastapi,docs_src/path_params_numeric_validations/tutorial005_an_py310.py,Python,.py,16,347,0,False
fastapi,docs_src/path_params_numeric_validations/tutorial005_py310.py,Python,.py,15,313,0,False
fastapi,docs_src/path_params_numeric_validations/tutorial006_an_py310.py,Python,.py,20,467,0,False
fastapi,docs_src/path_params_numeric_validations/tutorial006_py310.py,Python,.py,18,415,0,False
fastapi,docs_src/path_params_numeric_validations/__init__.py,Python,.py,0,0,0,False
fastapi,docs_src/pydantic_v1_in_v2/tutorial001_an_py310.py,Python,.py,7,131,0,False
fastapi,docs_src/pydantic_v1_in_v2/tutorial002_an_py310.py,Python,.py,16,268,0,False
fastapi,docs_src/pydantic_v1_in_v2/tutorial003_an_py310.py,Python,.py,23,430,0,False
fastapi,docs_src/pydantic_v1_in_v2/tutorial004_an_py310.py,Python,.py,19,379,0,False
fastapi,docs_src/pydantic_v1_in_v2/__init__.py,Python,.py,0,0,0,False
fastapi,docs_src/python_types/tutorial001_py310.py,Python,.py,6,168,0,False
fastapi,docs_src/python_types/tutorial002_py310.py,Python,.py,6,178,0,False
fastapi,docs_src/python_types/tutorial003_py310.py,Python,.py,3,122,0,False
fastapi,docs_src/python_types/tutorial004_py310.py,Python,.py,3,127,0,False
fastapi,docs_src/python_types/tutorial005_py310.py,Python,.py,2,137,0,False
fastapi,docs_src/python_types/tutorial006_py310.py,Python,.py,3,83,0,False
fastapi,docs_src/python_types/tutorial007_py310.py,Python,.py,2,101,0,False
fastapi,docs_src/python_types/tutorial008b_py310.py,Python,.py,2,53,0,False
fastapi,docs_src/python_types/tutorial008_py310.py,Python,.py,4,149,0,False
fastapi,docs_src/python_types/tutorial009_py310.py,Python,.py,5,136,0,False
fastapi,docs_src/python_types/tutorial010_py310.py,Python,.py,7,151,0,False
fastapi,docs_src/python_types/tutorial011_py310.py,Python,.py,22,483,0,False
fastapi,docs_src/python_types/tutorial013_py310.py,Python,.py,5,132,0,False
fastapi,docs_src/python_types/__init__.py,Python,.py,0,0,0,False
fastapi,docs_src/query_params/tutorial001_py310.py,Python,.py,10,260,0,False
fastapi,docs_src/query_params/tutorial002_py310.py,Python,.py,10,229,0,False
fastapi,docs_src/query_params/tutorial003_py310.py,Python,.py,15,389,0,False
fastapi,docs_src/query_params/tutorial004_py310.py,Python,.py,17,453,0,False
fastapi,docs_src/query_params/tutorial005_py310.py,Python,.py,9,201,0,False
fastapi,docs_src/query_params/tutorial006_py310.py,Python,.py,11,280,0,False
fastapi,docs_src/query_params/__init__.py,Python,.py,0,0,0,False
fastapi,docs_src/query_params_str_validations/tutorial001_py310.py,Python,.py,11,250,0,False
fastapi,docs_src/query_params_str_validations/tutorial002_an_py310.py,Python,.py,13,322,0,False
fastapi,docs_src/query_params_str_validations/tutorial002_py310.py,Python,.py,11,287,0,False
fastapi,docs_src/query_params_str_validations/tutorial003_an_py310.py,Python,.py,15,345,0,False
fastapi,docs_src/query_params_str_validations/tutorial003_py310.py,Python,.py,11,301,0,False
fastapi,docs_src/query_params_str_validations/tutorial004_an_py310.py,Python,.py,17,385,0,False
fastapi,docs_src/query_params_str_validations/tutorial004_py310.py,Python,.py,15,350,0,False
fastapi,docs_src/query_params_str_validations/tutorial005_an_py310.py,Python,.py,13,322,0,False
fastapi,docs_src/query_params_str_validations/tutorial005_py310.py,Python,.py,11,287,0,False
fastapi,docs_src/query_params_str_validations/tutorial006c_an_py310.py,Python,.py,13,314,0,False
fastapi,docs_src/query_params_str_validations/tutorial006c_py310.py,Python,.py,11,272,0,False
fastapi,docs_src/query_params_str_validations/tutorial006_an_py310.py,Python,.py,13,307,0,False
fastapi,docs_src/query_params_str_validations/tutorial006_py310.py,Python,.py,11,265,0,False
fastapi,docs_src/query_params_str_validations/tutorial007_an_py310.py,Python,.py,15,352,0,False
fastapi,docs_src/query_params_str_validations/tutorial007_py310.py,Python,.py,13,317,0,False
fastapi,docs_src/query_params_str_validations/tutorial008_an_py310.py,Python,.py,22,520,0,False
fastapi,docs_src/query_params_str_validations/tutorial008_py310.py,Python,.py,18,452,0,False
fastapi,docs_src/query_params_str_validations/tutorial009_an_py310.py,Python,.py,13,327,0,False
fastapi,docs_src/query_params_str_validations/tutorial009_py310.py,Python,.py,11,292,0,False
fastapi,docs_src/query_params_str_validations/tutorial010_an_py310.py,Python,.py,26,648,0,False
fastapi,docs_src/query_params_str_validations/tutorial010_py310.py,Python,.py,22,564,0,False
fastapi,docs_src/query_params_str_validations/tutorial011_an_py310.py,Python,.py,11,235,0,False
fastapi,docs_src/query_params_str_validations/tutorial011_py310.py,Python,.py,9,198,0,False
fastapi,docs_src/query_params_str_validations/tutorial012_an_py310.py,Python,.py,11,238,0,False
fastapi,docs_src/query_params_str_validations/tutorial012_py310.py,Python,.py,9,201,0,False
fastapi,docs_src/query_params_str_validations/tutorial013_an_py310.py,Python,.py,11,221,0,False
fastapi,docs_src/query_params_str_validations/tutorial013_py310.py,Python,.py,9,184,0,False
fastapi,docs_src/query_params_str_validations/tutorial014_an_py310.py,Python,.py,15,346,0,False
fastapi,docs_src/query_params_str_validations/tutorial014_py310.py,Python,.py,13,311,0,False
fastapi,docs_src/query_params_str_validations/tutorial015_an_py310.py,Python,.py,30,798,0,False
fastapi,docs_src/query_params_str_validations/__init__.py,Python,.py,0,0,0,False
fastapi,docs_src/query_param_models/tutorial001_an_py310.py,Python,.py,18,461,0,False
fastapi,docs_src/query_param_models/tutorial001_py310.py,Python,.py,18,440,0,False
fastapi,docs_src/query_param_models/tutorial002_an_py310.py,Python,.py,20,503,0,False
fastapi,docs_src/query_param_models/tutorial002_py310.py,Python,.py,20,482,0,False
fastapi,docs_src/query_param_models/__init__.py,Python,.py,0,0,0,False
fastapi,docs_src/request_files/tutorial001_02_an_py310.py,Python,.py,21,526,0,False
fastapi,docs_src/request_files/tutorial001_02_py310.py,Python,.py,19,489,0,False
fastapi,docs_src/request_files/tutorial001_03_an_py310.py,Python,.py,17,438,0,False
fastapi,docs_src/request_files/tutorial001_03_py310.py,Python,.py,15,386,0,False
fastapi,docs_src/request_files/tutorial001_an_py310.py,Python,.py,15,337,0,False
fastapi,docs_src/request_files/tutorial001_py310.py,Python,.py,13,295,0,False
fastapi,docs_src/request_files/tutorial002_an_py310.py,Python,.py,33,859,0,False
fastapi,docs_src/request_files/tutorial002_py310.py,Python,.py,31,817,0,False
fastapi,docs_src/request_files/tutorial003_an_py310.py,Python,.py,39,991,0,False
fastapi,docs_src/request_files/tutorial003_py310.py,Python,.py,35,923,0,False
fastapi,docs_src/request_files/__init__.py,Python,.py,0,0,0,False
fastapi,docs_src/request_forms/tutorial001_an_py310.py,Python,.py,10,233,0,False
fastapi,docs_src/request_forms/tutorial001_py310.py,Python,.py,8,181,0,False
fastapi,docs_src/request_forms/__init__.py,Python,.py,0,0,0,False
fastapi,docs_src/request_forms_and_files/tutorial001_an_py310.py,Python,.py,18,404,0,False
fastapi,docs_src/request_forms_and_files/tutorial001_py310.py,Python,.py,14,331,0,False
fastapi,docs_src/request_forms_and_files/__init__.py,Python,.py,0,0,0,False
fastapi,docs_src/request_form_models/tutorial001_an_py310.py,Python,.py,16,284,0,False
fastapi,docs_src/request_form_models/tutorial001_py310.py,Python,.py,14,242,0,False
fastapi,docs_src/request_form_models/tutorial002_an_py310.py,Python,.py,17,324,0,False
fastapi,docs_src/request_form_models/tutorial002_py310.py,Python,.py,15,282,0,False
fastapi,docs_src/request_form_models/__init__.py,Python,.py,0,0,0,False
fastapi,docs_src/response_change_status_code/tutorial001_py310.py,Python,.py,13,404,0,False
fastapi,docs_src/response_change_status_code/__init__.py,Python,.py,0,0,0,False
fastapi,docs_src/response_cookies/tutorial001_py310.py,Python,.py,12,356,0,False
fastapi,docs_src/response_cookies/tutorial002_py310.py,Python,.py,9,281,0,False
fastapi,docs_src/response_cookies/__init__.py,Python,.py,0,0,0,False
fastapi,docs_src/response_directly/tutorial001_py310.py,Python,.py,21,495,0,False
fastapi,docs_src/response_directly/tutorial002_py310.py,Python,.py,18,372,0,False
fastapi,docs_src/response_directly/__init__.py,Python,.py,0,0,0,False
fastapi,docs_src/response_headers/tutorial001_py310.py,Python,.py,11,320,0,False
fastapi,docs_src/response_headers/tutorial002_py310.py,Python,.py,9,231,0,False
fastapi,docs_src/response_headers/__init__.py,Python,.py,0,0,0,False
fastapi,docs_src/response_model/tutorial001_01_py310.py,Python,.py,25,494,0,False
fastapi,docs_src/response_model/tutorial001_py310.py,Python,.py,27,564,0,False
fastapi,docs_src/response_model/tutorial002_py310.py,Python,.py,17,335,0,False
fastapi,docs_src/response_model/tutorial003_01_py310.py,Python,.py,19,336,0,False
fastapi,docs_src/response_model/tutorial003_02_py310.py,Python,.py,11,392,0,False
fastapi,docs_src/response_model/tutorial003_03_py310.py,Python,.py,9,250,0,False
fastapi,docs_src/response_model/tutorial003_04_py310.py,Python,.py,11,363,0,False
fastapi,docs_src/response_model/tutorial003_05_py310.py,Python,.py,11,384,0,False
fastapi,docs_src/response_model/tutorial003_py310.py,Python,.py,24,455,0,False
fastapi,docs_src/response_model/tutorial004_py310.py,Python,.py,24,619,0,False
fastapi,docs_src/response_model/tutorial005_py310.py,Python,.py,37,853,0,False
fastapi,docs_src/response_model/tutorial006_py310.py,Python,.py,37,853,0,False
fastapi,docs_src/response_model/__init__.py,Python,.py,0,0,0,False
fastapi,docs_src/response_status_code/tutorial001_py310.py,Python,.py,8,153,0,False
fastapi,docs_src/response_status_code/tutorial002_py310.py,Python,.py,8,181,0,False
fastapi,docs_src/response_status_code/__init__.py,Python,.py,0,0,0,False
fastapi,docs_src/schema_extra_example/tutorial001_py310.py,Python,.py,30,676,0,False
fastapi,docs_src/schema_extra_example/tutorial002_py310.py,Python,.py,17,496,0,False
fastapi,docs_src/schema_extra_example/tutorial003_an_py310.py,Python,.py,34,707,0,False
fastapi,docs_src/schema_extra_example/tutorial003_py310.py,Python,.py,29,603,0,False
fastapi,docs_src/schema_extra_example/tutorial004_an_py310.py,Python,.py,43,960,0,False
fastapi,docs_src/schema_extra_example/tutorial004_py310.py,Python,.py,38,824,0,False
fastapi,docs_src/schema_extra_example/tutorial005_an_py310.py,Python,.py,54,1577,0,False
fastapi,docs_src/schema_extra_example/tutorial005_py310.py,Python,.py,49,1397,0,False
fastapi,docs_src/schema_extra_example/__init__.py,Python,.py,0,0,0,False
fastapi,docs_src/security/tutorial001_an_py310.py,Python,.py,13,322,0,False
fastapi,docs_src/security/tutorial001_py310.py,Python,.py,11,280,0,False
fastapi,docs_src/security/tutorial002_an_py310.py,Python,.py,32,793,0,False
fastapi,docs_src/security/tutorial002_py310.py,Python,.py,30,741,0,False
fastapi,docs_src/security/tutorial003_an_py310.py,Python,.py,94,2611,0,False
fastapi,docs_src/security/tutorial003_py310.py,Python,.py,88,2521,0,False
fastapi,docs_src/security/tutorial004_an_py310.py,Python,.py,150,4450,0,False
fastapi,docs_src/security/tutorial004_py310.py,Python,.py,143,4343,0,False
fastapi,docs_src/security/tutorial005_an_py310.py,Python,.py,182,5691,0,False
fastapi,docs_src/security/tutorial005_py310.py,Python,.py,179,5597,0,False
fastapi,docs_src/security/tutorial006_an_py310.py,Python,.py,13,374,0,False
fastapi,docs_src/security/tutorial006_py310.py,Python,.py,11,332,0,False
fastapi,docs_src/security/tutorial007_an_py310.py,Python,.py,36,1208,0,False
fastapi,docs_src/security/tutorial007_py310.py,Python,.py,33,1149,0,False
fastapi,docs_src/security/__init__.py,Python,.py,0,0,0,False
fastapi,docs_src/separate_openapi_schemas/tutorial001_py310.py,Python,.py,26,477,0,False
fastapi,docs_src/separate_openapi_schemas/tutorial002_py310.py,Python,.py,26,512,0,False
fastapi,docs_src/separate_openapi_schemas/__init__.py,Python,.py,0,0,0,False
fastapi,docs_src/server_sent_events/tutorial001_py310.py,Python,.py,43,1155,0,False
fastapi,docs_src/server_sent_events/tutorial002_py310.py,Python,.py,26,712,0,False
fastapi,docs_src/server_sent_events/tutorial003_py310.py,Python,.py,17,535,0,False
fastapi,docs_src/server_sent_events/tutorial004_py310.py,Python,.py,31,826,0,False
fastapi,docs_src/server_sent_events/tutorial005_py310.py,Python,.py,19,547,0,False
fastapi,docs_src/server_sent_events/__init__.py,Python,.py,0,0,0,False
fastapi,docs_src/settings/tutorial001_py310.py,Python,.py,21,440,0,False
fastapi,docs_src/settings/__init__.py,Python,.py,0,0,0,False
fastapi,docs_src/sql_databases/tutorial001_an_py310.py,Python,.py,73,1841,0,False
fastapi,docs_src/sql_databases/tutorial001_py310.py,Python,.py,69,1829,0,False
fastapi,docs_src/sql_databases/tutorial002_an_py310.py,Python,.py,103,2670,0,False
fastapi,docs_src/sql_databases/tutorial002_py310.py,Python,.py,102,2688,0,False
fastapi,docs_src/sql_databases/__init__.py,Python,.py,0,0,0,False
fastapi,docs_src/static_files/tutorial001_py310.py,Python,.py,6,165,0,False
fastapi,docs_src/static_files/__init__.py,Python,.py,0,0,0,False
fastapi,docs_src/stream_data/tutorial001_py310.py,Python,.py,65,2308,0,False
fastapi,docs_src/stream_data/tutorial002_py310.py,Python,.py,54,5771,0,False
fastapi,docs_src/stream_data/__init__.py,Python,.py,0,0,0,False
fastapi,docs_src/stream_json_lines/tutorial001_py310.py,Python,.py,42,978,0,False
fastapi,docs_src/stream_json_lines/__init__.py,Python,.py,0,0,0,False
fastapi,docs_src/strict_content_type/tutorial001_py310.py,Python,.py,14,245,0,False
fastapi,docs_src/strict_content_type/__init__.py,Python,.py,0,0,0,False
fastapi,docs_src/sub_applications/tutorial001_py310.py,Python,.py,19,293,0,False
fastapi,docs_src/sub_applications/__init__.py,Python,.py,0,0,0,False
fastapi,docs_src/templates/tutorial001_py310.py,Python,.py,18,539,0,False
fastapi,docs_src/templates/__init__.py,Python,.py,0,0,0,False
fastapi,docs_src/using_request_directly/tutorial001_py310.py,Python,.py,9,239,0,False
fastapi,docs_src/using_request_directly/__init__.py,Python,.py,0,0,0,False
fastapi,docs_src/websockets_/tutorial001_py310.py,Python,.py,51,1483,0,False
fastapi,docs_src/websockets_/tutorial002_an_py310.py,Python,.py,92,2947,0,False
fastapi,docs_src/websockets_/tutorial002_py310.py,Python,.py,89,2887,0,False
fastapi,docs_src/websockets_/tutorial003_py310.py,Python,.py,81,2630,0,False
fastapi,docs_src/websockets_/__init__.py,Python,.py,0,0,0,False
fastapi,docs_src/wsgi/tutorial001_py310.py,Python,.py,23,449,0,False
fastapi,docs_src/wsgi/__init__.py,Python,.py,0,0,0,False
fastapi,docs_src/templates/static/__init__.py,Python,.py,0,0,0,False
fastapi,docs_src/templates/templates/__init__.py,Python,.py,0,0,0,False
fastapi,docs_src/settings/app01_py310/config.py,Python,.py,10,193,0,False
fastapi,docs_src/settings/app01_py310/main.py,Python,.py,14,281,0,False
fastapi,docs_src/settings/app01_py310/__init__.py,Python,.py,0,0,0,False
fastapi,docs_src/settings/app02_an_py310/config.py,Python,.py,7,166,0,False
fastapi,docs_src/settings/app02_an_py310/main.py,Python,.py,22,467,0,False
fastapi,docs_src/settings/app02_an_py310/test_main.py,Python,.py,23,538,0,False
fastapi,docs_src/settings/app02_an_py310/__init__.py,Python,.py,0,0,0,False
fastapi,docs_src/settings/app02_py310/config.py,Python,.py,7,166,0,False
fastapi,docs_src/settings/app02_py310/main.py,Python,.py,21,427,0,False
fastapi,docs_src/settings/app02_py310/test_main.py,Python,.py,23,538,0,False
fastapi,docs_src/settings/app02_py310/__init__.py,Python,.py,0,0,0,False
fastapi,docs_src/settings/app03_an_py310/config.py,Python,.py,9,244,0,False
fastapi,docs_src/settings/app03_an_py310/main.py,Python,.py,22,473,0,False
fastapi,docs_src/settings/app03_an_py310/__init__.py,Python,.py,0,0,0,False
fastapi,docs_src/settings/app03_py310/config.py,Python,.py,9,244,0,False
fastapi,docs_src/settings/app03_py310/main.py,Python,.py,21,433,0,False
fastapi,docs_src/settings/app03_py310/__init__.py,Python,.py,0,0,0,False
fastapi,docs_src/bigger_applications/app_an_py310/dependencies.py,Python,.py,13,422,0,False
fastapi,docs_src/bigger_applications/app_an_py310/main.py,Python,.py,23,575,0,False
fastapi,docs_src/bigger_applications/app_an_py310/__init__.py,Python,.py,0,0,0,False
fastapi,docs_src/bigger_applications/app_an_py310/internal/admin.py,Python,.py,8,155,0,False
fastapi,docs_src/bigger_applications/app_an_py310/internal/__init__.py,Python,.py,0,0,0,False
fastapi,docs_src/bigger_applications/app_an_py310/routers/items.py,Python,.py,38,1049,0,False
fastapi,docs_src/bigger_applications/app_an_py310/routers/users.py,Python,.py,18,425,0,False
fastapi,docs_src/bigger_applications/app_an_py310/routers/__init__.py,Python,.py,0,0,0,False
fastapi,docs_src/async_tests/app_a_py310/main.py,Python,.py,8,120,0,False
fastapi,docs_src/async_tests/app_a_py310/test_main.py,Python,.py,14,374,0,False
fastapi,docs_src/async_tests/app_a_py310/__init__.py,Python,.py,0,0,0,False
fastapi,docs_src/app_testing/app_a_py310/main.py,Python,.py,8,126,0,False
fastapi,docs_src/app_testing/app_a_py310/test_main.py,Python,.py,11,249,0,False
fastapi,docs_src/app_testing/app_a_py310/__init__.py,Python,.py,0,0,0,False
fastapi,docs_src/app_testing/app_b_an_py310/main.py,Python,.py,38,1201,0,False
fastapi,docs_src/app_testing/app_b_an_py310/test_main.py,Python,.py,65,1931,0,False
fastapi,docs_src/app_testing/app_b_an_py310/__init__.py,Python,.py,0,0,0,False
fastapi,docs_src/app_testing/app_b_py310/main.py,Python,.py,36,1149,0,False
fastapi,docs_src/app_testing/app_b_py310/test_main.py,Python,.py,65,1931,0,False
fastapi,docs_src/app_testing/app_b_py310/__init__.py,Python,.py,0,0,0,False
fastapi,docs/en/docs/js/custom.js,JavaScript,.js,250,9534,0,False
fastapi,docs/en/docs/js/init_kapa_widget.js,JavaScript,.js,29,2362,0,False
fastapi,docs/en/docs/js/termynal.js,JavaScript,.js,266,9766,1,True
scikit-learn,.spin/cmds.py,Python,.py,29,822,0,False
scikit-learn,benchmarks/bench_20newsgroups.py,Python,.py,94,3215,0,False
scikit-learn,benchmarks/bench_covertype.py,Python,.py,234,7519,0,False
scikit-learn,benchmarks/bench_feature_expansions.py,Python,.py,58,1878,0,False
scikit-learn,benchmarks/bench_glm.py,Python,.py,57,1536,0,False
scikit-learn,benchmarks/bench_glmnet.py,Python,.py,140,4108,0,False
scikit-learn,benchmarks/bench_hist_gradient_boosting.py,Python,.py,292,9808,0,False
scikit-learn,benchmarks/bench_hist_gradient_boosting_adult.py,Python,.py,100,3607,0,False
scikit-learn,benchmarks/bench_hist_gradient_boosting_categorical_only.py,Python,.py,79,2701,0,False
scikit-learn,benchmarks/bench_hist_gradient_boosting_higgsboson.py,Python,.py,127,4373,0,False
scikit-learn,benchmarks/bench_hist_gradient_boosting_threading.py,Python,.py,347,11378,0,False
scikit-learn,benchmarks/bench_isolation_forest.py,Python,.py,164,5660,0,False
scikit-learn,benchmarks/bench_isolation_forest_predict.py,Python,.py,213,6887,0,False
scikit-learn,benchmarks/bench_isotonic.py,Python,.py,111,3373,0,False
scikit-learn,benchmarks/bench_kernel_pca_solvers_time_vs_n_components.py,Python,.py,177,5593,0,False
scikit-learn,benchmarks/bench_kernel_pca_solvers_time_vs_n_samples.py,Python,.py,184,5949,0,False
scikit-learn,benchmarks/bench_lasso.py,Python,.py,99,3197,0,False
scikit-learn,benchmarks/bench_lof.py,Python,.py,113,3639,0,False
scikit-learn,benchmarks/bench_mnist.py,Python,.py,229,7160,0,False
scikit-learn,benchmarks/bench_online_ocsvm.py,Python,.py,294,9713,0,False
scikit-learn,benchmarks/bench_pca_solvers.py,Python,.py,165,5979,0,False
scikit-learn,benchmarks/bench_plot_fastkmeans.py,Python,.py,141,4569,0,False
scikit-learn,benchmarks/bench_plot_hierarchical.py,Python,.py,77,2632,0,False
scikit-learn,benchmarks/bench_plot_incremental_pca.py,Python,.py,159,5720,0,False
scikit-learn,benchmarks/bench_plot_lasso_path.py,Python,.py,113,4031,0,False
scikit-learn,benchmarks/bench_plot_neighbors.py,Python,.py,191,5911,0,False
scikit-learn,benchmarks/bench_plot_nmf.py,Python,.py,472,15867,0,False
scikit-learn,benchmarks/bench_plot_omp_lars.py,Python,.py,120,4536,0,False
scikit-learn,benchmarks/bench_plot_parallel_pairwise.py,Python,.py,48,1291,0,False
scikit-learn,benchmarks/bench_plot_polynomial_kernel_approximation.py,Python,.py,176,6204,0,False
scikit-learn,benchmarks/bench_plot_randomized_svd.py,Python,.py,529,18652,0,False
scikit-learn,benchmarks/bench_plot_svd.py,Python,.py,80,2839,0,False
scikit-learn,benchmarks/bench_plot_ward.py,Python,.py,48,1318,0,False
scikit-learn,benchmarks/bench_random_projections.py,Python,.py,304,8870,0,False
scikit-learn,benchmarks/bench_rcv1_logreg_convergence.py,Python,.py,311,8056,0,False
scikit-learn,benchmarks/bench_saga.py,Python,.py,390,11637,0,False
scikit-learn,benchmarks/bench_sample_without_replacement.py,Python,.py,233,7664,0,False
scikit-learn,benchmarks/bench_sgd_regression.py,Python,.py,151,5485,0,False
scikit-learn,benchmarks/bench_sparsify.py,Python,.py,107,3464,0,False
scikit-learn,benchmarks/bench_text_vectorizers.py,Python,.py,74,1994,0,False
scikit-learn,benchmarks/bench_tree.py,Python,.py,123,3747,0,False
scikit-learn,benchmarks/bench_tsne_mnist.py,Python,.py,208,6624,0,False
scikit-learn,benchmarks/plot_tsne_mnist.py,Python,.py,33,890,0,False
scikit-learn,build_tools/check-meson-openmp-dependencies.py,Python,.py,172,5632,0,False
scikit-learn,build_tools/generate_authors_table.py,Python,.py,253,8369,0,False
scikit-learn,build_tools/get_comment.py,Python,.py,374,12413,5,True
scikit-learn,build_tools/update_environments_and_lock_files.py,Python,.py,872,29051,11,True
scikit-learn,doc/api_reference.py,Python,.py,1375,50728,3,True
scikit-learn,doc/conf.py,Python,.py,1095,40266,5,True
scikit-learn,doc/conftest.py,Python,.py,179,5820,0,False
scikit-learn,maint_tools/bump-dependencies-versions.py,Python,.py,189,5981,2,True
scikit-learn,maint_tools/check_xfailed_checks.py,Python,.py,37,1635,0,False
scikit-learn,maint_tools/sort_whats_new.py,Python,.py,43,1224,0,False
scikit-learn,maint_tools/update_tracking_issue.py,Python,.py,189,6394,1,True
scikit-learn,sklearn/base.py,Python,.py,1407,50613,4,True
scikit-learn,sklearn/calibration.py,Python,.py,1751,64462,4,True
scikit-learn,sklearn/conftest.py,Python,.py,521,19071,2,True
scikit-learn,sklearn/discriminant_analysis.py,Python,.py,1228,46471,3,True
scikit-learn,sklearn/dummy.py,Python,.py,700,25090,0,False
scikit-learn,sklearn/exceptions.py,Python,.py,249,7952,0,False
scikit-learn,sklearn/isotonic.py,Python,.py,515,17902,0,False
scikit-learn,sklearn/kernel_approximation.py,Python,.py,1137,41941,1,True
scikit-learn,sklearn/kernel_ridge.py,Python,.py,244,9507,0,False
scikit-learn,sklearn/multiclass.py,Python,.py,1289,45800,0,False
scikit-learn,sklearn/multioutput.py,Python,.py,1272,44819,2,True
scikit-learn,sklearn/naive_bayes.py,Python,.py,1571,58805,2,True
scikit-learn,sklearn/pipeline.py,Python,.py,2290,91058,5,True
scikit-learn,sklearn/random_projection.py,Python,.py,827,29412,0,False
scikit-learn,sklearn/_config.py,Python,.py,435,16534,1,True
scikit-learn,sklearn/_distributor_init.py,Python,.py,13,437,0,False
scikit-learn,sklearn/_isotonic.pyx,Cython,.pyx,116,3849,0,False
scikit-learn,sklearn/_min_dependencies.py,Python,.py,74,2985,9,True
scikit-learn,sklearn/__init__.py,Python,.py,151,4675,3,True
scikit-learn,sklearn/callback/_base.py,Python,.py,139,4467,1,True
scikit-learn,sklearn/callback/_callback_context.py,Python,.py,568,22735,5,True
scikit-learn,sklearn/callback/_callback_support.py,Python,.py,211,7814,2,True
scikit-learn,sklearn/callback/_progressbar.py,Python,.py,311,12118,4,True
scikit-learn,sklearn/callback/_scoring_monitor.py,Python,.py,299,11855,3,True
scikit-learn,sklearn/callback/_transport.py,Python,.py,185,7884,2,True
scikit-learn,sklearn/callback/__init__.py,Python,.py,24,785,1,True
scikit-learn,sklearn/cluster/_affinity_propagation.py,Python,.py,607,21359,0,False
scikit-learn,sklearn/cluster/_agglomerative.py,Python,.py,1334,50825,2,True
scikit-learn,sklearn/cluster/_bicluster.py,Python,.py,622,22756,0,False
scikit-learn,sklearn/cluster/_birch.py,Python,.py,730,26792,0,False
scikit-learn,sklearn/cluster/_bisect_k_means.py,Python,.py,545,20153,0,False
scikit-learn,sklearn/cluster/_dbscan.py,Python,.py,514,21247,1,True
scikit-learn,sklearn/cluster/_dbscan_inner.pyx,Cython,.pyx,41,1365,1,True
scikit-learn,sklearn/cluster/_feature_agglomeration.py,Python,.py,76,2515,0,False
scikit-learn,sklearn/cluster/_hierarchical_fast.pxd,Cython,.pxd,9,260,0,False
scikit-learn,sklearn/cluster/_hierarchical_fast.pyx,Cython,.pyx,507,16450,0,False
scikit-learn,sklearn/cluster/_kmeans.py,Python,.py,2320,84851,1,True
scikit-learn,sklearn/cluster/_k_means_common.pxd,Cython,.pxd,48,935,0,False
scikit-learn,sklearn/cluster/_k_means_common.pyx,Cython,.pyx,328,10540,1,True
scikit-learn,sklearn/cluster/_k_means_elkan.pyx,Cython,.pyx,686,28991,0,False
scikit-learn,sklearn/cluster/_k_means_lloyd.pyx,Cython,.pyx,420,17000,0,False
scikit-learn,sklearn/cluster/_k_means_minibatch.pyx,Cython,.pyx,218,8374,0,False
scikit-learn,sklearn/cluster/_mean_shift.py,Python,.py,579,20908,1,True
scikit-learn,sklearn/cluster/_optics.py,Python,.py,1202,46188,0,False
scikit-learn,sklearn/cluster/_spectral.py,Python,.py,806,31820,2,True
scikit-learn,sklearn/cluster/__init__.py,Python,.py,64,1739,0,False
scikit-learn,sklearn/compose/_column_transformer.py,Python,.py,1521,62043,3,True
scikit-learn,sklearn/compose/_target.py,Python,.py,414,15663,3,True
scikit-learn,sklearn/compose/__init__.py,Python,.py,23,684,0,False
scikit-learn,sklearn/covariance/_elliptic_envelope.py,Python,.py,266,9363,0,False
scikit-learn,sklearn/covariance/_empirical_covariance.py,Python,.py,409,14381,2,True
scikit-learn,sklearn/covariance/_graph_lasso.py,Python,.py,1150,41944,2,True
scikit-learn,sklearn/covariance/_robust_covariance.py,Python,.py,925,37354,0,False
scikit-learn,sklearn/covariance/_shrunk_covariance.py,Python,.py,855,30225,3,True
scikit-learn,sklearn/covariance/__init__.py,Python,.py,50,1328,0,False
scikit-learn,sklearn/cross_decomposition/_pls.py,Python,.py,1097,38106,0,False
scikit-learn,sklearn/cross_decomposition/__init__.py,Python,.py,8,279,0,False
scikit-learn,sklearn/datasets/_arff_parser.py,Python,.py,544,19813,2,True
scikit-learn,sklearn/datasets/_base.py,Python,.py,1649,55775,5,True
scikit-learn,sklearn/datasets/_california_housing.py,Python,.py,246,7483,0,False
scikit-learn,sklearn/datasets/_covtype.py,Python,.py,252,8370,0,False
scikit-learn,sklearn/datasets/_kddcup99.py,Python,.py,426,14291,1,True
scikit-learn,sklearn/datasets/_lfw.py,Python,.py,654,23335,2,True
scikit-learn,sklearn/datasets/_olivetti_faces.py,Python,.py,187,6259,1,True
scikit-learn,sklearn/datasets/_openml.py,Python,.py,1190,44210,3,True
scikit-learn,sklearn/datasets/_rcv1.py,Python,.py,341,12396,0,False
scikit-learn,sklearn/datasets/_samples_generator.py,Python,.py,2390,79603,0,False
scikit-learn,sklearn/datasets/_species_distributions.py,Python,.py,287,9669,0,False
scikit-learn,sklearn/datasets/_svmlight_format_fast.pyx,Cython,.pyx,251,7404,0,False
scikit-learn,sklearn/datasets/_svmlight_format_io.py,Python,.py,591,21560,0,False
scikit-learn,sklearn/datasets/_twenty_newsgroups.py,Python,.py,625,21492,0,False
scikit-learn,sklearn/datasets/__init__.py,Python,.py,169,5560,0,False
scikit-learn,sklearn/decomposition/_base.py,Python,.py,219,7702,2,True
scikit-learn,sklearn/decomposition/_cdnmf_fast.pyx,Cython,.pyx,38,1166,0,False
scikit-learn,sklearn/decomposition/_dict_learning.py,Python,.py,2341,81034,0,False
scikit-learn,sklearn/decomposition/_factor_analysis.py,Python,.py,457,15738,0,False
scikit-learn,sklearn/decomposition/_fastica.py,Python,.py,812,27380,0,False
scikit-learn,sklearn/decomposition/_incremental_pca.py,Python,.py,423,16756,0,False
scikit-learn,sklearn/decomposition/_kernel_pca.py,Python,.py,579,23230,0,False
scikit-learn,sklearn/decomposition/_lda.py,Python,.py,956,35171,0,False
scikit-learn,sklearn/decomposition/_nmf.py,Python,.py,2404,84039,2,True
scikit-learn,sklearn/decomposition/_online_lda_fast.pyx,Cython,.pyx,110,2958,0,False
scikit-learn,sklearn/decomposition/_pca.py,Python,.py,834,34244,2,True
scikit-learn,sklearn/decomposition/_sparse_pca.py,Python,.py,551,18537,0,False
scikit-learn,sklearn/decomposition/_truncated_svd.py,Python,.py,322,12070,0,False
scikit-learn,sklearn/decomposition/__init__.py,Python,.py,50,1574,0,False
scikit-learn,sklearn/ensemble/_bagging.py,Python,.py,1480,54384,2,True
scikit-learn,sklearn/ensemble/_base.py,Python,.py,313,10917,0,False
scikit-learn,sklearn/ensemble/_bootstrap.py,Python,.py,69,2658,0,False
scikit-learn,sklearn/ensemble/_forest.py,Python,.py,3093,122995,4,True
scikit-learn,sklearn/ensemble/_gb.py,Python,.py,2191,88598,4,True
scikit-learn,sklearn/ensemble/_gradient_boosting.pyx,Cython,.pyx,262,8849,1,True
scikit-learn,sklearn/ensemble/_iforest.py,Python,.py,680,25197,1,True
scikit-learn,sklearn/ensemble/_stacking.py,Python,.py,1145,44649,1,True
scikit-learn,sklearn/ensemble/_voting.py,Python,.py,738,25960,3,True
scikit-learn,sklearn/ensemble/_weight_boosting.py,Python,.py,1130,40870,1,True
scikit-learn,sklearn/ensemble/__init__.py,Python,.py,45,1563,0,False
scikit-learn,sklearn/experimental/enable_halving_search_cv.py,Python,.py,35,1338,1,True
scikit-learn,sklearn/experimental/enable_hist_gradient_boosting.py,Python,.py,24,852,1,True
scikit-learn,sklearn/experimental/enable_iterative_imputer.py,Python,.py,23,779,1,True
scikit-learn,sklearn/experimental/__init__.py,Python,.py,10,315,0,False
scikit-learn,sklearn/externals/conftest.py,Python,.py,6,318,0,False
scikit-learn,sklearn/externals/_arff.py,Python,.py,1107,39476,1,True
scikit-learn,sklearn/externals/_array_api_compat_vendor.py,Python,.py,5,203,0,False
scikit-learn,sklearn/externals/__init__.py,Python,.py,5,47,0,False
scikit-learn,sklearn/feature_extraction/image.py,Python,.py,692,24372,0,False
scikit-learn,sklearn/feature_extraction/text.py,Python,.py,2142,79590,0,False
scikit-learn,sklearn/feature_extraction/_dict_vectorizer.py,Python,.py,457,16522,0,False
scikit-learn,sklearn/feature_extraction/_hash.py,Python,.py,208,8117,0,False
scikit-learn,sklearn/feature_extraction/_hashing_fast.pyx,Cython,.pyx,89,3134,0,False
scikit-learn,sklearn/feature_extraction/_stop_words.py,Python,.py,328,6053,0,False
scikit-learn,sklearn/feature_extraction/__init__.py,Python,.py,18,517,0,False
scikit-learn,sklearn/feature_selection/_base.py,Python,.py,275,10074,1,True
scikit-learn,sklearn/feature_selection/_from_model.py,Python,.py,519,19603,0,False
scikit-learn,sklearn/feature_selection/_mutual_info.py,Python,.py,580,20596,0,False
scikit-learn,sklearn/feature_selection/_rfe.py,Python,.py,1018,38193,1,True
scikit-learn,sklearn/feature_selection/_sequential.py,Python,.py,369,14343,1,True
scikit-learn,sklearn/feature_selection/_univariate_selection.py,Python,.py,1171,41967,0,False
scikit-learn,sklearn/feature_selection/_variance_threshold.py,Python,.py,141,4829,0,False
scikit-learn,sklearn/feature_selection/__init__.py,Python,.py,53,1369,0,False
scikit-learn,sklearn/frozen/_frozen.py,Python,.py,166,5153,1,True
scikit-learn,sklearn/frozen/__init__.py,Python,.py,6,168,0,False
scikit-learn,sklearn/gaussian_process/kernels.py,Python,.py,2413,87724,0,False
scikit-learn,sklearn/gaussian_process/_gpc.py,Python,.py,973,40360,0,False
scikit-learn,sklearn/gaussian_process/_gpr.py,Python,.py,679,28960,1,True
scikit-learn,sklearn/gaussian_process/__init__.py,Python,.py,10,411,0,False
scikit-learn,sklearn/impute/_base.py,Python,.py,1149,44039,1,True
scikit-learn,sklearn/impute/_iterative.py,Python,.py,995,39450,1,True
scikit-learn,sklearn/impute/_knn.py,Python,.py,411,15378,0,False
scikit-learn,sklearn/impute/__init__.py,Python,.py,10,386,1,True
scikit-learn,sklearn/inspection/_partial_dependence.py,Python,.py,773,34040,0,False
scikit-learn,sklearn/inspection/_pd_utils.py,Python,.py,68,2286,0,False
scikit-learn,sklearn/inspection/_permutation_importance.py,Python,.py,313,11745,1,True
scikit-learn,sklearn/inspection/__init__.py,Python,.py,16,573,0,False
scikit-learn,sklearn/linear_model/_base.py,Python,.py,928,31976,4,True
scikit-learn,sklearn/linear_model/_bayes.py,Python,.py,826,29891,1,True
scikit-learn,sklearn/linear_model/_cd_fast.pyx,Cython,.pyx,2164,77892,5,True
scikit-learn,sklearn/linear_model/_coordinate_descent.py,Python,.py,3456,124167,7,True
scikit-learn,sklearn/linear_model/_huber.py,Python,.py,363,13115,0,False
scikit-learn,sklearn/linear_model/_least_angle.py,Python,.py,2352,85432,2,True
scikit-learn,sklearn/linear_model/_linear_loss.py,Python,.py,962,40920,4,True
scikit-learn,sklearn/linear_model/_logistic.py,Python,.py,2685,107260,15,True
scikit-learn,sklearn/linear_model/_omp.py,Python,.py,1153,40551,2,True
scikit-learn,sklearn/linear_model/_passive_aggressive.py,Python,.py,622,21786,1,True
scikit-learn,sklearn/linear_model/_perceptron.py,Python,.py,226,7819,0,False
scikit-learn,sklearn/linear_model/_quantile.py,Python,.py,301,10853,0,False
scikit-learn,sklearn/linear_model/_ransac.py,Python,.py,727,26437,2,True
scikit-learn,sklearn/linear_model/_ridge.py,Python,.py,3054,111761,10,True
scikit-learn,sklearn/linear_model/_sag.py,Python,.py,370,12720,0,False
scikit-learn,sklearn/linear_model/_stochastic_gradient.py,Python,.py,2680,96752,1,True
scikit-learn,sklearn/linear_model/_theil_sen.py,Python,.py,449,16178,0,False
scikit-learn,sklearn/linear_model/__init__.py,Python,.py,108,2874,0,False
scikit-learn,sklearn/manifold/_barnes_hut_tsne.pyx,Cython,.pyx,295,11565,0,False
scikit-learn,sklearn/manifold/_classical_mds.py,Python,.py,198,6579,0,False
scikit-learn,sklearn/manifold/_isomap.py,Python,.py,444,16277,0,False
scikit-learn,sklearn/manifold/_locally_linear.py,Python,.py,885,31830,0,False
scikit-learn,sklearn/manifold/_mds.py,Python,.py,817,31061,0,False
scikit-learn,sklearn/manifold/_spectral_embedding.py,Python,.py,786,31217,1,True
scikit-learn,sklearn/manifold/_t_sne.py,Python,.py,1174,45087,1,True
scikit-learn,sklearn/manifold/_utils.pyx,Cython,.pyx,120,4031,1,True
scikit-learn,sklearn/manifold/__init__.py,Python,.py,27,762,0,False
scikit-learn,sklearn/metrics/pairwise.py,Python,.py,2695,95230,5,True
scikit-learn,sklearn/metrics/_base.py,Python,.py,209,7812,0,False
scikit-learn,sklearn/metrics/_classification.py,Python,.py,4113,159980,10,True
scikit-learn,sklearn/metrics/_pairwise_fast.pyx,Cython,.pyx,107,3579,0,False
scikit-learn,sklearn/metrics/_ranking.py,Python,.py,2361,92215,8,True
scikit-learn,sklearn/metrics/_regression.py,Python,.py,1983,69868,2,True
scikit-learn,sklearn/metrics/_scorer.py,Python,.py,1168,41910,4,True
scikit-learn,sklearn/metrics/__init__.py,Python,.py,192,5210,0,False
scikit-learn,sklearn/mixture/_base.py,Python,.py,616,21774,1,True
scikit-learn,sklearn/mixture/_bayesian_mixture.py,Python,.py,881,34275,2,True
scikit-learn,sklearn/mixture/_gaussian_mixture.py,Python,.py,1010,36914,3,True
scikit-learn,sklearn/mixture/__init__.py,Python,.py,9,315,0,False
scikit-learn,sklearn/model_selection/_classification_threshold.py,Python,.py,894,33905,3,True
scikit-learn,sklearn/model_selection/_plot.py,Python,.py,885,35491,0,False
scikit-learn,sklearn/model_selection/_search.py,Python,.py,2126,87497,2,True
scikit-learn,sklearn/model_selection/_search_successive_halving.py,Python,.py,1173,50033,4,True
scikit-learn,sklearn/model_selection/_split.py,Python,.py,3080,115821,2,True
scikit-learn,sklearn/model_selection/_validation.py,Python,.py,2540,98347,6,True
scikit-learn,sklearn/model_selection/__init__.py,Python,.py,106,2970,1,True
scikit-learn,sklearn/neighbors/_base.py,Python,.py,1403,53994,1,True
scikit-learn,sklearn/neighbors/_classification.py,Python,.py,923,36077,1,True
scikit-learn,sklearn/neighbors/_graph.py,Python,.py,709,25393,0,False
scikit-learn,sklearn/neighbors/_kde.py,Python,.py,363,12722,0,False
scikit-learn,sklearn/neighbors/_lof.py,Python,.py,523,20754,0,False
scikit-learn,sklearn/neighbors/_nca.py,Python,.py,560,21659,1,True
scikit-learn,sklearn/neighbors/_nearest_centroid.py,Python,.py,356,13451,0,False
scikit-learn,sklearn/neighbors/_partition_nodes.pxd,Cython,.pxd,10,304,0,False
scikit-learn,sklearn/neighbors/_partition_nodes.pyx,Cython,.pyx,122,4242,0,False
scikit-learn,sklearn/neighbors/_quad_tree.pxd,Cython,.pxd,90,4301,0,False
scikit-learn,sklearn/neighbors/_quad_tree.pyx,Cython,.pyx,611,24313,1,True
scikit-learn,sklearn/neighbors/_regression.py,Python,.py,521,19170,1,True
scikit-learn,sklearn/neighbors/_unsupervised.py,Python,.py,179,6462,0,False
scikit-learn,sklearn/neighbors/__init__.py,Python,.py,49,1517,0,False
scikit-learn,sklearn/neural_network/_base.py,Python,.py,287,8270,0,False
scikit-learn,sklearn/neural_network/_multilayer_perceptron.py,Python,.py,1801,67989,0,False
scikit-learn,sklearn/neural_network/_rbm.py,Python,.py,445,15443,0,False
scikit-learn,sklearn/neural_network/_stochastic_optimizers.py,Python,.py,287,9125,0,False
scikit-learn,sklearn/neural_network/__init__.py,Python,.py,9,329,0,False
scikit-learn,sklearn/preprocessing/_csr_polynomial_expansion.pyx,Cython,.pyx,258,9418,0,False
scikit-learn,sklearn/preprocessing/_data.py,Python,.py,3760,134292,4,True
scikit-learn,sklearn/preprocessing/_discretization.py,Python,.py,536,20945,0,False
scikit-learn,sklearn/preprocessing/_encoders.py,Python,.py,1679,69007,2,True
scikit-learn,sklearn/preprocessing/_function_transformer.py,Python,.py,444,17408,3,True
scikit-learn,sklearn/preprocessing/_label.py,Python,.py,1071,36419,5,True
scikit-learn,sklearn/preprocessing/_polynomial.py,Python,.py,1257,52256,1,True
scikit-learn,sklearn/preprocessing/_target_encoder.py,Python,.py,688,27778,3,True
scikit-learn,sklearn/preprocessing/_target_encoder_fast.pyx,Cython,.pyx,201,7029,1,True
scikit-learn,sklearn/preprocessing/__init__.py,Python,.py,68,1739,0,False
scikit-learn,sklearn/semi_supervised/_label_propagation.py,Python,.py,637,22445,0,False
scikit-learn,sklearn/semi_supervised/_self_training.py,Python,.py,581,20804,1,True
scikit-learn,sklearn/semi_supervised/__init__.py,Python,.py,13,494,0,False
scikit-learn,sklearn/svm/_base.py,Python,.py,1307,46097,1,True
scikit-learn,sklearn/svm/_bounds.py,Python,.py,98,3581,0,False
scikit-learn,sklearn/svm/_classes.py,Python,.py,1829,69970,1,True
scikit-learn,sklearn/svm/_liblinear.pxi,Cython,.pxi,43,1768,0,False
scikit-learn,sklearn/svm/_liblinear.pyx,Cython,.pyx,148,4306,0,False
scikit-learn,sklearn/svm/_libsvm.pxi,Cython,.pxi,75,3261,0,False
scikit-learn,sklearn/svm/_libsvm.pyx,Cython,.pyx,917,27598,0,False
scikit-learn,sklearn/svm/_libsvm_sparse.pyx,Cython,.pyx,551,19525,0,False
scikit-learn,sklearn/svm/_newrand.pyx,Cython,.pyx,13,311,0,False
scikit-learn,sklearn/svm/__init__.py,Python,.py,29,538,0,False
scikit-learn,sklearn/tests/metadata_routing_common.py,Python,.py,628,22648,2,True
scikit-learn,sklearn/tests/test_base.py,Python,.py,1140,36706,4,True
scikit-learn,sklearn/tests/test_build.py,Python,.py,103,4442,2,True
scikit-learn,sklearn/tests/test_calibration.py,Python,.py,1404,54060,7,True
scikit-learn,sklearn/tests/test_check_build.py,Python,.py,15,315,0,False
scikit-learn,sklearn/tests/test_common.py,Python,.py,419,14139,3,True
scikit-learn,sklearn/tests/test_config.py,Python,.py,171,6082,0,False
scikit-learn,sklearn/tests/test_discriminant_analysis.py,Python,.py,887,31339,1,True
scikit-learn,sklearn/tests/test_docstrings.py,Python,.py,219,7695,2,True
scikit-learn,sklearn/tests/test_docstring_parameters.py,Python,.py,347,12975,5,True
scikit-learn,sklearn/tests/test_docstring_parameters_consistency.py,Python,.py,113,4284,0,False
scikit-learn,sklearn/tests/test_dummy.py,Python,.py,715,22800,0,False
scikit-learn,sklearn/tests/test_init.py,Python,.py,19,519,0,False
scikit-learn,sklearn/tests/test_isotonic.py,Python,.py,699,22521,0,False
scikit-learn,sklearn/tests/test_kernel_approximation.py,Python,.py,546,18973,3,True
scikit-learn,sklearn/tests/test_kernel_ridge.py,Python,.py,80,2968,0,False
scikit-learn,sklearn/tests/test_metadata_routing.py,Python,.py,1337,48036,6,True
scikit-learn,sklearn/tests/test_metaestimators.py,Python,.py,340,11925,0,False
scikit-learn,sklearn/tests/test_metaestimators_metadata_routing.py,Python,.py,1084,39586,4,True
scikit-learn,sklearn/tests/test_min_dependencies_consistency.py,Python,.py,238,8107,0,False
scikit-learn,sklearn/tests/test_multiclass.py,Python,.py,984,34972,1,True
scikit-learn,sklearn/tests/test_multioutput.py,Python,.py,867,31014,1,True
scikit-learn,sklearn/tests/test_naive_bayes.py,Python,.py,1051,39262,3,True
scikit-learn,sklearn/tests/test_pipeline.py,Python,.py,2741,95404,11,True
scikit-learn,sklearn/tests/test_public_functions.py,Python,.py,405,17241,0,False
scikit-learn,sklearn/tests/test_random_projection.py,Python,.py,584,20167,0,False
scikit-learn,sklearn/tests/__init__.py,Python,.py,0,0,0,False
scikit-learn,sklearn/tree/_classes.py,Python,.py,2276,93111,10,True
scikit-learn,sklearn/tree/_criterion.pxd,Cython,.pxd,102,4047,0,False
scikit-learn,sklearn/tree/_criterion.pyx,Cython,.pyx,1656,62222,4,True
scikit-learn,sklearn/tree/_export.py,Python,.py,1234,44369,2,True
scikit-learn,sklearn/tree/_partitioner.pxd,Cython,.pxd,252,7851,4,True
scikit-learn,sklearn/tree/_partitioner.pyx,Cython,.pyx,937,38537,6,True
scikit-learn,sklearn/tree/_reingold_tilford.py,Python,.py,188,5345,0,False
scikit-learn,sklearn/tree/_splitter.pxd,Cython,.pxd,128,5396,2,True
scikit-learn,sklearn/tree/_splitter.pyx,Cython,.pyx,920,35471,3,True
scikit-learn,sklearn/tree/_tree.pxd,Cython,.pxd,131,5321,3,True
scikit-learn,sklearn/tree/_tree.pyx,Cython,.pyx,2103,80979,5,True
scikit-learn,sklearn/tree/_utils.pxd,Cython,.pxd,158,6094,4,True
scikit-learn,sklearn/tree/_utils.pyx,Cython,.pyx,248,9202,3,True
scikit-learn,sklearn/tree/__init__.py,Python,.py,24,620,0,False
scikit-learn,sklearn/utils/arrayfuncs.pyx,Cython,.pyx,118,3039,0,False
scikit-learn,sklearn/utils/class_weight.py,Python,.py,250,9603,2,True
scikit-learn,sklearn/utils/deprecation.py,Python,.py,123,3612,0,False
scikit-learn,sklearn/utils/discovery.py,Python,.py,255,8998,0,False
scikit-learn,sklearn/utils/estimator_checks.py,Python,.py,5744,215747,10,True
scikit-learn,sklearn/utils/extmath.py,Python,.py,1481,53255,8,True
scikit-learn,sklearn/utils/fixes.py,Python,.py,543,20039,2,True
scikit-learn,sklearn/utils/graph.py,Python,.py,162,5876,0,False
scikit-learn,sklearn/utils/metadata_routing.py,Python,.py,23,634,1,True
scikit-learn,sklearn/utils/metaestimators.py,Python,.py,177,6759,0,False
scikit-learn,sklearn/utils/multiclass.py,Python,.py,600,21957,2,True
scikit-learn,sklearn/utils/murmurhash.pxd,Cython,.pxd,21,903,0,False
scikit-learn,sklearn/utils/murmurhash.pyx,Cython,.pyx,135,4673,0,False
scikit-learn,sklearn/utils/optimize.py,Python,.py,508,16174,2,True
scikit-learn,sklearn/utils/parallel.py,Python,.py,214,8316,0,False
scikit-learn,sklearn/utils/random.py,Python,.py,103,3901,0,False
scikit-learn,sklearn/utils/sparsefuncs.py,Python,.py,808,25699,0,False
scikit-learn,sklearn/utils/sparsefuncs_fast.pyx,Cython,.pyx,685,23785,0,False
scikit-learn,sklearn/utils/stats.py,Python,.py,245,11125,1,True
scikit-learn,sklearn/utils/validation.py,Python,.py,3069,115317,11,True
scikit-learn,sklearn/utils/_arpack.py,Python,.py,33,1256,0,False
scikit-learn,sklearn/utils/_array_api.py,Python,.py,1337,49570,17,True
scikit-learn,sklearn/utils/_available_if.py,Python,.py,96,3041,0,False
scikit-learn,sklearn/utils/_bitset.pxd,Cython,.pxd,57,2172,3,True
scikit-learn,sklearn/utils/_bitset.pyx,Cython,.pyx,29,1064,3,True
scikit-learn,sklearn/utils/_bunch.py,Python,.py,70,2245,0,False
scikit-learn,sklearn/utils/_chunking.py,Python,.py,178,5635,0,False
scikit-learn,sklearn/utils/_cython_blas.pxd,Cython,.pxd,41,1606,0,False
scikit-learn,sklearn/utils/_cython_blas.pyx,Cython,.pyx,251,9230,0,False
scikit-learn,sklearn/utils/_dataframe.py,Python,.py,103,2534,1,True
scikit-learn,sklearn/utils/_encode.py,Python,.py,332,10927,5,True
scikit-learn,sklearn/utils/_fast_dict.pxd,Cython,.pxd,19,548,0,False
scikit-learn,sklearn/utils/_fast_dict.pyx,Cython,.pyx,137,4802,0,False
scikit-learn,sklearn/utils/_heap.pxd,Cython,.pxd,87,2411,1,True
scikit-learn,sklearn/utils/_indexing.py,Python,.py,683,24719,3,True
scikit-learn,sklearn/utils/_isfinite.pyx,Cython,.pyx,51,1465,0,False
scikit-learn,sklearn/utils/_mask.py,Python,.py,182,5186,1,True
scikit-learn,sklearn/utils/_metadata_requests.py,Python,.py,1910,73169,6,True
scikit-learn,sklearn/utils/_missing.py,Python,.py,66,1567,1,True
scikit-learn,sklearn/utils/_mocking.py,Python,.py,419,14111,1,True
scikit-learn,sklearn/utils/_openmp_helpers.pxd,Cython,.pxd,33,1102,0,False
scikit-learn,sklearn/utils/_openmp_helpers.pyx,Cython,.pyx,77,3220,0,False
scikit-learn,sklearn/utils/_optional_dependencies.py,Python,.py,62,1797,1,True
scikit-learn,sklearn/utils/_param_validation.py,Python,.py,910,29514,0,False
scikit-learn,sklearn/utils/_plotting.py,Python,.py,467,17987,0,False
scikit-learn,sklearn/utils/_pprint.py,Python,.py,464,18966,1,True
scikit-learn,sklearn/utils/_random.pxd,Cython,.pxd,34,1297,0,False
scikit-learn,sklearn/utils/_random.pyx,Cython,.pyx,352,12944,0,False
scikit-learn,sklearn/utils/_response.py,Python,.py,309,11899,1,True
scikit-learn,sklearn/utils/_set_output.py,Python,.py,466,15602,5,True
scikit-learn,sklearn/utils/_show_versions.py,Python,.py,116,2702,1,True
scikit-learn,sklearn/utils/_sorting.pxd,Cython,.pxd,10,224,2,True
scikit-learn,sklearn/utils/_sorting.pyx,Cython,.pyx,265,8217,2,True
scikit-learn,sklearn/utils/_sparse.py,Python,.py,39,1272,0,False
scikit-learn,sklearn/utils/_tags.py,Python,.py,302,10331,0,False
scikit-learn,sklearn/utils/_testing.py,Python,.py,1560,56857,12,True
scikit-learn,sklearn/utils/_typedefs.pxd,Cython,.pxd,41,2131,0,False
scikit-learn,sklearn/utils/_typedefs.pyx,Cython,.pyx,23,451,0,False
scikit-learn,sklearn/utils/_unique.py,Python,.py,108,3080,0,False
scikit-learn,sklearn/utils/_user_interface.py,Python,.py,57,1542,0,False
scikit-learn,sklearn/utils/_vector_sentinel.pxd,Cython,.pxd,12,314,0,False
scikit-learn,sklearn/utils/_vector_sentinel.pyx,Cython,.pyx,118,4576,0,False
scikit-learn,sklearn/utils/__init__.py,Python,.py,83,2478,0,False
scikit-learn,sklearn/_build_utils/tempita.py,Python,.py,62,1746,0,False
scikit-learn,sklearn/_build_utils/version.py,Python,.py,16,464,0,False
scikit-learn,sklearn/_build_utils/__init__.py,Python,.py,0,0,0,False
scikit-learn,sklearn/_loss/link.py,Python,.py,268,7755,0,False
scikit-learn,sklearn/_loss/loss.py,Python,.py,1868,65927,1,True
scikit-learn,sklearn/_loss/_loss.pxd,Cython,.pxd,101,4678,0,False
scikit-learn,sklearn/_loss/__init__.py,Python,.py,37,867,0,False
scikit-learn,sklearn/__check_build/_check_build.pyx,Cython,.pyx,2,32,0,False
scikit-learn,sklearn/__check_build/__init__.py,Python,.py,54,1934,0,False
scikit-learn,sklearn/_loss/tests/test_link.py,Python,.py,139,5171,1,True
scikit-learn,sklearn/_loss/tests/test_loss.py,Python,.py,1547,57633,6,True
scikit-learn,sklearn/_loss/tests/__init__.py,Python,.py,0,0,0,False
scikit-learn,sklearn/utils/src/MurmurHash3.cpp,C++,.cpp,345,8313,0,False
scikit-learn,sklearn/utils/src/MurmurHash3.h,C/C++,.h,45,1200,0,False
scikit-learn,sklearn/utils/tests/test_arpack.py,Python,.py,16,505,0,False
scikit-learn,sklearn/utils/tests/test_arrayfuncs.py,Python,.py,40,1401,1,True
scikit-learn,sklearn/utils/tests/test_array_api.py,Python,.py,995,36658,11,True
scikit-learn,sklearn/utils/tests/test_bitset.py,Python,.py,63,2071,0,False
scikit-learn,sklearn/utils/tests/test_bunch.py,Python,.py,32,845,0,False
scikit-learn,sklearn/utils/tests/test_chunking.py,Python,.py,73,2444,0,False
scikit-learn,sklearn/utils/tests/test_class_weight.py,Python,.py,334,13291,0,False
scikit-learn,sklearn/utils/tests/test_cython_blas.py,Python,.py,250,6959,0,False
scikit-learn,sklearn/utils/tests/test_dataframe.py,Python,.py,59,1799,2,True
scikit-learn,sklearn/utils/tests/test_deprecation.py,Python,.py,98,2360,1,True
scikit-learn,sklearn/utils/tests/test_encode.py,Python,.py,237,8494,2,True
scikit-learn,sklearn/utils/tests/test_estimator_checks.py,Python,.py,1791,65047,1,True
scikit-learn,sklearn/utils/tests/test_extmath.py,Python,.py,1169,42288,4,True
scikit-learn,sklearn/utils/tests/test_fast_dict.py,Python,.py,47,1402,0,False
scikit-learn,sklearn/utils/tests/test_fixes.py,Python,.py,202,6703,0,False
scikit-learn,sklearn/utils/tests/test_graph.py,Python,.py,80,3127,0,False
scikit-learn,sklearn/utils/tests/test_indexing.py,Python,.py,711,26285,7,True
scikit-learn,sklearn/utils/tests/test_mask.py,Python,.py,19,556,0,False
scikit-learn,sklearn/utils/tests/test_metaestimators.py,Python,.py,63,2170,0,False
scikit-learn,sklearn/utils/tests/test_missing.py,Python,.py,27,736,0,False
scikit-learn,sklearn/utils/tests/test_mocking.py,Python,.py,205,6100,1,True
scikit-learn,sklearn/utils/tests/test_multiclass.py,Python,.py,686,24463,4,True
scikit-learn,sklearn/utils/tests/test_murmurhash.py,Python,.py,73,2589,0,False
scikit-learn,sklearn/utils/tests/test_optimize.py,Python,.py,239,8590,2,True
scikit-learn,sklearn/utils/tests/test_parallel.py,Python,.py,197,7786,0,False
scikit-learn,sklearn/utils/tests/test_param_validation.py,Python,.py,787,25261,0,False
scikit-learn,sklearn/utils/tests/test_plotting.py,Python,.py,542,20865,1,True
scikit-learn,sklearn/utils/tests/test_pprint.py,Python,.py,699,28468,1,True
scikit-learn,sklearn/utils/tests/test_random.py,Python,.py,192,7341,0,False
scikit-learn,sklearn/utils/tests/test_response.py,Python,.py,448,17110,0,False
scikit-learn,sklearn/utils/tests/test_seq_dataset.py,Python,.py,185,6236,0,False
scikit-learn,sklearn/utils/tests/test_set_output.py,Python,.py,471,16578,1,True
scikit-learn,sklearn/utils/tests/test_shortest_path.py,Python,.py,65,1911,0,False
scikit-learn,sklearn/utils/tests/test_show_versions.py,Python,.py,41,1077,1,True
scikit-learn,sklearn/utils/tests/test_sorting.py,Python,.py,61,2287,3,True
scikit-learn,sklearn/utils/tests/test_sparse.py,Python,.py,78,3008,0,False
scikit-learn,sklearn/utils/tests/test_sparsefuncs.py,Python,.py,1080,38723,1,True
scikit-learn,sklearn/utils/tests/test_stats.py,Python,.py,521,20082,4,True
scikit-learn,sklearn/utils/tests/test_tags.py,Python,.py,158,4959,1,True
scikit-learn,sklearn/utils/tests/test_testing.py,Python,.py,1146,34536,1,True
scikit-learn,sklearn/utils/tests/test_typedefs.py,Python,.py,25,760,0,False
scikit-learn,sklearn/utils/tests/test_unique.py,Python,.py,54,1874,0,False
scikit-learn,sklearn/utils/tests/test_user_interface.py,Python,.py,65,1837,0,False
scikit-learn,sklearn/utils/tests/test_validation.py,Python,.py,2569,90625,12,True
scikit-learn,sklearn/utils/tests/test_weight_vector.py,Python,.py,25,690,0,False
scikit-learn,sklearn/utils/tests/__init__.py,Python,.py,0,0,0,False
scikit-learn,sklearn/utils/_repr_html/base.py,Python,.py,164,6576,0,False
scikit-learn,sklearn/utils/_repr_html/common.py,Python,.py,82,2736,0,False
scikit-learn,sklearn/utils/_repr_html/estimator.js,JavaScript,.js,169,6286,0,False
scikit-learn,sklearn/utils/_repr_html/estimator.py,Python,.py,574,21671,1,True
scikit-learn,sklearn/utils/_repr_html/features.py,Python,.py,76,2489,2,True
scikit-learn,sklearn/utils/_repr_html/fitted_attributes.py,Python,.py,166,5343,0,False
scikit-learn,sklearn/utils/_repr_html/params.py,Python,.py,129,4650,1,True
scikit-learn,sklearn/utils/_repr_html/__init__.py,Python,.py,2,81,0,False
scikit-learn,sklearn/utils/_test_common/instance_generator.py,Python,.py,1401,56607,10,True
scikit-learn,sklearn/utils/_test_common/__init__.py,Python,.py,2,81,0,False
scikit-learn,sklearn/utils/_repr_html/tests/test_attributes.py,Python,.py,185,5988,0,False
scikit-learn,sklearn/utils/_repr_html/tests/test_estimator.py,Python,.py,630,22652,2,True
scikit-learn,sklearn/utils/_repr_html/tests/test_features.py,Python,.py,267,8613,4,True
scikit-learn,sklearn/utils/_repr_html/tests/test_js.py,Python,.py,185,6103,1,True
scikit-learn,sklearn/utils/_repr_html/tests/test_params.py,Python,.py,248,8153,1,True
scikit-learn,sklearn/utils/_repr_html/tests/__init__.py,Python,.py,0,0,0,False
scikit-learn,sklearn/tree/tests/test_export.py,Python,.py,773,26253,2,True
scikit-learn,sklearn/tree/tests/test_fenwick.py,Python,.py,51,1801,0,False
scikit-learn,sklearn/tree/tests/test_monotonic_tree.py,Python,.py,536,19910,1,True
scikit-learn,sklearn/tree/tests/test_reingold_tilford.py,Python,.py,49,1511,1,True
scikit-learn,sklearn/tree/tests/test_split.py,Python,.py,413,14907,3,True
scikit-learn,sklearn/tree/tests/test_swap.py,Python,.py,43,1526,0,False
scikit-learn,sklearn/tree/tests/test_tree.py,Python,.py,3662,132964,6,True
scikit-learn,sklearn/tree/tests/__init__.py,Python,.py,0,0,0,False
scikit-learn,sklearn/svm/tests/test_bounds.py,Python,.py,137,5240,0,False
scikit-learn,sklearn/svm/tests/test_sparse.py,Python,.py,504,16742,0,False
scikit-learn,sklearn/svm/tests/test_svm.py,Python,.py,1535,54471,2,True
scikit-learn,sklearn/svm/tests/__init__.py,Python,.py,0,0,0,False
scikit-learn,sklearn/svm/src/liblinear/liblinear_helper.c,C,.c,236,6616,0,False
scikit-learn,sklearn/svm/src/liblinear/linear.cpp,C++,.cpp,3080,66095,2,True
scikit-learn,sklearn/svm/src/liblinear/linear.h,C/C++,.h,86,2544,0,False
scikit-learn,sklearn/svm/src/liblinear/tron.cpp,C++,.cpp,223,5175,0,False
scikit-learn,sklearn/svm/src/liblinear/tron.h,C/C++,.h,37,805,0,False
scikit-learn,sklearn/svm/src/liblinear/_cython_blas_helpers.h,C/C++,.h,16,474,0,False
scikit-learn,sklearn/svm/src/libsvm/libsvm_helper.c,C,.c,425,12143,0,False
scikit-learn,sklearn/svm/src/libsvm/libsvm_sparse_helper.c,C,.c,472,13719,0,False
scikit-learn,sklearn/svm/src/libsvm/libsvm_template.cpp,C++,.cpp,8,181,0,False
scikit-learn,sklearn/svm/src/libsvm/svm.cpp,C++,.cpp,3191,72500,1,True
scikit-learn,sklearn/svm/src/libsvm/svm.h,C/C++,.h,176,6438,0,False
scikit-learn,sklearn/svm/src/libsvm/_svm_cython_blas_helpers.h,C/C++,.h,9,226,0,False
scikit-learn,sklearn/svm/src/newrand/newrand.h,C/C++,.h,59,1899,0,False
scikit-learn,sklearn/semi_supervised/tests/test_label_propagation.py,Python,.py,268,10157,0,False
scikit-learn,sklearn/semi_supervised/tests/test_self_training.py,Python,.py,384,14178,1,True
scikit-learn,sklearn/semi_supervised/tests/__init__.py,Python,.py,0,0,0,False
scikit-learn,sklearn/preprocessing/tests/test_common.py,Python,.py,188,7008,0,False
scikit-learn,sklearn/preprocessing/tests/test_data.py,Python,.py,2934,110342,7,True
scikit-learn,sklearn/preprocessing/tests/test_discretization.py,Python,.py,663,21796,0,False
scikit-learn,sklearn/preprocessing/tests/test_encoders.py,Python,.py,2435,84358,3,True
scikit-learn,sklearn/preprocessing/tests/test_function_transformer.py,Python,.py,579,19852,2,True
scikit-learn,sklearn/preprocessing/tests/test_label.py,Python,.py,932,33670,3,True
scikit-learn,sklearn/preprocessing/tests/test_polynomial.py,Python,.py,1395,48947,3,True
scikit-learn,sklearn/preprocessing/tests/test_target_encoder.py,Python,.py,774,31080,0,False
scikit-learn,sklearn/preprocessing/tests/__init__.py,Python,.py,0,0,0,False
scikit-learn,sklearn/neural_network/tests/test_base.py,Python,.py,52,1618,0,False
scikit-learn,sklearn/neural_network/tests/test_mlp.py,Python,.py,1119,38079,0,False
scikit-learn,sklearn/neural_network/tests/test_rbm.py,Python,.py,245,8224,0,False
scikit-learn,sklearn/neural_network/tests/test_stochastic_optimizers.py,Python,.py,112,4249,0,False
scikit-learn,sklearn/neural_network/tests/__init__.py,Python,.py,0,0,0,False
scikit-learn,sklearn/neighbors/tests/test_ball_tree.py,Python,.py,200,7297,0,False
scikit-learn,sklearn/neighbors/tests/test_graph.py,Python,.py,101,3648,1,True
scikit-learn,sklearn/neighbors/tests/test_kde.py,Python,.py,252,9997,0,False
scikit-learn,sklearn/neighbors/tests/test_kd_tree.py,Python,.py,150,5593,3,True
scikit-learn,sklearn/neighbors/tests/test_lof.py,Python,.py,394,14140,0,False
scikit-learn,sklearn/neighbors/tests/test_nca.py,Python,.py,588,21380,1,True
scikit-learn,sklearn/neighbors/tests/test_nearest_centroid.py,Python,.py,237,7809,0,False
scikit-learn,sklearn/neighbors/tests/test_neighbors.py,Python,.py,2547,90904,4,True
scikit-learn,sklearn/neighbors/tests/test_neighbors_pipeline.py,Python,.py,256,8403,0,False
scikit-learn,sklearn/neighbors/tests/test_neighbors_tree.py,Python,.py,296,9593,0,False
scikit-learn,sklearn/neighbors/tests/test_quad_tree.py,Python,.py,150,5292,0,False
scikit-learn,sklearn/neighbors/tests/__init__.py,Python,.py,0,0,0,False
scikit-learn,sklearn/model_selection/tests/common.py,Python,.py,24,665,0,False
scikit-learn,sklearn/model_selection/tests/test_classification_threshold.py,Python,.py,635,24451,1,True
scikit-learn,sklearn/model_selection/tests/test_plot.py,Python,.py,572,19028,0,False
scikit-learn,sklearn/model_selection/tests/test_search.py,Python,.py,3180,110525,9,True
scikit-learn,sklearn/model_selection/tests/test_split.py,Python,.py,2117,77425,7,True
scikit-learn,sklearn/model_selection/tests/test_successive_halving.py,Python,.py,908,32592,1,True
scikit-learn,sklearn/model_selection/tests/test_validation.py,Python,.py,2744,95696,11,True
scikit-learn,sklearn/model_selection/tests/__init__.py,Python,.py,0,0,0,False
scikit-learn,sklearn/mixture/tests/test_bayesian_mixture.py,Python,.py,464,17504,0,False
scikit-learn,sklearn/mixture/tests/test_gaussian_mixture.py,Python,.py,1649,57683,3,True
scikit-learn,sklearn/mixture/tests/test_mixture.py,Python,.py,33,1211,0,False
scikit-learn,sklearn/mixture/tests/__init__.py,Python,.py,0,0,0,False
scikit-learn,sklearn/metrics/cluster/_bicluster.py,Python,.py,114,3761,0,False
scikit-learn,sklearn/metrics/cluster/_expected_mutual_info_fast.pyx,Cython,.pyx,69,2761,0,False
scikit-learn,sklearn/metrics/cluster/_supervised.py,Python,.py,1335,46808,4,True
scikit-learn,sklearn/metrics/cluster/_unsupervised.py,Python,.py,487,18467,1,True
scikit-learn,sklearn/metrics/cluster/__init__.py,Python,.py,56,1565,0,False
scikit-learn,sklearn/metrics/tests/test_classification.py,Python,.py,3749,137881,7,True
scikit-learn,sklearn/metrics/tests/test_common.py,Python,.py,3005,104610,16,True
scikit-learn,sklearn/metrics/tests/test_dist_metrics.py,Python,.py,431,15426,0,False
scikit-learn,sklearn/metrics/tests/test_pairwise.py,Python,.py,1863,67620,5,True
scikit-learn,sklearn/metrics/tests/test_pairwise_distances_reduction.py,Python,.py,1643,54704,0,False
scikit-learn,sklearn/metrics/tests/test_ranking.py,Python,.py,2651,100789,4,True
scikit-learn,sklearn/metrics/tests/test_regression.py,Python,.py,644,26897,2,True
scikit-learn,sklearn/metrics/tests/test_score_objects.py,Python,.py,1723,62614,2,True
scikit-learn,sklearn/metrics/tests/__init__.py,Python,.py,0,0,0,False
scikit-learn,sklearn/metrics/_pairwise_distances_reduction/_classmode.pxd,Cython,.pxd,5,156,0,False
scikit-learn,sklearn/metrics/_pairwise_distances_reduction/_dispatcher.py,Python,.py,763,30795,0,False
scikit-learn,sklearn/metrics/_pairwise_distances_reduction/__init__.py,Python,.py,112,5289,0,False
scikit-learn,sklearn/metrics/_plot/confusion_matrix.py,Python,.py,499,17862,0,False
scikit-learn,sklearn/metrics/_plot/det_curve.py,Python,.py,439,15540,1,True
scikit-learn,sklearn/metrics/_plot/precision_recall_curve.py,Python,.py,925,35884,0,False
scikit-learn,sklearn/metrics/_plot/regression.py,Python,.py,413,15119,0,False
scikit-learn,sklearn/metrics/_plot/roc_curve.py,Python,.py,745,27214,0,False
scikit-learn,sklearn/metrics/_plot/__init__.py,Python,.py,2,81,0,False
scikit-learn,sklearn/metrics/_plot/tests/test_common_curve_display.py,Python,.py,860,31169,1,True
scikit-learn,sklearn/metrics/_plot/tests/test_confusion_matrix_display.py,Python,.py,374,13861,0,False
scikit-learn,sklearn/metrics/_plot/tests/test_det_curve_display.py,Python,.py,131,4458,1,True
scikit-learn,sklearn/metrics/_plot/tests/test_precision_recall_display.py,Python,.py,728,27129,1,True
scikit-learn,sklearn/metrics/_plot/tests/test_predict_error_display.py,Python,.py,169,6176,0,False
scikit-learn,sklearn/metrics/_plot/tests/test_roc_curve_display.py,Python,.py,569,19883,0,False
scikit-learn,sklearn/metrics/_plot/tests/__init__.py,Python,.py,0,0,0,False
scikit-learn,sklearn/metrics/cluster/tests/test_bicluster.py,Python,.py,56,1775,0,False
scikit-learn,sklearn/metrics/cluster/tests/test_common.py,Python,.py,306,10626,1,True
scikit-learn,sklearn/metrics/cluster/tests/test_supervised.py,Python,.py,537,20166,2,True
scikit-learn,sklearn/metrics/cluster/tests/test_unsupervised.py,Python,.py,413,12682,0,False
scikit-learn,sklearn/metrics/cluster/tests/__init__.py,Python,.py,0,0,0,False
scikit-learn,sklearn/manifold/tests/test_classical_mds.py,Python,.py,68,2048,0,False
scikit-learn,sklearn/manifold/tests/test_isomap.py,Python,.py,346,12396,1,True
scikit-learn,sklearn/manifold/tests/test_locally_linear.py,Python,.py,171,5943,0,False
scikit-learn,sklearn/manifold/tests/test_mds.py,Python,.py,296,9799,0,False
scikit-learn,sklearn/manifold/tests/test_spectral_embedding.py,Python,.py,557,20551,1,True
scikit-learn,sklearn/manifold/tests/test_t_sne.py,Python,.py,1137,38767,1,True
scikit-learn,sklearn/manifold/tests/__init__.py,Python,.py,0,0,0,False
scikit-learn,sklearn/linear_model/tests/test_base.py,Python,.py,920,32139,4,True
scikit-learn,sklearn/linear_model/tests/test_bayes.py,Python,.py,331,12264,2,True
scikit-learn,sklearn/linear_model/tests/test_common.py,Python,.py,297,10046,0,False
scikit-learn,sklearn/linear_model/tests/test_coordinate_descent.py,Python,.py,1879,67448,7,True
scikit-learn,sklearn/linear_model/tests/test_huber.py,Python,.py,216,7831,0,False
scikit-learn,sklearn/linear_model/tests/test_least_angle.py,Python,.py,870,30537,2,True
scikit-learn,sklearn/linear_model/tests/test_linear_loss.py,Python,.py,510,18422,0,False
scikit-learn,sklearn/linear_model/tests/test_logistic.py,Python,.py,3251,120811,18,True
scikit-learn,sklearn/linear_model/tests/test_omp.py,Python,.py,273,9617,0,False
scikit-learn,sklearn/linear_model/tests/test_passive_aggressive.py,Python,.py,345,12162,0,False
scikit-learn,sklearn/linear_model/tests/test_perceptron.py,Python,.py,88,2696,0,False
scikit-learn,sklearn/linear_model/tests/test_quantile.py,Python,.py,283,10972,0,False
scikit-learn,sklearn/linear_model/tests/test_ransac.py,Python,.py,543,17337,0,False
scikit-learn,sklearn/linear_model/tests/test_ridge.py,Python,.py,2711,98269,5,True
scikit-learn,sklearn/linear_model/tests/test_sag.py,Python,.py,867,26739,0,False
scikit-learn,sklearn/linear_model/tests/test_sgd.py,Python,.py,2340,77096,1,True
scikit-learn,sklearn/linear_model/tests/test_sparse_coordinate_descent.py,Python,.py,404,13387,1,True
scikit-learn,sklearn/linear_model/tests/test_theil_sen.py,Python,.py,296,10234,0,False
scikit-learn,sklearn/linear_model/tests/__init__.py,Python,.py,0,0,0,False
scikit-learn,sklearn/linear_model/_glm/glm.py,Python,.py,1217,47295,6,True
scikit-learn,sklearn/linear_model/_glm/_newton_solver.py,Python,.py,1590,68789,5,True
scikit-learn,sklearn/linear_model/_glm/__init__.py,Python,.py,16,359,0,False
scikit-learn,sklearn/linear_model/_glm/tests/test_glm.py,Python,.py,1348,51986,11,True
scikit-learn,sklearn/linear_model/_glm/tests/test_newton_solver.py,Python,.py,79,3106,1,True
scikit-learn,sklearn/linear_model/_glm/tests/__init__.py,Python,.py,2,81,0,False
scikit-learn,sklearn/inspection/tests/test_partial_dependence.py,Python,.py,1255,43984,3,True
scikit-learn,sklearn/inspection/tests/test_pd_utils.py,Python,.py,47,1684,2,True
scikit-learn,sklearn/inspection/tests/test_permutation_importance.py,Python,.py,550,20835,4,True
scikit-learn,sklearn/inspection/tests/__init__.py,Python,.py,0,0,0,False
scikit-learn,sklearn/inspection/_plot/decision_boundary.py,Python,.py,854,35469,4,True
scikit-learn,sklearn/inspection/_plot/partial_dependence.py,Python,.py,1490,62955,0,False
scikit-learn,sklearn/inspection/_plot/__init__.py,Python,.py,2,81,0,False
scikit-learn,sklearn/inspection/_plot/tests/test_boundary_decision_display.py,Python,.py,1050,36359,4,True
scikit-learn,sklearn/inspection/_plot/tests/test_plot_partial_dependence.py,Python,.py,1311,42568,3,True
scikit-learn,sklearn/inspection/_plot/tests/__init__.py,Python,.py,0,0,0,False
scikit-learn,sklearn/impute/tests/test_base.py,Python,.py,107,3468,1,True
scikit-learn,sklearn/impute/tests/test_common.py,Python,.py,217,7434,1,True
scikit-learn,sklearn/impute/tests/test_impute.py,Python,.py,1932,67746,2,True
scikit-learn,sklearn/impute/tests/test_knn.py,Python,.py,570,18110,0,False
scikit-learn,sklearn/impute/tests/__init__.py,Python,.py,0,0,0,False
scikit-learn,sklearn/gaussian_process/tests/test_gpc.py,Python,.py,339,12267,1,True
scikit-learn,sklearn/gaussian_process/tests/test_gpr.py,Python,.py,878,31712,1,True
scikit-learn,sklearn/gaussian_process/tests/test_kernels.py,Python,.py,403,14895,0,False
scikit-learn,sklearn/gaussian_process/tests/_mini_sequence_kernel.py,Python,.py,54,1625,0,False
scikit-learn,sklearn/gaussian_process/tests/__init__.py,Python,.py,0,0,0,False
scikit-learn,sklearn/frozen/tests/test_frozen.py,Python,.py,214,7025,1,True
scikit-learn,sklearn/frozen/tests/__init__.py,Python,.py,0,0,0,False
scikit-learn,sklearn/feature_selection/tests/test_base.py,Python,.py,154,4986,0,False
scikit-learn,sklearn/feature_selection/tests/test_chi2.py,Python,.py,93,3232,0,False
scikit-learn,sklearn/feature_selection/tests/test_feature_select.py,Python,.py,1018,33525,0,False
scikit-learn,sklearn/feature_selection/tests/test_from_model.py,Python,.py,692,24277,1,True
scikit-learn,sklearn/feature_selection/tests/test_mutual_info.py,Python,.py,270,10122,0,False
scikit-learn,sklearn/feature_selection/tests/test_rfe.py,Python,.py,778,26773,0,False
scikit-learn,sklearn/feature_selection/tests/test_sequential.py,Python,.py,332,11238,0,False
scikit-learn,sklearn/feature_selection/tests/test_variance_threshold.py,Python,.py,72,2712,0,False
scikit-learn,sklearn/feature_selection/tests/__init__.py,Python,.py,0,0,0,False
scikit-learn,sklearn/feature_extraction/tests/test_dict_vectorizer.py,Python,.py,261,8517,0,False
scikit-learn,sklearn/feature_extraction/tests/test_feature_hasher.py,Python,.py,176,5910,0,False
scikit-learn,sklearn/feature_extraction/tests/test_image.py,Python,.py,382,13565,0,False
scikit-learn,sklearn/feature_extraction/tests/test_text.py,Python,.py,1659,55028,2,True
scikit-learn,sklearn/feature_extraction/tests/__init__.py,Python,.py,0,0,0,False
scikit-learn,sklearn/externals/array_api_compat/_internal.py,Python,.py,77,2149,0,False
scikit-learn,sklearn/externals/array_api_compat/__init__.py,Python,.py,22,1008,1,True
scikit-learn,sklearn/externals/array_api_extra/_at.py,Python,.py,468,16023,0,False
scikit-learn,sklearn/externals/array_api_extra/_creation.py,Python,.py,146,4727,1,True
scikit-learn,sklearn/externals/array_api_extra/_elementwise.py,Python,.py,368,13201,1,True
scikit-learn,sklearn/externals/array_api_extra/_indexing.py,Python,.py,258,8529,1,True
scikit-learn,sklearn/externals/array_api_extra/_lazy.py,Python,.py,334,13726,0,False
scikit-learn,sklearn/externals/array_api_extra/_linalg.py,Python,.py,102,3147,1,True
scikit-learn,sklearn/externals/array_api_extra/_manipulation.py,Python,.py,284,9259,1,True
scikit-learn,sklearn/externals/array_api_extra/_searching.py,Python,.py,88,3251,1,True
scikit-learn,sklearn/externals/array_api_extra/_set.py,Python,.py,212,6500,1,True
scikit-learn,sklearn/externals/array_api_extra/_sorting.py,Python,.py,206,6844,1,True
scikit-learn,sklearn/externals/array_api_extra/_statistical.py,Python,.py,425,15106,1,True
scikit-learn,sklearn/externals/array_api_extra/__init__.py,Python,.py,56,1412,3,True
scikit-learn,sklearn/externals/_numpydoc/docscrape.py,Python,.py,759,24449,0,False
scikit-learn,sklearn/externals/_packaging/version.py,Python,.py,535,16668,0,False
scikit-learn,sklearn/externals/_packaging/_structures.py,Python,.py,90,3012,0,False
scikit-learn,sklearn/externals/_packaging/__init__.py,Python,.py,0,0,0,False
scikit-learn,sklearn/externals/_scipy/__init__.py,Python,.py,0,0,0,False
scikit-learn,sklearn/externals/_scipy/sparse/__init__.py,Python,.py,0,0,0,False
scikit-learn,sklearn/externals/_scipy/sparse/csgraph/_laplacian.py,Python,.py,557,18751,0,False
scikit-learn,sklearn/externals/_scipy/sparse/csgraph/__init__.py,Python,.py,1,35,0,False
scikit-learn,sklearn/externals/array_api_extra/testing/_testing.py,Python,.py,1020,38425,0,False
scikit-learn,sklearn/externals/array_api_extra/testing/__init__.py,Python,.py,19,359,1,True
scikit-learn,sklearn/externals/array_api_extra/_agnostic/_creation.py,Python,.py,43,1534,1,True
scikit-learn,sklearn/externals/array_api_extra/_agnostic/_elementwise.py,Python,.py,351,11635,1,True
scikit-learn,sklearn/externals/array_api_extra/_agnostic/_indexing.py,Python,.py,68,2061,1,True
scikit-learn,sklearn/externals/array_api_extra/_agnostic/_inspection.py,Python,.py,45,1524,1,True
scikit-learn,sklearn/externals/array_api_extra/_agnostic/_linalg.py,Python,.py,47,1497,1,True
scikit-learn,sklearn/externals/array_api_extra/_agnostic/_manipulation.py,Python,.py,99,3163,1,True
scikit-learn,sklearn/externals/array_api_extra/_agnostic/_searching.py,Python,.py,44,1392,1,True
scikit-learn,sklearn/externals/array_api_extra/_agnostic/_set.py,Python,.py,87,2881,1,True
scikit-learn,sklearn/externals/array_api_extra/_agnostic/_sorting.py,Python,.py,29,710,1,True
scikit-learn,sklearn/externals/array_api_extra/_agnostic/_statistical.py,Python,.py,180,5729,1,True
scikit-learn,sklearn/externals/array_api_extra/_agnostic/__init__.py,Python,.py,27,438,1,True
scikit-learn,sklearn/externals/array_api_extra/_lib/_backends.py,Python,.py,73,2243,1,True
scikit-learn,sklearn/externals/array_api_extra/_lib/_compat.py,Python,.py,74,1877,0,False
scikit-learn,sklearn/externals/array_api_extra/_lib/_helpers.py,Python,.py,618,20661,0,False
scikit-learn,sklearn/externals/array_api_extra/_lib/_testing.py,Python,.py,33,1056,2,True
scikit-learn,sklearn/externals/array_api_extra/_lib/_typing.py,Python,.py,39,756,1,True
scikit-learn,sklearn/externals/array_api_extra/_lib/__init__.py,Python,.py,1,37,0,False
scikit-learn,sklearn/externals/array_api_compat/common/_aliases.py,Python,.py,702,19690,0,False
scikit-learn,sklearn/externals/array_api_compat/common/_fft.py,Python,.py,213,4882,0,False
scikit-learn,sklearn/externals/array_api_compat/common/_helpers.py,Python,.py,1097,34433,1,True
scikit-learn,sklearn/externals/array_api_compat/common/_linalg.py,Python,.py,234,7116,1,True
scikit-learn,sklearn/externals/array_api_compat/common/_typing.py,Python,.py,189,4687,0,False
scikit-learn,sklearn/externals/array_api_compat/common/__init__.py,Python,.py,1,39,0,False
scikit-learn,sklearn/externals/array_api_compat/cupy/fft.py,Python,.py,36,908,0,False
scikit-learn,sklearn/externals/array_api_compat/cupy/linalg.py,Python,.py,62,1907,1,True
scikit-learn,sklearn/externals/array_api_compat/cupy/_aliases.py,Python,.py,208,6608,1,True
scikit-learn,sklearn/externals/array_api_compat/cupy/_info.py,Python,.py,336,10466,1,True
scikit-learn,sklearn/externals/array_api_compat/cupy/_typing.py,Python,.py,30,637,0,False
scikit-learn,sklearn/externals/array_api_compat/cupy/__init__.py,Python,.py,24,768,1,True
scikit-learn,sklearn/externals/array_api_compat/dask/__init__.py,Python,.py,0,0,0,False
scikit-learn,sklearn/externals/array_api_compat/numpy/fft.py,Python,.py,30,744,0,False
scikit-learn,sklearn/externals/array_api_compat/numpy/linalg.py,Python,.py,208,6725,1,True
scikit-learn,sklearn/externals/array_api_compat/numpy/_aliases.py,Python,.py,191,5857,0,False
scikit-learn,sklearn/externals/array_api_compat/numpy/_info.py,Python,.py,367,11162,1,True
scikit-learn,sklearn/externals/array_api_compat/numpy/_typing.py,Python,.py,29,634,0,False
scikit-learn,sklearn/externals/array_api_compat/numpy/__init__.py,Python,.py,37,1087,1,True
scikit-learn,sklearn/externals/array_api_compat/torch/fft.py,Python,.py,82,1985,1,True
scikit-learn,sklearn/externals/array_api_compat/torch/linalg.py,Python,.py,114,4674,0,False
scikit-learn,sklearn/externals/array_api_compat/torch/_aliases.py,Python,.py,960,34763,1,True
scikit-learn,sklearn/externals/array_api_compat/torch/_info.py,Python,.py,369,12265,1,True
scikit-learn,sklearn/externals/array_api_compat/torch/_typing.py,Python,.py,3,111,0,False
scikit-learn,sklearn/externals/array_api_compat/torch/__init__.py,Python,.py,25,666,1,True
scikit-learn,sklearn/externals/array_api_compat/dask/array/fft.py,Python,.py,16,349,0,False
scikit-learn,sklearn/externals/array_api_compat/dask/array/linalg.py,Python,.py,64,2204,1,True
scikit-learn,sklearn/externals/array_api_compat/dask/array/_aliases.py,Python,.py,369,10801,0,False
scikit-learn,sklearn/externals/array_api_compat/dask/array/_info.py,Python,.py,407,12649,1,True
scikit-learn,sklearn/externals/array_api_compat/dask/array/__init__.py,Python,.py,26,711,1,True
scikit-learn,sklearn/experimental/tests/test_enable_hist_gradient_boosting.py,Python,.py,23,775,1,True
scikit-learn,sklearn/experimental/tests/test_enable_iterative_imputer.py,Python,.py,19,681,1,True
scikit-learn,sklearn/experimental/tests/test_enable_successive_halving.py,Python,.py,53,1949,0,False
scikit-learn,sklearn/experimental/tests/__init__.py,Python,.py,0,0,0,False
scikit-learn,sklearn/ensemble/tests/test_bagging.py,Python,.py,1173,40073,0,False
scikit-learn,sklearn/ensemble/tests/test_base.py,Python,.py,109,3776,0,False
scikit-learn,sklearn/ensemble/tests/test_bootstrap.py,Python,.py,81,3123,0,False
scikit-learn,sklearn/ensemble/tests/test_common.py,Python,.py,263,9454,0,False
scikit-learn,sklearn/ensemble/tests/test_forest.py,Python,.py,1934,68634,1,True
scikit-learn,sklearn/ensemble/tests/test_gradient_boosting.py,Python,.py,1677,59635,4,True
scikit-learn,sklearn/ensemble/tests/test_iforest.py,Python,.py,395,14032,1,True
scikit-learn,sklearn/ensemble/tests/test_stacking.py,Python,.py,1019,34416,3,True
scikit-learn,sklearn/ensemble/tests/test_voting.py,Python,.py,796,28065,1,True
scikit-learn,sklearn/ensemble/tests/test_weight_boosting.py,Python,.py,602,21312,0,False
scikit-learn,sklearn/ensemble/tests/__init__.py,Python,.py,0,0,0,False
scikit-learn,sklearn/ensemble/_hist_gradient_boosting/binning.py,Python,.py,388,16850,2,True
scikit-learn,sklearn/ensemble/_hist_gradient_boosting/common.pxd,Cython,.pxd,45,1355,1,True
scikit-learn,sklearn/ensemble/_hist_gradient_boosting/common.pyx,Cython,.pyx,47,1874,1,True
scikit-learn,sklearn/ensemble/_hist_gradient_boosting/gradient_boosting.py,Python,.py,2258,94915,3,True
scikit-learn,sklearn/ensemble/_hist_gradient_boosting/grower.py,Python,.py,820,33669,1,True
scikit-learn,sklearn/ensemble/_hist_gradient_boosting/histogram.pyx,Cython,.pyx,520,21336,0,False
scikit-learn,sklearn/ensemble/_hist_gradient_boosting/predictor.py,Python,.py,149,5271,0,False
scikit-learn,sklearn/ensemble/_hist_gradient_boosting/splitting.pyx,Cython,.pyx,1092,48826,2,True
scikit-learn,sklearn/ensemble/_hist_gradient_boosting/utils.py,Python,.py,149,5720,1,True
scikit-learn,sklearn/ensemble/_hist_gradient_boosting/_binning.pyx,Cython,.pyx,122,4098,1,True
scikit-learn,sklearn/ensemble/_hist_gradient_boosting/_gradient_boosting.pyx,Cython,.pyx,59,2129,0,False
scikit-learn,sklearn/ensemble/_hist_gradient_boosting/_predictor.pyx,Cython,.pyx,255,10028,1,True
scikit-learn,sklearn/ensemble/_hist_gradient_boosting/__init__.py,Python,.py,8,254,0,False
scikit-learn,sklearn/ensemble/_hist_gradient_boosting/tests/test_binning.py,Python,.py,583,20997,2,True
scikit-learn,sklearn/ensemble/_hist_gradient_boosting/tests/test_compare_lightgbm.py,Python,.py,279,10388,0,False
scikit-learn,sklearn/ensemble/_hist_gradient_boosting/tests/test_gradient_boosting.py,Python,.py,1764,65387,2,True
scikit-learn,sklearn/ensemble/_hist_gradient_boosting/tests/test_grower.py,Python,.py,650,23803,1,True
scikit-learn,sklearn/ensemble/_hist_gradient_boosting/tests/test_histogram.py,Python,.py,239,8920,0,False
scikit-learn,sklearn/ensemble/_hist_gradient_boosting/tests/test_monotonic_constraints.py,Python,.py,446,17383,2,True
scikit-learn,sklearn/ensemble/_hist_gradient_boosting/tests/test_predictor.py,Python,.py,187,6506,1,True
scikit-learn,sklearn/ensemble/_hist_gradient_boosting/tests/test_splitting.py,Python,.py,1070,39709,0,False
scikit-learn,sklearn/ensemble/_hist_gradient_boosting/tests/test_warm_start.py,Python,.py,231,8164,1,True
scikit-learn,sklearn/ensemble/_hist_gradient_boosting/tests/__init__.py,Python,.py,0,0,0,False
scikit-learn,sklearn/decomposition/tests/test_dict_learning.py,Python,.py,1016,32562,0,False
scikit-learn,sklearn/decomposition/tests/test_factor_analysis.py,Python,.py,109,4141,0,False
scikit-learn,sklearn/decomposition/tests/test_fastica.py,Python,.py,457,16373,0,False
scikit-learn,sklearn/decomposition/tests/test_incremental_pca.py,Python,.py,487,17384,0,False
scikit-learn,sklearn/decomposition/tests/test_kernel_pca.py,Python,.py,566,21589,0,False
scikit-learn,sklearn/decomposition/tests/test_nmf.py,Python,.py,1025,33833,1,True
scikit-learn,sklearn/decomposition/tests/test_online_lda.py,Python,.py,489,16797,0,False
scikit-learn,sklearn/decomposition/tests/test_pca.py,Python,.py,1132,42745,4,True
scikit-learn,sklearn/decomposition/tests/test_sparse_pca.py,Python,.py,350,12566,0,False
scikit-learn,sklearn/decomposition/tests/test_truncated_svd.py,Python,.py,225,7769,0,False
scikit-learn,sklearn/decomposition/tests/__init__.py,Python,.py,0,0,0,False
scikit-learn,sklearn/datasets/data/__init__.py,Python,.py,2,81,0,False
scikit-learn,sklearn/datasets/descr/__init__.py,Python,.py,2,81,0,False
scikit-learn,sklearn/datasets/images/__init__.py,Python,.py,2,81,0,False
scikit-learn,sklearn/datasets/tests/test_20news.py,Python,.py,143,5483,0,False
scikit-learn,sklearn/datasets/tests/test_arff_parser.py,Python,.py,284,8480,0,False
scikit-learn,sklearn/datasets/tests/test_base.py,Python,.py,727,25864,1,True
scikit-learn,sklearn/datasets/tests/test_california_housing.py,Python,.py,38,1407,0,False
scikit-learn,sklearn/datasets/tests/test_common.py,Python,.py,136,4528,0,False
scikit-learn,sklearn/datasets/tests/test_covtype.py,Python,.py,55,1812,0,False
scikit-learn,sklearn/datasets/tests/test_kddcup99.py,Python,.py,89,2690,0,False
scikit-learn,sklearn/datasets/tests/test_lfw.py,Python,.py,229,8027,1,True
scikit-learn,sklearn/datasets/tests/test_olivetti_faces.py,Python,.py,26,945,0,False
scikit-learn,sklearn/datasets/tests/test_openml.py,Python,.py,1687,58567,3,True
scikit-learn,sklearn/datasets/tests/test_rcv1.py,Python,.py,71,2414,0,False
scikit-learn,sklearn/datasets/tests/test_samples_generator.py,Python,.py,747,24719,0,False
scikit-learn,sklearn/datasets/tests/test_svmlight_format.py,Python,.py,613,20835,0,False
scikit-learn,sklearn/datasets/tests/__init__.py,Python,.py,0,0,0,False
scikit-learn,sklearn/datasets/tests/data/__init__.py,Python,.py,0,0,0,False
scikit-learn,sklearn/datasets/tests/data/openml/__init__.py,Python,.py,0,0,0,False
scikit-learn,sklearn/datasets/tests/data/openml/id_1/__init__.py,Python,.py,0,0,0,False
scikit-learn,sklearn/datasets/tests/data/openml/id_1119/__init__.py,Python,.py,0,0,0,False
scikit-learn,sklearn/datasets/tests/data/openml/id_1590/__init__.py,Python,.py,0,0,0,False
scikit-learn,sklearn/datasets/tests/data/openml/id_2/__init__.py,Python,.py,0,0,0,False
scikit-learn,sklearn/datasets/tests/data/openml/id_292/__init__.py,Python,.py,0,0,0,False
scikit-learn,sklearn/datasets/tests/data/openml/id_3/__init__.py,Python,.py,0,0,0,False
scikit-learn,sklearn/datasets/tests/data/openml/id_40589/__init__.py,Python,.py,0,0,0,False
scikit-learn,sklearn/datasets/tests/data/openml/id_40675/__init__.py,Python,.py,0,0,0,False
scikit-learn,sklearn/datasets/tests/data/openml/id_40945/__init__.py,Python,.py,0,0,0,False
scikit-learn,sklearn/datasets/tests/data/openml/id_40966/__init__.py,Python,.py,0,0,0,False
scikit-learn,sklearn/datasets/tests/data/openml/id_42074/__init__.py,Python,.py,0,0,0,False
scikit-learn,sklearn/datasets/tests/data/openml/id_42585/__init__.py,Python,.py,0,0,0,False
scikit-learn,sklearn/datasets/tests/data/openml/id_561/__init__.py,Python,.py,0,0,0,False
scikit-learn,sklearn/datasets/tests/data/openml/id_61/__init__.py,Python,.py,0,0,0,False
scikit-learn,sklearn/datasets/tests/data/openml/id_62/__init__.py,Python,.py,0,0,0,False
scikit-learn,sklearn/cross_decomposition/tests/test_pls.py,Python,.py,678,24279,1,True
scikit-learn,sklearn/cross_decomposition/tests/__init__.py,Python,.py,0,0,0,False
scikit-learn,sklearn/covariance/tests/test_covariance.py,Python,.py,595,23017,3,True
scikit-learn,sklearn/covariance/tests/test_elliptic_envelope.py,Python,.py,52,1639,0,False
scikit-learn,sklearn/covariance/tests/test_graphical_lasso.py,Python,.py,330,11785,0,False
scikit-learn,sklearn/covariance/tests/test_robust_covariance.py,Python,.py,204,7720,0,False
scikit-learn,sklearn/covariance/tests/__init__.py,Python,.py,0,0,0,False
scikit-learn,sklearn/compose/tests/test_column_transformer.py,Python,.py,2899,101453,3,True
scikit-learn,sklearn/compose/tests/test_target.py,Python,.py,448,15705,2,True
scikit-learn,sklearn/compose/tests/__init__.py,Python,.py,0,0,0,False
scikit-learn,sklearn/cluster/tests/common.py,Python,.py,37,917,0,False
scikit-learn,sklearn/cluster/tests/test_affinity_propagation.py,Python,.py,321,12219,0,False
scikit-learn,sklearn/cluster/tests/test_bicluster.py,Python,.py,265,9419,0,False
scikit-learn,sklearn/cluster/tests/test_birch.py,Python,.py,242,8848,0,False
scikit-learn,sklearn/cluster/tests/test_bisect_k_means.py,Python,.py,173,5740,0,False
scikit-learn,sklearn/cluster/tests/test_dbscan.py,Python,.py,468,17561,1,True
scikit-learn,sklearn/cluster/tests/test_feature_agglomeration.py,Python,.py,55,2020,0,False
scikit-learn,sklearn/cluster/tests/test_hdbscan.py,Python,.py,605,20941,0,False
scikit-learn,sklearn/cluster/tests/test_hierarchical.py,Python,.py,918,34062,1,True
scikit-learn,sklearn/cluster/tests/test_k_means.py,Python,.py,1376,50573,0,False
scikit-learn,sklearn/cluster/tests/test_mean_shift.py,Python,.py,218,7414,0,False
scikit-learn,sklearn/cluster/tests/test_optics.py,Python,.py,874,25661,0,False
scikit-learn,sklearn/cluster/tests/test_spectral.py,Python,.py,336,12164,1,True
scikit-learn,sklearn/cluster/tests/__init__.py,Python,.py,0,0,0,False
scikit-learn,sklearn/cluster/_hdbscan/hdbscan.py,Python,.py,1020,42806,1,True
scikit-learn,sklearn/cluster/_hdbscan/_linkage.pyx,Cython,.pyx,274,10551,0,False
scikit-learn,sklearn/cluster/_hdbscan/_reachability.pyx,Cython,.pyx,210,7989,0,False
scikit-learn,sklearn/cluster/_hdbscan/_tree.pxd,Cython,.pxd,49,2204,0,False
scikit-learn,sklearn/cluster/_hdbscan/_tree.pyx,Cython,.pyx,799,28575,0,False
scikit-learn,sklearn/cluster/_hdbscan/__init__.py,Python,.py,2,81,0,False
scikit-learn,sklearn/cluster/_hdbscan/tests/test_reachibility.py,Python,.py,63,2128,0,False
scikit-learn,sklearn/cluster/_hdbscan/tests/__init__.py,Python,.py,0,0,0,False
scikit-learn,sklearn/callback/tests/conftest.py,Python,.py,6,185,1,True
scikit-learn,sklearn/callback/tests/test_callback_context.py,Python,.py,511,19531,4,True
scikit-learn,sklearn/callback/tests/test_callback_support.py,Python,.py,171,6454,3,True
scikit-learn,sklearn/callback/tests/test_pickle.py,Python,.py,219,8074,3,True
scikit-learn,sklearn/callback/tests/test_progressbar.py,Python,.py,221,8158,2,True
scikit-learn,sklearn/callback/tests/test_scoring_monitor.py,Python,.py,425,14670,3,True
scikit-learn,sklearn/callback/tests/__init__.py,Python,.py,0,0,1,True
scikit-learn,sklearn/callback/tests/_common/callbacks.py,Python,.py,178,5713,2,True
scikit-learn,sklearn/callback/tests/_common/estimators.py,Python,.py,293,9763,0,False
scikit-learn,sklearn/callback/tests/_common/__init__.py,Python,.py,2,81,1,True
scikit-learn,examples/applications/plot_cyclical_feature_engineering.py,Python,.py,855,33363,0,False
scikit-learn,examples/applications/plot_digits_denoising.py,Python,.py,151,5380,0,False
scikit-learn,examples/applications/plot_face_recognition.py,Python,.py,262,9858,1,True
scikit-learn,examples/applications/plot_model_complexity_influence.py,Python,.py,292,10856,0,False
scikit-learn,examples/applications/plot_outlier_detection_wine.py,Python,.py,137,5034,0,False
scikit-learn,examples/applications/plot_out_of_core_classification.py,Python,.py,434,13925,0,False
scikit-learn,examples/applications/plot_prediction_latency.py,Python,.py,348,11493,0,False
scikit-learn,examples/applications/plot_species_distribution_modeling.py,Python,.py,246,8016,0,False
scikit-learn,examples/applications/plot_stock_market.py,Python,.py,274,8542,0,False
scikit-learn,examples/applications/plot_time_series_lagged_features.py,Python,.py,438,16762,0,False
scikit-learn,examples/applications/plot_tomography_l1_reconstruction.py,Python,.py,147,5641,0,False
scikit-learn,examples/applications/plot_topics_extraction_with_nmf_lda.py,Python,.py,224,6911,0,False
scikit-learn,examples/applications/plot_wikipedia_principal_eigenvector.py,Python,.py,243,8304,0,False
scikit-learn,examples/bicluster/plot_bicluster_newsgroups.py,Python,.py,163,5514,0,False
scikit-learn,examples/bicluster/plot_spectral_biclustering.py,Python,.py,123,4799,0,False
scikit-learn,examples/bicluster/plot_spectral_coclustering.py,Python,.py,56,1802,0,False
scikit-learn,examples/calibration/plot_calibration.py,Python,.py,140,4812,0,False
scikit-learn,examples/calibration/plot_calibration_curve.py,Python,.py,336,11855,0,False
scikit-learn,examples/calibration/plot_calibration_multiclass.py,Python,.py,304,11063,0,False
scikit-learn,examples/calibration/plot_compare_calibration.py,Python,.py,286,12463,1,True
scikit-learn,examples/callbacks/plot_callback_support.py,Python,.py,427,18996,1,True
scikit-learn,examples/callbacks/plot_scoring_monitor.py,Python,.py,255,10910,1,True
scikit-learn,examples/classification/plot_classification_probability.py,Python,.py,241,9076,1,True
scikit-learn,examples/classification/plot_classifier_comparison.py,Python,.py,157,5101,0,False
scikit-learn,examples/classification/plot_digits_classification.py,Python,.py,128,4685,0,False
scikit-learn,examples/classification/plot_lda.py,Python,.py,107,3232,0,False
scikit-learn,examples/classification/plot_lda_qda.py,Python,.py,228,8101,0,False
scikit-learn,examples/cluster/plot_adjusted_for_chance_measures.py,Python,.py,229,8919,0,False
scikit-learn,examples/cluster/plot_affinity_propagation.py,Python,.py,78,2339,0,False
scikit-learn,examples/cluster/plot_agglomerative_clustering_metrics.py,Python,.py,146,4940,0,False
scikit-learn,examples/cluster/plot_agglomerative_dendrogram.py,Python,.py,55,1777,0,False
scikit-learn,examples/cluster/plot_birch_vs_minibatchkmeans.py,Python,.py,108,3893,0,False
scikit-learn,examples/cluster/plot_bisect_kmeans.py,Python,.py,65,2125,0,False
scikit-learn,examples/cluster/plot_cluster_comparison.py,Python,.py,288,8863,0,False
scikit-learn,examples/cluster/plot_coin_segmentation.py,Python,.py,104,3980,0,False
scikit-learn,examples/cluster/plot_coin_ward_segmentation.py,Python,.py,92,2455,0,False
scikit-learn,examples/cluster/plot_dbscan.py,Python,.py,132,4214,0,False
scikit-learn,examples/cluster/plot_dict_face_patches.py,Python,.py,94,2818,0,False
scikit-learn,examples/cluster/plot_digits_agglomeration.py,Python,.py,58,1638,0,False
scikit-learn,examples/cluster/plot_digits_linkage.py,Python,.py,88,2842,0,False
scikit-learn,examples/cluster/plot_face_compress.py,Python,.py,184,7039,0,False
scikit-learn,examples/cluster/plot_feature_agglomeration_vs_univariate_selection.py,Python,.py,113,3696,0,False
scikit-learn,examples/cluster/plot_hdbscan.py,Python,.py,249,10186,0,False
scikit-learn,examples/cluster/plot_inductive_clustering.py,Python,.py,135,4187,1,True
scikit-learn,examples/cluster/plot_kmeans_assumptions.py,Python,.py,178,6784,0,False
scikit-learn,examples/cluster/plot_kmeans_digits.py,Python,.py,194,6526,1,True
scikit-learn,examples/cluster/plot_kmeans_plusplus.py,Python,.py,45,1294,0,False
scikit-learn,examples/cluster/plot_kmeans_silhouette_analysis.py,Python,.py,162,6140,0,False
scikit-learn,examples/cluster/plot_kmeans_stability_low_dim_dense.py,Python,.py,132,4472,0,False
scikit-learn,examples/cluster/plot_linkage_comparison.py,Python,.py,178,5420,0,False
scikit-learn,examples/cluster/plot_mean_shift.py,Python,.py,69,1814,0,False
scikit-learn,examples/cluster/plot_mini_batch_kmeans.py,Python,.py,147,4253,0,False
scikit-learn,examples/cluster/plot_optics.py,Python,.py,108,3580,0,False
scikit-learn,examples/cluster/plot_segmentation_toy.py,Python,.py,118,3849,0,False
scikit-learn,examples/cluster/plot_ward_structured_vs_unstructured.py,Python,.py,181,6701,0,False
scikit-learn,examples/compose/plot_column_transformer.py,Python,.py,186,6949,0,False
scikit-learn,examples/compose/plot_column_transformer_mixed_types.py,Python,.py,232,8077,0,False
scikit-learn,examples/compose/plot_compare_reduction.py,Python,.py,132,4595,0,False
scikit-learn,examples/compose/plot_digits_pipe.py,Python,.py,85,2675,0,False
scikit-learn,examples/compose/plot_feature_union.py,Python,.py,61,2012,0,False
scikit-learn,examples/compose/plot_transformed_target.py,Python,.py,231,7874,0,False
scikit-learn,examples/covariance/plot_covariance_estimation.py,Python,.py,163,5440,0,False
scikit-learn,examples/covariance/plot_lw_vs_oas.py,Python,.py,109,3132,0,False
scikit-learn,examples/covariance/plot_mahalanobis_distances.py,Python,.py,216,8394,1,True
scikit-learn,examples/covariance/plot_robust_vs_empirical_covariance.py,Python,.py,189,6771,0,False
scikit-learn,examples/covariance/plot_sparse_cov.py,Python,.py,158,5146,0,False
scikit-learn,examples/cross_decomposition/plot_compare_cross_decomposition.py,Python,.py,175,5023,0,False
scikit-learn,examples/cross_decomposition/plot_pcr_vs_pls.py,Python,.py,169,7175,0,False
scikit-learn,examples/datasets/plot_random_multilabel_dataset.py,Python,.py,109,3325,0,False
scikit-learn,examples/decomposition/plot_faces_decomposition.py,Python,.py,335,10879,0,False
scikit-learn,examples/decomposition/plot_ica_blind_source_separation.py,Python,.py,85,2307,0,False
scikit-learn,examples/decomposition/plot_ica_vs_pca.py,Python,.py,115,3433,0,False
scikit-learn,examples/decomposition/plot_image_denoising.py,Python,.py,188,6333,0,False
scikit-learn,examples/decomposition/plot_incremental_pca.py,Python,.py,63,2083,0,False
scikit-learn,examples/decomposition/plot_kernel_pca.py,Python,.py,163,6977,0,False
scikit-learn,examples/decomposition/plot_pca_iris.py,Python,.py,104,3535,0,False
scikit-learn,examples/decomposition/plot_pca_vs_fa_model_selection.py,Python,.py,143,4638,0,False
scikit-learn,examples/decomposition/plot_pca_vs_lda.py,Python,.py,67,2162,0,False
scikit-learn,examples/decomposition/plot_sparse_coding.py,Python,.py,123,4232,0,False
scikit-learn,examples/decomposition/plot_varimax_fa.py,Python,.py,78,2432,0,False
scikit-learn,examples/developing_estimators/sklearn_is_fitted.py,Python,.py,75,2682,0,False
scikit-learn,examples/ensemble/plot_adaboost_multiclass.py,Python,.py,252,10487,0,False
scikit-learn,examples/ensemble/plot_adaboost_regression.py,Python,.py,79,2718,0,False
scikit-learn,examples/ensemble/plot_adaboost_twoclass.py,Python,.py,106,3164,0,False
scikit-learn,examples/ensemble/plot_bias_variance.py,Python,.py,191,7427,0,False
scikit-learn,examples/ensemble/plot_ensemble_oob.py,Python,.py,102,3254,0,False
scikit-learn,examples/ensemble/plot_feature_transformation.py,Python,.py,170,5429,0,False
scikit-learn,examples/ensemble/plot_forest_hist_grad_boosting_comparison.py,Python,.py,226,9157,0,False
scikit-learn,examples/ensemble/plot_forest_importances.py,Python,.py,120,4380,0,False
scikit-learn,examples/ensemble/plot_forest_iris.py,Python,.py,182,6598,1,True
scikit-learn,examples/ensemble/plot_gradient_boosting_categorical.py,Python,.py,382,14356,0,False
scikit-learn,examples/ensemble/plot_gradient_boosting_early_stopping.py,Python,.py,182,6862,0,False
scikit-learn,examples/ensemble/plot_gradient_boosting_oob.py,Python,.py,143,5095,0,False
scikit-learn,examples/ensemble/plot_gradient_boosting_quantile.py,Python,.py,375,13970,0,False
scikit-learn,examples/ensemble/plot_gradient_boosting_regression.py,Python,.py,176,6263,1,True
scikit-learn,examples/ensemble/plot_gradient_boosting_regularization.py,Python,.py,90,2779,0,False
scikit-learn,examples/ensemble/plot_hgbt_regression.py,Python,.py,429,17133,1,True
scikit-learn,examples/ensemble/plot_isolation_forest.py,Python,.py,126,4460,0,False
scikit-learn,examples/ensemble/plot_monotonic_constraints.py,Python,.py,112,3427,0,False
scikit-learn,examples/ensemble/plot_random_forest_embedding.py,Python,.py,111,3850,0,False
scikit-learn,examples/ensemble/plot_random_forest_regression_multioutput.py,Python,.py,96,2720,0,False
scikit-learn,examples/ensemble/plot_stack_predictors.py,Python,.py,286,10546,1,True
scikit-learn,examples/ensemble/plot_voting_decision_regions.py,Python,.py,218,7456,0,False
scikit-learn,examples/ensemble/plot_voting_regressor.py,Python,.py,93,2826,0,False
scikit-learn,examples/feature_selection/plot_feature_selection.py,Python,.py,133,3991,0,False
scikit-learn,examples/feature_selection/plot_feature_selection_pipeline.py,Python,.py,86,2923,0,False
scikit-learn,examples/feature_selection/plot_f_test_vs_mi.py,Python,.py,52,1774,0,False
scikit-learn,examples/feature_selection/plot_rfe_digits.py,Python,.py,57,1911,0,False
scikit-learn,examples/feature_selection/plot_rfe_with_cross_validation.py,Python,.py,115,3735,0,False
scikit-learn,examples/feature_selection/plot_select_from_model_diabetes.py,Python,.py,192,7628,0,False
scikit-learn,examples/frozen/plot_frozen_examples.py,Python,.py,98,4027,0,False
scikit-learn,examples/gaussian_process/plot_compare_gpr_krr.py,Python,.py,396,13665,0,False
scikit-learn,examples/gaussian_process/plot_gpc.py,Python,.py,127,4116,0,False
scikit-learn,examples/gaussian_process/plot_gpc_iris.py,Python,.py,65,2154,1,True
scikit-learn,examples/gaussian_process/plot_gpc_isoprobability.py,Python,.py,97,2923,0,False
scikit-learn,examples/gaussian_process/plot_gpc_xor.py,Python,.py,60,2158,0,False
scikit-learn,examples/gaussian_process/plot_gpr_co2.py,Python,.py,226,9050,0,False
scikit-learn,examples/gaussian_process/plot_gpr_noisy.py,Python,.py,227,8212,0,False
scikit-learn,examples/gaussian_process/plot_gpr_noisy_targets.py,Python,.py,150,5283,0,False
scikit-learn,examples/gaussian_process/plot_gpr_on_structured_data.py,Python,.py,196,6298,0,False
scikit-learn,examples/gaussian_process/plot_gpr_prior_posterior.py,Python,.py,257,8660,0,False
scikit-learn,examples/impute/plot_iterative_imputer_variants_comparison.py,Python,.py,168,6376,1,True
scikit-learn,examples/impute/plot_missing_values.py,Python,.py,269,8416,1,True
scikit-learn,examples/inspection/plot_causal_interpretation.py,Python,.py,189,7488,0,False
scikit-learn,examples/inspection/plot_linear_model_coefficient_interpretation.py,Python,.py,779,28675,0,False
scikit-learn,examples/inspection/plot_partial_dependence.py,Python,.py,618,23507,0,False
scikit-learn,examples/inspection/plot_partial_dependence_visualization_api.py,Python,.py,140,5583,0,False
scikit-learn,examples/inspection/plot_permutation_importance.py,Python,.py,271,10622,1,True
scikit-learn,examples/inspection/plot_permutation_importance_multicollinear.py,Python,.py,204,8646,1,True
scikit-learn,examples/kernel_approximation/plot_scalable_poly_kernels.py,Python,.py,251,7993,0,False
scikit-learn,examples/linear_model/plot_ard.py,Python,.py,212,7333,0,False
scikit-learn,examples/linear_model/plot_bayesian_ridge_curvefit.py,Python,.py,93,3198,0,False
scikit-learn,examples/linear_model/plot_elastic_net_precomputed_gram_matrix_with_weighted_samples.py,Python,.py,55,2192,0,False
scikit-learn,examples/linear_model/plot_huber_vs_ridge.py,Python,.py,64,2159,0,False
scikit-learn,examples/linear_model/plot_lasso_and_elasticnet.py,Python,.py,249,9666,0,False
scikit-learn,examples/linear_model/plot_lasso_dense_vs_sparse_data.py,Python,.py,89,2993,0,False
scikit-learn,examples/linear_model/plot_lasso_lars_ic.py,Python,.py,115,3981,0,False
scikit-learn,examples/linear_model/plot_lasso_lasso_lars_elasticnet_path.py,Python,.py,136,4931,0,False
scikit-learn,examples/linear_model/plot_lasso_model_selection.py,Python,.py,249,9104,0,False
scikit-learn,examples/linear_model/plot_logistic_l1_l2_sparsity.py,Python,.py,86,3092,0,False
scikit-learn,examples/linear_model/plot_logistic_multinomial.py,Python,.py,198,7978,1,True
scikit-learn,examples/linear_model/plot_logistic_path.py,Python,.py,103,3060,0,False
scikit-learn,examples/linear_model/plot_multi_task_lasso_support.py,Python,.py,82,2388,0,False
scikit-learn,examples/linear_model/plot_nnls.py,Python,.py,72,2159,0,False
scikit-learn,examples/linear_model/plot_ols_ridge.py,Python,.py,167,5681,0,False
scikit-learn,examples/linear_model/plot_omp.py,Python,.py,80,2055,0,False
scikit-learn,examples/linear_model/plot_poisson_regression_non_normal_loss.py,Python,.py,594,23155,0,False
scikit-learn,examples/linear_model/plot_polynomial_interpolation.py,Python,.py,212,7986,0,False
scikit-learn,examples/linear_model/plot_quantile_regression.py,Python,.py,314,11868,0,False
scikit-learn,examples/linear_model/plot_ransac.py,Python,.py,81,2235,0,False
scikit-learn,examples/linear_model/plot_ridge_coeffs.py,Python,.py,181,8964,0,False
scikit-learn,examples/linear_model/plot_ridge_path.py,Python,.py,71,2163,0,False
scikit-learn,examples/linear_model/plot_robust_fit.py,Python,.py,119,3303,0,False
scikit-learn,examples/linear_model/plot_sgdocsvm_vs_ocsvm.py,Python,.py,200,6348,0,False
scikit-learn,examples/linear_model/plot_sgd_early_stopping.py,Python,.py,154,5919,0,False
scikit-learn,examples/linear_model/plot_sgd_iris.py,Python,.py,86,2064,1,True
scikit-learn,examples/linear_model/plot_sgd_loss_functions.py,Python,.py,52,1350,0,False
scikit-learn,examples/linear_model/plot_sgd_penalties.py,Python,.py,57,1485,0,False
scikit-learn,examples/linear_model/plot_sgd_separating_hyperplane.py,Python,.py,47,1325,0,False
scikit-learn,examples/linear_model/plot_sgd_weighted_samples.py,Python,.py,63,1731,0,False
scikit-learn,examples/linear_model/plot_sparse_logistic_regression_20newsgroups.py,Python,.py,132,4394,0,False
scikit-learn,examples/linear_model/plot_sparse_logistic_regression_mnist.py,Python,.py,83,2761,0,False
scikit-learn,examples/linear_model/plot_theilsen.py,Python,.py,125,3901,0,False
scikit-learn,examples/linear_model/plot_tweedie_regression_insurance_claims.py,Python,.py,700,24377,0,False
scikit-learn,examples/manifold/plot_compare_methods.py,Python,.py,243,7837,0,False
scikit-learn,examples/manifold/plot_lle_digits.py,Python,.py,183,6656,0,False
scikit-learn,examples/manifold/plot_manifold_sphere.py,Python,.py,183,6187,0,False
scikit-learn,examples/manifold/plot_mds.py,Python,.py,144,4051,0,False
scikit-learn,examples/manifold/plot_swissroll.py,Python,.py,123,4225,0,False
scikit-learn,examples/manifold/plot_t_sne_perplexity.py,Python,.py,146,4434,0,False
scikit-learn,examples/miscellaneous/plot_anomaly_comparison.py,Python,.py,189,7629,0,False
scikit-learn,examples/miscellaneous/plot_display_object_visualization.py,Python,.py,93,3552,2,True
scikit-learn,examples/miscellaneous/plot_estimator_representation.py,Python,.py,52,1760,0,False
scikit-learn,examples/miscellaneous/plot_isotonic_regression.py,Python,.py,75,2639,0,False
scikit-learn,examples/miscellaneous/plot_johnson_lindenstrauss_bound.py,Python,.py,211,7732,0,False
scikit-learn,examples/miscellaneous/plot_kernel_approximation.py,Python,.py,259,8838,0,False
scikit-learn,examples/miscellaneous/plot_kernel_ridge_regression.py,Python,.py,216,6853,0,False
scikit-learn,examples/miscellaneous/plot_metadata_routing.py,Python,.py,715,28015,1,True
scikit-learn,examples/miscellaneous/plot_multilabel.py,Python,.py,130,4204,0,False
scikit-learn,examples/miscellaneous/plot_multioutput_face_completion.py,Python,.py,98,2983,0,False
scikit-learn,examples/miscellaneous/plot_outlier_detection_bench.py,Python,.py,453,17348,0,False
scikit-learn,examples/miscellaneous/plot_pipeline_display.py,Python,.py,183,6389,0,False
scikit-learn,examples/miscellaneous/plot_roc_curve_visualization_api.py,Python,.py,61,2277,0,False
scikit-learn,examples/miscellaneous/plot_set_output.py,Python,.py,151,5233,0,False
scikit-learn,examples/mixture/plot_concentration_prior.py,Python,.py,164,6039,0,False
scikit-learn,examples/mixture/plot_gmm.py,Python,.py,96,3379,0,False
scikit-learn,examples/mixture/plot_gmm_covariances.py,Python,.py,138,4742,0,False
scikit-learn,examples/mixture/plot_gmm_init.py,Python,.py,108,3744,0,False
scikit-learn,examples/mixture/plot_gmm_pdf.py,Python,.py,56,1655,0,False
scikit-learn,examples/mixture/plot_gmm_selection.py,Python,.py,176,5743,0,False
scikit-learn,examples/mixture/plot_gmm_sin.py,Python,.py,190,6352,0,False
scikit-learn,examples/model_selection/plot_confusion_matrix.py,Python,.py,125,4036,0,False
scikit-learn,examples/model_selection/plot_cost_sensitive_learning.py,Python,.py,693,30500,1,True
scikit-learn,examples/model_selection/plot_cv_indices.py,Python,.py,218,6482,0,False
scikit-learn,examples/model_selection/plot_cv_predict.py,Python,.py,82,2713,0,False
scikit-learn,examples/model_selection/plot_det.py,Python,.py,170,6009,1,True
scikit-learn,examples/model_selection/plot_grid_search_digits.py,Python,.py,211,7613,0,False
scikit-learn,examples/model_selection/plot_grid_search_refit_callable.py,Python,.py,389,11756,1,True
scikit-learn,examples/model_selection/plot_grid_search_stats.py,Python,.py,569,23637,0,False
scikit-learn,examples/model_selection/plot_grid_search_text_feature_extraction.py,Python,.py,263,9361,0,False
scikit-learn,examples/model_selection/plot_learning_curve.py,Python,.py,187,7099,0,False
scikit-learn,examples/model_selection/plot_likelihood_ratios.py,Python,.py,326,12338,0,False
scikit-learn,examples/model_selection/plot_multi_metric_evaluation.py,Python,.py,116,3829,0,False
scikit-learn,examples/model_selection/plot_nested_cross_validation_iris.py,Python,.py,130,4671,0,False
scikit-learn,examples/model_selection/plot_permutation_tests_for_classification.py,Python,.py,144,5597,0,False
scikit-learn,examples/model_selection/plot_precision_recall.py,Python,.py,307,11810,0,False
scikit-learn,examples/model_selection/plot_randomized_search.py,Python,.py,236,9774,1,True
scikit-learn,examples/model_selection/plot_roc.py,Python,.py,463,15884,0,False
scikit-learn,examples/model_selection/plot_roc_crossval.py,Python,.py,142,4787,1,True
scikit-learn,examples/model_selection/plot_successive_halving_heatmap.py,Python,.py,133,4490,1,True
scikit-learn,examples/model_selection/plot_successive_halving_iterations.py,Python,.py,88,2946,1,True
scikit-learn,examples/model_selection/plot_train_error_vs_test_error.py,Python,.py,166,6390,0,False
scikit-learn,examples/model_selection/plot_tuned_decision_threshold.py,Python,.py,187,7764,0,False
scikit-learn,examples/model_selection/plot_underfitting_overfitting.py,Python,.py,83,2953,1,True
scikit-learn,examples/multiclass/plot_multiclass_overview.py,Python,.py,202,8456,0,False
scikit-learn,examples/multioutput/plot_classifier_chain_yeast.py,Python,.py,153,6172,0,False
scikit-learn,examples/neighbors/approximate_nearest_neighbors.py,Python,.py,314,11663,0,False
scikit-learn,examples/neighbors/plot_caching_nearest_neighbors.py,Python,.py,70,2779,0,False
scikit-learn,examples/neighbors/plot_classification.py,Python,.py,101,3433,3,True
scikit-learn,examples/neighbors/plot_digits_kde_sampling.py,Python,.py,67,2137,0,False
scikit-learn,examples/neighbors/plot_kde_1d.py,Python,.py,158,5406,0,False
scikit-learn,examples/neighbors/plot_lof_novelty_detection.py,Python,.py,93,3807,0,False
scikit-learn,examples/neighbors/plot_lof_outlier_detection.py,Python,.py,95,3272,0,False
scikit-learn,examples/neighbors/plot_nca_classification.py,Python,.py,92,2725,2,True
scikit-learn,examples/neighbors/plot_nca_dim_reduction.py,Python,.py,99,3715,0,False
scikit-learn,examples/neighbors/plot_nca_illustration.py,Python,.py,102,3158,0,False
scikit-learn,examples/neighbors/plot_nearest_centroid.py,Python,.py,51,1496,2,True
scikit-learn,examples/neighbors/plot_regression.py,Python,.py,52,1591,0,False
scikit-learn,examples/neighbors/plot_species_kde.py,Python,.py,150,4906,0,False
scikit-learn,examples/neural_networks/plot_mlp_alpha.py,Python,.py,147,4775,0,False
scikit-learn,examples/neural_networks/plot_mlp_training_curves.py,Python,.py,144,4291,0,False
scikit-learn,examples/neural_networks/plot_mnist_filters.py,Python,.py,74,2853,0,False
scikit-learn,examples/neural_networks/plot_rbm_logistic_classification.py,Python,.py,146,4418,0,False
scikit-learn,examples/preprocessing/plot_all_scaling.py,Python,.py,416,15123,0,False
scikit-learn,examples/preprocessing/plot_discretization.py,Python,.py,92,3497,0,False
scikit-learn,examples/preprocessing/plot_discretization_classification.py,Python,.py,233,7979,1,True
scikit-learn,examples/preprocessing/plot_discretization_strategies.py,Python,.py,108,3305,0,False
scikit-learn,examples/preprocessing/plot_map_data_to_normal.py,Python,.py,144,4726,0,False
scikit-learn,examples/preprocessing/plot_scaling_importance.py,Python,.py,277,10560,2,True
scikit-learn,examples/preprocessing/plot_target_encoder.py,Python,.py,228,8402,0,False
scikit-learn,examples/preprocessing/plot_target_encoder_cross_val.py,Python,.py,197,7565,0,False
scikit-learn,examples/release_highlights/plot_release_highlights_0_22_0.py,Python,.py,306,11767,1,True
scikit-learn,examples/release_highlights/plot_release_highlights_0_23_0.py,Python,.py,194,8012,0,False
scikit-learn,examples/release_highlights/plot_release_highlights_0_24_0.py,Python,.py,267,11813,0,False
scikit-learn,examples/release_highlights/plot_release_highlights_1_0_0.py,Python,.py,248,10699,1,True
scikit-learn,examples/release_highlights/plot_release_highlights_1_1_0.py,Python,.py,242,9222,1,True
scikit-learn,examples/release_highlights/plot_release_highlights_1_2_0.py,Python,.py,172,6561,0,False
scikit-learn,examples/release_highlights/plot_release_highlights_1_3_0.py,Python,.py,164,6639,0,False
scikit-learn,examples/release_highlights/plot_release_highlights_1_4_0.py,Python,.py,238,8102,0,False
scikit-learn,examples/release_highlights/plot_release_highlights_1_5_0.py,Python,.py,230,8757,1,True
scikit-learn,examples/release_highlights/plot_release_highlights_1_6_0.py,Python,.py,214,9440,0,False
scikit-learn,examples/release_highlights/plot_release_highlights_1_7_0.py,Python,.py,115,4937,1,True
scikit-learn,examples/release_highlights/plot_release_highlights_1_8_0.py,Python,.py,288,11572,1,True
scikit-learn,examples/release_highlights/plot_release_highlights_1_9_0.py,Python,.py,183,11133,2,True
scikit-learn,examples/semi_supervised/plot_label_propagation_digits.py,Python,.py,118,3315,0,False
scikit-learn,examples/semi_supervised/plot_label_propagation_digits_active_learning.py,Python,.py,125,4356,0,False
scikit-learn,examples/semi_supervised/plot_label_propagation_structure.py,Python,.py,105,2816,0,False
scikit-learn,examples/semi_supervised/plot_self_training_varying_threshold.py,Python,.py,120,4209,0,False
scikit-learn,examples/semi_supervised/plot_semi_supervised_newsgroups.py,Python,.py,210,7127,0,False
scikit-learn,examples/semi_supervised/plot_semi_supervised_versus_svm_iris.py,Python,.py,183,7470,1,True
scikit-learn,examples/svm/plot_custom_kernel.py,Python,.py,66,1581,2,True
scikit-learn,examples/svm/plot_iris_svc.py,Python,.py,107,3599,2,True
scikit-learn,examples/svm/plot_linearsvc_support_vectors.py,Python,.py,61,1949,0,False
scikit-learn,examples/svm/plot_oneclass.py,Python,.py,105,2989,0,False
scikit-learn,examples/svm/plot_rbf_parameters.py,Python,.py,222,8558,1,True
scikit-learn,examples/svm/plot_separating_hyperplane.py,Python,.py,51,1245,0,False
scikit-learn,examples/svm/plot_separating_hyperplane_unbalanced.py,Python,.py,95,2504,0,False
scikit-learn,examples/svm/plot_svm_anova.py,Python,.py,71,2247,0,False
scikit-learn,examples/svm/plot_svm_kernels.py,Python,.py,304,13022,0,False
scikit-learn,examples/svm/plot_svm_margin.py,Python,.py,93,2559,1,True
scikit-learn,examples/svm/plot_svm_regression.py,Python,.py,79,2207,0,False
scikit-learn,examples/svm/plot_svm_scale_c.py,Python,.py,208,7684,1,True
scikit-learn,examples/svm/plot_svm_tie_breaking.py,Python,.py,66,2240,0,False
scikit-learn,examples/svm/plot_weighted_samples.py,Python,.py,89,2736,0,False
scikit-learn,examples/text/plot_document_classification_20newsgroups.py,Python,.py,450,16891,0,False
scikit-learn,examples/text/plot_document_clustering.py,Python,.py,448,17962,0,False
scikit-learn,examples/text/plot_hashing_vs_dict_vectorizer.py,Python,.py,383,15434,0,False
scikit-learn,examples/tree/plot_cost_complexity_pruning.py,Python,.py,110,4794,0,False
scikit-learn,examples/tree/plot_iris_dtc.py,Python,.py,85,2574,3,True
scikit-learn,examples/tree/plot_tree_regression.py,Python,.py,144,4605,0,False
scikit-learn,examples/tree/plot_unveil_tree_structure.py,Python,.py,237,10219,0,False
scikit-learn,doc/sphinxext/allow_nan_estimators.py,Python,.py,62,2389,0,False
scikit-learn,doc/sphinxext/autoshortsummary.py,Python,.py,53,1944,0,False
scikit-learn,doc/sphinxext/doi_role.py,Python,.py,47,1713,0,False
scikit-learn,doc/sphinxext/dropdown_anchors.py,Python,.py,58,2431,0,False
scikit-learn,doc/sphinxext/github_link.py,Python,.py,87,2788,0,False
scikit-learn,doc/sphinxext/override_pst_pagetoc.py,Python,.py,84,3631,0,False
scikit-learn,doc/sphinxext/sphinx_issues.py,Python,.py,218,8335,0,False
scikit-learn,doc/js/scripts/api-search.js,JavaScript,.js,12,440,0,False
scikit-learn,doc/js/scripts/dropdown.js,JavaScript,.js,63,2509,0,False
scikit-learn,doc/js/scripts/sg_plotly_resize.js,JavaScript,.js,10,465,0,False
scikit-learn,doc/js/scripts/theme-observer.js,JavaScript,.js,23,694,0,False
scikit-learn,doc/js/scripts/version-switcher.js,JavaScript,.js,40,1656,0,False
scikit-learn,doc/js/scripts/vendor/svg-pan-zoom.min.js,JavaScript,.js,31,31220,0,False
scikit-learn,build_tools/circle/list_versions.py,Python,.py,147,5202,2,True
scikit-learn,build_tools/github/autoclose_prs.py,Python,.py,64,1849,0,False
scikit-learn,build_tools/github/check_wheels.py,Python,.py,30,835,0,False
scikit-learn,build_tools/github/vendor.py,Python,.py,96,3132,0,False
scikit-learn,build_tools/wheels/check_license.py,Python,.py,30,847,0,False
scikit-learn,asv_benchmarks/benchmarks/cluster.py,Python,.py,104,3029,0,False
scikit-learn,asv_benchmarks/benchmarks/common.py,Python,.py,256,7603,0,False
scikit-learn,asv_benchmarks/benchmarks/datasets.py,Python,.py,167,5358,0,False
scikit-learn,asv_benchmarks/benchmarks/decomposition.py,Python,.py,96,2502,0,False
scikit-learn,asv_benchmarks/benchmarks/ensemble.py,Python,.py,121,3116,0,False
scikit-learn,asv_benchmarks/benchmarks/linear_model.py,Python,.py,257,6863,0,False
scikit-learn,asv_benchmarks/benchmarks/manifold.py,Python,.py,34,854,0,False
scikit-learn,asv_benchmarks/benchmarks/metrics.py,Python,.py,45,1408,0,False
scikit-learn,asv_benchmarks/benchmarks/model_selection.py,Python,.py,84,2455,0,False
scikit-learn,asv_benchmarks/benchmarks/neighbors.py,Python,.py,39,1179,0,False
scikit-learn,asv_benchmarks/benchmarks/svm.py,Python,.py,30,792,0,False
scikit-learn,asv_benchmarks/benchmarks/utils.py,Python,.py,47,1357,0,False
scikit-learn,asv_benchmarks/benchmarks/__init__.py,Python,.py,1,50,0,False
scikit-learn,.github/scripts/add_or_remove_no_pr_warning.py,Python,.py,50,1939,0,False
scikit-learn,.github/scripts/first-time-contributor.py,Python,.py,109,3874,2,True
scikit-learn,.github/scripts/label_title_regex.py,Python,.py,25,688,1,True
