repository,file_path,change_count
flask,CHANGES.rst,66
flask,pyproject.toml,42
flask,.github/workflows/tests.yaml,41
flask,.github/workflows/publish.yaml,41
flask,.pre-commit-config.yaml,35
flask,src/flask/app.py,29
flask,src/flask/helpers.py,21
flask,uv.lock,21
flask,requirements/dev.txt,21
flask,requirements/typing.txt,21
flask,.github/workflows/pre-commit.yaml,18
flask,src/flask/sansio/app.py,18
flask,requirements/tests.txt,17
flask,requirements/docs.txt,16
flask,tox.ini,16
flask,src/flask/sessions.py,14
flask,tests/test_basic.py,13
flask,.github/workflows/lock.yaml,12
flask,src/flask/cli.py,12
flask,src/flask/ctx.py,10
flask,docs/config.rst,10
flask,requirements/build.txt,10
flask,src/flask/testing.py,8
flask,README.md,8
flask,src/flask/sansio/scaffold.py,7
flask,tests/test_blueprints.py,7
flask,src/flask/json/provider.py,7
flask,tests/test_testing.py,6
flask,tests/test_cli.py,6
flask,docs/index.rst,6
flask,src/flask/views.py,5
flask,.github/workflows/zizmor.yaml,5
flask,examples/javascript/pyproject.toml,5
flask,tests/test_reqctx.py,5
flask,docs/templating.rst,5
flask,src/flask/templating.py,5
flask,docs/quickstart.rst,5
flask,docs/web-security.rst,5
flask,docs/conf.py,5
flask,.readthedocs.yaml,5
flask,src/flask/__init__.py,5
flask,tests/test_views.py,4
flask,examples/celery/pyproject.toml,4
flask,examples/tutorial/pyproject.toml,4
flask,docs/appcontext.rst,4
flask,tests/test_appctx.py,4
flask,tests/test_helpers.py,4
flask,docs/_static/flask-horizontal.svg,4
flask,docs/_static/flask-icon.svg,4
flask,docs/_static/flask-vertical.svg,4
flask,src/flask/typing.py,4
flask,.gitignore,4
flask,requirements/dev.in,4
flask,requirements/docs.in,4
flask,requirements/tests-min.txt,4
flask,src/flask/wrappers.py,4
flask,src/flask/blueprints.py,4
flask,.github/dependabot.yml,4
flask,tests/conftest.py,3
flask,docs/patterns/streaming.rst,3
flask,examples/tutorial/flaskr/__init__.py,3
flask,docs/installation.rst,3
flask,docs/design.rst,3
flask,docs/extensiondev.rst,3
flask,src/flask/sansio/blueprints.py,3
flask,docs/contributing.rst,3
flask,requirements/tests-min.in,3
flask,requirements/typing.in,3
flask,.github/ISSUE_TEMPLATE/config.yml,3
flask,requirements-skip/README.md,3
flask,src/flask/config.py,3
flask,src/flask/json/tag.py,3
flask,tests/typing/typing_app_decorators.py,3
flask,requirements/tests-pallets-min.txt,3
flask,docs/patterns/mongoengine.rst,2
flask,docs/async-await.rst,2
flask,docs/patterns/javascript.rst,2
flask,docs/api.rst,2
flask,docs/testing.rst,2
flask,docs/tutorial/database.rst,2
flask,src/flask/debughelpers.py,2
flask,src/flask/json/__init__.py,2
flask,docs/server.rst,2
flask,CODE_OF_CONDUCT.md,2
flask,CONTRIBUTING.rst,2
flask,tests/test_request.py,2
flask,requirements-skip/tests-dev.txt,2
flask,requirements/tests-pallets-min.in => requirements-skip/tests-min.in,2
flask,requirements-skip/tests-min.txt,2
flask,.flake8,2
flask,examples/javascript/js_example/views.py,2
flask,examples/tutorial/flaskr/auth.py,2
flask,examples/tutorial/flaskr/blog.py,2
flask,tests/test_apps/subdomaintestmodule/__init__.py,2
flask,tests/test_signals.py,2
flask,tests/typing/typing_route.py,2
flask,docs/blueprints.rst,1
flask,docs/errorhandling.rst,1
flask,src/flask/sansio/README.md,1
flask,examples/celery/src/task_app/__init__.py,1
flask,examples/javascript/js_example/__init__.py,1
flask,docs/tutorial/layout.rst,1
flask,docs/tutorial/factory.rst,1
flask,docs/deploying/eventlet.rst,1
flask,docs/deploying/gevent.rst,1
flask,docs/deploying/gunicorn.rst,1
flask,docs/deploying/index.rst,1
flask,docs/deploying/uwsgi.rst,1
flask,docs/gevent.rst,1
flask,tests/test_subclassing.py,1
flask,docs/lifecycle.rst,1
flask,docs/patterns/sqlalchemy.rst,1
flask,docs/patterns/sqlite3.rst,1
flask,docs/reqcontext.rst,1
flask,docs/shell.rst,1
flask,docs/signals.rst,1
flask,docs/tutorial/blog.rst,1
flask,docs/tutorial/templates.rst,1
flask,docs/tutorial/tests.rst,1
flask,docs/tutorial/views.rst,1
flask,src/flask/globals.py,1
flask,tests/test_session_interface.py,1
flask,tests/test_templating.py,1
flask,docs/patterns/wtforms.rst,1
flask,docs/_static/flask-logo.svg,1
flask,docs/_static/flask-name.svg,1
flask,docs/_static/flask-horizontal.png,1
flask,docs/_static/flask-vertical.png,1
flask,docs/_static/shortcut-icon.png,1
flask,requirements/build.in,1
flask,requirements/tests-dev.txt,1
flask,requirements/tests.in,1
flask,tests/test_instance_config.py,1
flask,docs/patterns/favicon.rst,1
flask,docs/patterns/appfactories.rst,1
flask,tests/{typing => type_check}/typing_app_decorators.py,1
flask,tests/{typing => type_check}/typing_error_handler.py,1
flask,tests/{typing => type_check}/typing_route.py,1
flask,examples/javascript/{LICENSE.rst => LICENSE.txt},1
flask,examples/tutorial/{LICENSE.rst => LICENSE.txt},1
flask,examples/tutorial/flaskr/db.py,1
flask,examples/javascript/tests/test_js_example.py,1
flask,{requirements-skip => requirements}/tests-dev.txt,1
flask,{requirements-skip => requirements}/tests-min.in,1
flask,{requirements-skip => requirements}/tests-min.txt,1
flask,pre-commit.yaml => .github/workflows/pre-commit.yaml,1
flask,pre-commit.yaml,1
flask,docs/deploying/waitress.rst,1
flask,docs/logging.rst,1
flask,.devcontainer/on-create-command.sh,1
flask,.editorconfig,1
flask,.github/ISSUE_TEMPLATE/bug-report.md,1
flask,.github/SECURITY.md,1
flask,.github/pull_request_template.md,1
flask,LICENSE.rst => LICENSE.txt,1
flask,README.rst,1
flask,docs/license.rst,1
flask,docs/{security.rst => web-security.rst},1
flask,tests/test_json.py,1
flask,src/flask/logging.py,1
flask,docs/deploying/asgi.rst,1
flask,examples/javascript/README.rst,1
flask,requirements/tests-pallets-min.in,1
requests,.github/workflows/run-tests.yml,45
requests,tests/test_requests.py,35
requests,.github/workflows/codeql-analysis.yml,30
requests,HISTORY.md,26
requests,.github/workflows/lint.yml,25
requests,.pre-commit-config.yaml,21
requests,.github/workflows/publish.yml,19
requests,docs/user/advanced.rst,19
requests,setup.py,19
requests,src/requests/utils.py,18
requests,src/requests/models.py,17
requests,pyproject.toml,17
requests,src/requests/adapters.py,17
requests,src/requests/__version__.py,13
requests,requirements-dev.txt,11
requests,src/requests/sessions.py,10
requests,tests/test_utils.py,10
requests,src/requests/__init__.py,8
requests,README.md,8
requests,tox.ini,8
requests,setup.cfg,8
requests,requests/utils.py,8
requests,requests/__version__.py,8
requests,src/requests/_types.py,7
requests,requests/models.py,7
requests,requests/sessions.py,7
requests,.github/workflows/lock-issues.yml,6
requests,src/requests/compat.py,6
requests,docs/community/faq.rst,6
requests,docs/user/quickstart.rst,6
requests,.github/dependabot.yml,5
requests,docs/dev/contributing.rst,5
requests,docs/index.rst,5
requests,docs/_templates/sidebarintro.html,5
requests,docs/_templates/sidebarlogo.html,5
requests,.github/workflows/close-issues.yml,5
requests,Makefile,5
requests,src/requests/packages.py,5
requests,requests/adapters.py,5
requests,.github/workflows/typecheck.yml,4
requests,src/requests/auth.py,4
requests,src/requests/help.py,4
requests,tests/testserver/server.py,4
requests,requests/__init__.py,4
requests,requests/_internal_utils.py,4
requests,.github/workflows/zizmor.yml,3
requests,src/requests/_internal_utils.py,3
requests,src/requests/exceptions.py,3
requests,src/requests/status_codes.py,3
requests,docs/conf.py,3
requests,docs/api.rst,3
requests,AUTHORS.rst,3
requests,tests/test_lowlevel.py,3
requests,tests/certs/expired/ca/ca.cnf,3
requests,tests/certs/expired/ca/ca.crt,3
requests,requests/api.py,3
requests,.github/CONTRIBUTING.md,2
requests,src/requests/cookies.py,2
requests,tests/conftest.py,2
requests,tests/test_adapters.py,2
requests,docs/community/out-there.rst,2
requests,src/requests/hooks.py,2
requests,tests/test_structures.py,2
requests,docs/_static/custom.css,2
requests,tests/test_testserver.py,2
requests,tests/certs/expired/ca/ca-private.key,2
requests,tests/certs/expired/ca/ca.srl,2
requests,tests/certs/expired/server/server.csr,2
requests,tests/certs/expired/server/server.key,2
requests,tests/certs/expired/server/server.pem,2
requests,tests/certs/mtls/client/client.csr,2
requests,tests/certs/mtls/client/client.key,2
requests,tests/certs/mtls/client/client.pem,2
requests,tests/certs/valid/server/server.csr,2
requests,tests/certs/valid/server/server.key,2
requests,tests/certs/valid/server/server.pem,2
requests,MANIFEST.in,2
requests,.readthedocs.yaml,2
requests,tests/test_help.py,2
requests,requests/auth.py,2
requests,requests/cookies.py,2
requests,tests/__init__.py,2
requests,requests/compat.py,2
requests,requests/exceptions.py,2
requests,requests/help.py,2
requests,tests/compat.py,2
requests,.github/AI_POLICY.md,1
requests,docs/Makefile,1
requests,docs/make.bat,1
requests,src/requests/api.py,1
requests,src/requests/py.typed,1
requests,src/requests/structures.py,1
requests,ext/flower-of-life.jpg,1
requests,ext/kr-compressed.png,1
requests,ext/psf-compressed.png,1
requests,ext/ss-compressed.png,1
requests,ext/ss.png,1
requests,docs/_templates/hacks.html,1
requests,docs/_templates/sidebar.html,1
requests,.github/CODEOWNERS,1
requests,src/requests/certs.py,1
requests,docs/user/authentication.rst,1
requests,.github/SECURITY.md,1
requests,docs/community/vulnerabilities.rst,1
requests,tests/certs/README.md,1
requests,tests/certs/expired/Makefile,1
requests,tests/certs/expired/README.md,1
requests,tests/certs/expired/ca/Makefile,1
requests,tests/certs/expired/server/Makefile,1
requests,tests/certs/expired/server/cert.cnf,1
requests,tests/certs/mtls/Makefile,1
requests,tests/certs/mtls/README.md,1
requests,tests/certs/mtls/client/Makefile,1
requests,tests/certs/mtls/client/ca,1
requests,tests/certs/mtls/client/cert.cnf,1
requests,tests/certs/valid/ca,1
requests,tests/certs/valid/server/Makefile,1
requests,tests/certs/valid/server/cert.cnf,1
requests,docs/requirements.txt,1
requests,.github/ISSUE_TEMPLATE/Custom.md,1
requests,.github/ISSUE_TEMPLATE/Feature_request.md,1
requests,{requests => src/requests}/__init__.py,1
requests,{requests => src/requests}/__version__.py,1
requests,{requests => src/requests}/_internal_utils.py,1
requests,{requests => src/requests}/adapters.py,1
requests,{requests => src/requests}/api.py,1
requests,{requests => src/requests}/auth.py,1
requests,{requests => src/requests}/certs.py,1
requests,{requests => src/requests}/compat.py,1
requests,{requests => src/requests}/cookies.py,1
requests,{requests => src/requests}/exceptions.py,1
requests,{requests => src/requests}/help.py,1
requests,{requests => src/requests}/hooks.py,1
requests,{requests => src/requests}/models.py,1
requests,{requests => src/requests}/packages.py,1
requests,{requests => src/requests}/sessions.py,1
requests,{requests => src/requests}/status_codes.py,1
requests,{requests => src/requests}/structures.py,1
requests,{requests => src/requests}/utils.py,1
requests,docs/user/install.rst,1
requests,.git-blame-ignore-revs,1
requests,.coveragerc,1
requests,.github/ISSUE_TEMPLATE.md,1
requests,pytest.ini,1
requests,requests/certs.py,1
requests,requests/hooks.py,1
requests,requests/packages.py,1
requests,requests/status_codes.py,1
requests,requests/structures.py,1
requests,tests/test_hooks.py,1
requests,tests/utils.py,1
pytest,pyproject.toml,27
pytest,AUTHORS,21
pytest,src/_pytest/fixtures.py,20
pytest,testing/test_assertion.py,18
pytest,doc/en/reference/plugin_list.rst,17
pytest,src/_pytest/config/__init__.py,17
pytest,doc/en/reference/reference.rst,17
pytest,.pre-commit-config.yaml,16
pytest,testing/plugins_integration/requirements.txt,16
pytest,src/_pytest/_code/code.py,14
pytest,testing/test_assertrewrite.py,13
pytest,src/_pytest/assertion/rewrite.py,13
pytest,.github/workflows/test.yml,13
pytest,testing/test_config.py,12
pytest,src/_pytest/assertion/__init__.py,12
pytest,src/_pytest/assertion/util.py,11
pytest,src/_pytest/deprecated.py,11
pytest,doc/en/deprecations.rst,11
pytest,.github/workflows/deploy.yml,10
pytest,testing/python/fixtures.py,10
pytest,src/_pytest/python.py,10
pytest,src/_pytest/assertion/_compare_any.py,10
pytest,src/_pytest/python_api.py,10
pytest,.github/workflows/update-plugin-list.yml,9
pytest,testing/python/approx.py,9
pytest,src/_pytest/pathlib.py,9
pytest,testing/test_tmpdir.py,9
pytest,testing/deprecated_test.py,9
pytest,src/_pytest/junitxml.py,8
pytest,testing/python/metafunc.py,8
pytest,.github/workflows/doc-check-links.yml,6
pytest,.github/workflows/prepare-release-pr.yml,6
pytest,testing/test_conftest.py,6
pytest,src/_pytest/terminal.py,6
pytest,src/_pytest/unittest.py,6
pytest,testing/code/test_excinfo.py,6
pytest,CONTRIBUTING.rst,6
pytest,src/_pytest/raises.py,6
pytest,src/_pytest/logging.py,5
pytest,src/_pytest/mark/__init__.py,5
pytest,testing/test_mark.py,5
pytest,src/_pytest/mark/structures.py,5
pytest,testing/test_doctest.py,5
pytest,testing/test_junitxml.py,5
pytest,src/_pytest/approx.py,4
pytest,src/_pytest/_code/source.py,4
pytest,src/_pytest/main.py,4
pytest,doc/en/how-to/writing_plugins.rst,4
pytest,src/_pytest/assertion/_typing.py,4
pytest,src/_pytest/assertion/truncate.py,4
pytest,src/_pytest/assertion/_compare_mapping.py,4
pytest,src/_pytest/assertion/_compare_sequence.py,4
pytest,src/_pytest/assertion/compare_text.py,4
pytest,src/_pytest/config/argparsing.py,4
pytest,tox.ini,4
pytest,testing/test_assertrewrite_coverage.py,3
pytest,testing/logging/test_fixture.py,3
pytest,testing/conftest.py,3
pytest,src/_pytest/unraisableexception.py,3
pytest,testing/test_unittest.py,3
pytest,doc/en/how-to/plugins.rst,3
pytest,src/_pytest/pytester.py,3
pytest,src/_pytest/config/findpaths.py,3
pytest,doc/en/changelog.rst,3
pytest,.github/workflows/stale.yml,3
pytest,src/_pytest/hookspec.py,3
pytest,src/_pytest/tmpdir.py,3
pytest,testing/test_warnings.py,3
pytest,src/_pytest/doctest.py,3
pytest,src/pytest/__init__.py,3
pytest,doc/en/example/parametrize.rst,3
pytest,doc/en/how-to/fixtures.rst,3
pytest,changelog/14004.deprecation.rst,3
pytest,src/_pytest/assertion/_compare_set.py,3
pytest,doc/en/how-to/writing_hook_functions.rst,3
pytest,changelog/14445.bugfix.rst,2
pytest,testing/python/collect.py,2
pytest,testing/test_pluginmanager.py,2
pytest,scripts/diff-assert-rewrite.py,2
pytest,testing/test_reports.py,2
pytest,testing/test_cacheprovider.py,2
pytest,changelog/11418.improvement.rst,2
pytest,testing/code/test_source.py,2
pytest,testing/test_pathlib.py,2
pytest,testing/test_skipping.py,2
pytest,src/_pytest/mark/expression.py,2
pytest,testing/test_mark_expression.py,2
pytest,src/_pytest/runner.py,2
pytest,testing/test_terminal.py,2
pytest,doc/en/example/reportingdemo.rst,2
pytest,doc/en/how-to/output.rst,2
pytest,src/_pytest/skipping.py,2
pytest,doc/en/conf.py,2
pytest,testing/plugins_integration/pytest.ini,2
pytest,changelog/14742.deprecation.rst,2
pytest,testing/test_parseopt.py,2
pytest,changelog/7940.bugfix.rst,2
pytest,changelog/14122.deprecation.rst,2
pytest,uv.lock,2
pytest,testing/test_debugging.py,2
pytest,testing/test_monkeypatch.py,2
pytest,src/_pytest/capture.py,2
pytest,doc/en/example/nonpython.rst,2
pytest,doc/en/how-to/assert.rst,2
pytest,src/_pytest/assertion/_guards.py,2
pytest,changelog/14220.bugfix.rst,2
pytest,changelog/14591.bugfix.rst,2
pytest,changelog/14606.bugfix.rst,2
pytest,changelog/14608.bugfix.rst,2
pytest,doc/en/announce/index.rst,2
pytest,doc/en/builtin.rst,2
pytest,doc/en/example/pythoncollection.rst,2
pytest,doc/en/getting-started.rst,2
pytest,changelog/10819.deprecation.rst,2
pytest,changelog/11022.doc.rst,2
pytest,changelog/11307.doc.rst,2
pytest,changelog/12376.feature.rst,2
pytest,changelog/13038.doc.rst,2
pytest,changelog/13155.doc.rst,2
pytest,changelog/13304.doc.rst,2
pytest,changelog/13484.bugfix.rst,2
pytest,changelog/13784.bugfix.rst,2
pytest,changelog/13817.bugfix.rst,2
pytest,changelog/13885.bugfix.rst,2
pytest,changelog/13902.doc.rst,2
pytest,changelog/14004.bugfix.rst,2
pytest,changelog/14080.bugfix.rst,2
pytest,changelog/14148.doc.rst,2
pytest,changelog/14161.bugfix.rst,2
pytest,changelog/14214.bugfix.rst,2
pytest,changelog/14263.bugfix.rst,2
pytest,changelog/14377.bugfix.rst,2
pytest,changelog/14430.improvement.rst,2
pytest,changelog/14434.deprecation.rst,2
pytest,changelog/14441.improvement.rst,2
pytest,changelog/14442.bugfix.rst,2
pytest,changelog/14456.bugfix.rst,2
pytest,changelog/14461.improvement.rst,2
pytest,changelog/14465.doc.rst,2
pytest,changelog/14474.bugfix.rst,2
pytest,changelog/14483.bugfix.rst,2
pytest,changelog/14492.bugfix.rst,2
pytest,changelog/14513.deprecation.rst,2
pytest,changelog/14513.improvement.rst,2
pytest,changelog/14524.improvement.rst,2
pytest,changelog/14533.breaking.rst,2
pytest,changelog/14582.misc.rst,2
pytest,changelog/1764.deprecation.rst,2
pytest,changelog/1764.improvement.rst,2
pytest,changelog/3697.bugfix.rst,2
pytest,changelog/3850.bugfix.rst,2
pytest,changelog/6757.feature.rst,2
pytest,changelog/8265.improvement.rst,2
pytest,changelog/8395.feature.rst,2
pytest,doc/en/how-to/cache.rst,2
pytest,doc/en/how-to/doctest.rst,2
pytest,doc/en/index.rst,2
pytest,changelog/993.breaking.rst,1
pytest,doc/en/reference/exit-codes.rst,1
pytest,testing/acceptance_test.py,1
pytest,testing/test_session.py,1
pytest,changelog/10210.bugfix.rst,1
pytest,changelog/14921.contrib.rst,1
pytest,testing/test_argcomplete.py,1
pytest,src/_pytest/threadexception.py,1
pytest,changelog/13292.bugfix.rst,1
pytest,changelog/10745.improvement.2.rst,1
pytest,changelog/10745.improvement.1.rst,1
pytest,changelog/14864.bugfix.rst,1
pytest,changelog/14828.bugfix.rst,1
pytest,changelog/14884.bugfix.rst,1
pytest,src/_pytest/cacheprovider.py,1
pytest,changelog/6997.bugfix.rst,1
pytest,changelog/8321.bugfix.rst,1
pytest,changelog/14813.contrib.rst,1
pytest,changelog/2781.feature.rst,1
pytest,changelog/14834.doc.rst,1
pytest,changelog/13369.improvement.rst,1
pytest,testing/test_pytester.py,1
pytest,changelog/11502.bugfix.rst,1
pytest,changelog/14705.bugfix.rst,1
pytest,changelog/14716.breaking.rst,1
pytest,testing/test_findpaths.py,1
pytest,changelog/13354.improvement.rst,1
pytest,src/_pytest/nodes.py,1
pytest,doc/en/example/.ruff.toml,1
pytest,src/_pytest/reports.py,1
pytest,changelog/10721.doc.rst,1
pytest,changelog/14754.improvement.rst,1
pytest,changelog/{XXXXX.improvement.rst => 14791.improvement.rst},1
pytest,changelog/XXXXX.improvement.rst,1
pytest,changelog/14808.deprecation.rst,1
pytest,changelog/14675.bugfix.rst,1
pytest,changelog/12857.doc.rst,1
pytest,changelog/14586.bugfix.rst,1
pytest,testing/logging/test_formatter.py,1
pytest,changelog/14523.improvement.rst,1
pytest,changelog/8914.bugfix.rst,1
pytest,testing/example_scripts/issue_519.py,1
pytest,changelog/12307.bugfix.rst,1
pytest,changelog/9436.improvement.rst,1
pytest,changelog/14751.improvement.rst,1
pytest,src/_pytest/helpconfig.py,1
pytest,testing/test_helpconfig.py,1
pytest,changelog/12697.improvement.rst,1
pytest,changelog/14755.deprecation.rst,1
pytest,changelog/14774.deprecation.rst,1
pytest,testing/test_legacypath.py,1
pytest,changelog/14724.improvement.rst,1
pytest,changelog/10128.bugfix.rst,1
pytest,src/_pytest/warnings.py,1
pytest,changelog/13564.improvement.rst,1
pytest,src/_pytest/legacypath.py,1
pytest,changelog/12824.bugfix.rst,1
pytest,changelog/14743.feature.rst,1
pytest,testing/test_error_diffs.py,1
pytest,changelog/8593.breaking.rst,1
pytest,changelog/11933.bugfix.rst,1
pytest,src/_pytest/recwarn.py,1
pytest,testing/test_recwarn.py,1
pytest,changelog/12624.improvement.rst,1
pytest,changelog/1139.bugfix.rst,1
pytest,.github/actions/setup-tox/action.yml,1
pytest,changelog/14635.bugfix.rst,1
pytest,changelog/6881.feature.rst,1
pytest,testing/freeze/tox_run.py,1
pytest,changelog/14700.bugfix.rst,1
pytest,testing/_py/test_local.py,1
pytest,changelog/14683.bugfix.rst,1
pytest,changelog/14687.improvement.rst,1
pytest,doc/en/reference/customize.rst,1
pytest,doc/en/backwards-compatibility.rst,1
pytest,changelog/14637.bugfix.rst,1
pytest,doc/en/how-to/capture-warnings.rst,1
pytest,changelog/14638.bugfix.rst,1
pytest,changelog/12860.improvement.rst,1
pytest,src/_pytest/{python_api.py => approx.py},1
pytest,changelog/14164.improvement.rst,1
pytest,changelog/14036.bugfix.rst,1
pytest,src/_pytest/_io/pprint.py,1
pytest,testing/io/test_pprint.py,1
pytest,doc/en/announce/release-9.1.1.rst,1
pytest,doc/en/example/simple.rst,1
pytest,testing/python/raises_group.py,1
pytest,testing/typing_checks.py,1
pytest,changelog/11225.improvement.rst,1
pytest,changelog/11295.improvement.rst,1
pytest,changelog/12882.deprecation.rst,1
pytest,changelog/13192.bugfix.rst,1
pytest,changelog/13241.improvement.rst,1
pytest,changelog/13409.deprecation.rst,1
pytest,changelog/13626.bugfix.rst,1
pytest,changelog/13862.improvement.rst,1
pytest,changelog/13884.bugfix.rst,1
pytest,changelog/13917.bugfix.rst,1
pytest,changelog/13946.deprecation.rst,1
pytest,changelog/13963.bugfix.rst,1
pytest,changelog/14012.doc.rst,1
pytest,changelog/14023.feature.rst,1
pytest,changelog/14026.improvement.rst,1
pytest,changelog/14050.bugfix.rst,1
pytest,changelog/14114.bugfix.rst,1
pytest,changelog/14137.improvement.rst,1
pytest,changelog/14234.bugfix.rst,1
pytest,changelog/14248.bugfix.rst,1
pytest,changelog/14303.doc.rst,1
pytest,changelog/14335.deprecation.rst,1
pytest,changelog/14342.improvement.rst,1
pytest,changelog/14371.feature.rst,1
pytest,changelog/14373.improvement.rst,1
pytest,changelog/14381.bugfix.rst,1
pytest,changelog/14389.bugfix.rst,1
pytest,changelog/14392.bugfix.rst,1
pytest,changelog/5848.bugfix.rst,1
pytest,changelog/719.bugfix.rst,1
pytest,doc/en/announce/release-9.1.0.rst,1
pytest,.github/ISSUE_TEMPLATE/3_security_vulnerability.md,1
pytest,README.rst,1
pytest,SECURITY.md,1
pytest,testing/code/test_code.py,1
pytest,testing/test_unraisableexception.py,1
pytest,src/_pytest/assertion/highlight.py,1
pytest,src/pytest/__main__.py,1
pytest,testing/test_capture.py,1
pytest,src/_pytest/monkeypatch.py,1
pytest,doc/en/how-to/monkeypatch.rst,1
pytest,testing/python/raises.py,1
pytest,doc/en/how-to/subtests.rst,1
pytest,src/_pytest/pastebin.py,1
pytest,testing/test_pastebin.py,1
pytest,testing/logging/test_reporting.py,1
pytest,testing/test_setuponly.py,1
fastapi,docs/en/docs/release-notes.md,216
fastapi,uv.lock,27
fastapi,fastapi/__init__.py,23
fastapi,fastapi/routing.py,15
fastapi,.github/workflows/test.yml,14
fastapi,.github/workflows/pre-commit.yml,10
fastapi,.github/workflows/build-docs.yml,8
fastapi,.github/workflows/translate.yml,8
fastapi,README.md,8
fastapi,docs/en/data/sponsors.yml,8
fastapi,pyproject.toml,7
fastapi,.github/workflows/notify-translations.yml,7
fastapi,.github/workflows/sponsors.yml,7
fastapi,.github/workflows/latest-changes.yml,7
fastapi,.github/workflows/bump-pre-commit-hooks.yml,6
fastapi,.github/workflows/deploy-docs.yml,6
fastapi,.github/workflows/prepare-release.yml,6
fastapi,.github/workflows/smokeshow.yml,6
fastapi,.github/workflows/topic-repos.yml,6
fastapi,docs/en/docs/tutorial/frontend.md,6
fastapi,tests/test_frontend.py,6
fastapi,docs/en/mkdocs.yml,6
fastapi,.github/workflows/zizmor.yml,5
fastapi,docs/en/data/topic_repos.yml,5
fastapi,.github/workflows/create-draft-release.yml,5
fastapi,.github/workflows/label-approved.yml,5
fastapi,.github/workflows/publish.yml,5
fastapi,fastapi/dependencies/utils.py,5
fastapi,.github/workflows/test-redistribute.yml,4
fastapi,.pre-commit-config.yaml,4
fastapi,docs/en/data/github_sponsors.yml,4
fastapi,scripts/translate.py,4
fastapi,docs/en/overrides/main.html,4
fastapi,docs/en/docs/index.md,4
fastapi,.github/workflows/labeler.yml,4
fastapi,fastapi/openapi/utils.py,4
fastapi,.github/workflows/contributors.yml,4
fastapi,.github/workflows/people.yml,4
fastapi,docs/en/docs/fastapi-people.md,4
fastapi,docs/ru/docs/deployment/docker.md,3
fastapi,docs/ru/docs/tutorial/frontend.md,3
fastapi,docs/zh-hant/docs/advanced/dataclasses.md,3
fastapi,docs/zh-hant/docs/advanced/events.md,3
fastapi,docs/zh-hant/docs/advanced/generate-clients.md,3
fastapi,docs/zh-hant/docs/advanced/openapi-callbacks.md,3
fastapi,docs/zh-hant/docs/advanced/wsgi.md,3
fastapi,docs/zh-hant/docs/deployment/docker.md,3
fastapi,docs/zh-hant/docs/deployment/manually.md,3
fastapi,docs/zh-hant/docs/index.md,3
fastapi,docs/zh-hant/docs/tutorial/bigger-applications.md,3
fastapi,docs/zh-hant/docs/tutorial/body-nested-models.md,3
fastapi,docs/zh-hant/docs/tutorial/body.md,3
fastapi,docs/zh-hant/docs/tutorial/debugging.md,3
fastapi,docs/zh-hant/docs/tutorial/first-steps.md,3
fastapi,docs/zh-hant/docs/tutorial/frontend.md,3
fastapi,docs/zh-hant/docs/tutorial/query-params-str-validations.md,3
fastapi,docs/zh-hant/docs/tutorial/request-files.md,3
fastapi,docs/zh-hant/docs/tutorial/request-forms.md,3
fastapi,docs/zh-hant/docs/tutorial/schema-extra-example.md,3
fastapi,docs/zh-hant/docs/tutorial/security/first-steps.md,3
fastapi,docs/zh-hant/docs/tutorial/security/oauth2-jwt.md,3
fastapi,docs/zh-hant/docs/tutorial/testing.md,3
fastapi,docs/uk/docs/tutorial/frontend.md,3
fastapi,docs/de/docs/tutorial/frontend.md,3
fastapi,docs/tr/docs/tutorial/frontend.md,3
fastapi,docs/ja/docs/tutorial/frontend.md,3
fastapi,docs/fr/docs/advanced/dataclasses.md,3
fastapi,docs/fr/docs/advanced/events.md,3
fastapi,docs/fr/docs/advanced/generate-clients.md,3
fastapi,docs/fr/docs/advanced/openapi-callbacks.md,3
fastapi,docs/fr/docs/advanced/wsgi.md,3
fastapi,docs/fr/docs/deployment/docker.md,3
fastapi,docs/fr/docs/deployment/manually.md,3
fastapi,docs/fr/docs/index.md,3
fastapi,docs/fr/docs/tutorial/bigger-applications.md,3
fastapi,docs/fr/docs/tutorial/body-nested-models.md,3
fastapi,docs/fr/docs/tutorial/body.md,3
fastapi,docs/fr/docs/tutorial/debugging.md,3
fastapi,docs/fr/docs/tutorial/first-steps.md,3
fastapi,docs/fr/docs/tutorial/frontend.md,3
fastapi,docs/fr/docs/tutorial/query-params-str-validations.md,3
fastapi,docs/fr/docs/tutorial/request-files.md,3
fastapi,docs/fr/docs/tutorial/request-forms.md,3
fastapi,docs/fr/docs/tutorial/schema-extra-example.md,3
fastapi,docs/fr/docs/tutorial/security/first-steps.md,3
fastapi,docs/fr/docs/tutorial/security/oauth2-jwt.md,3
fastapi,docs/fr/docs/tutorial/testing.md,3
fastapi,docs/zh/docs/tutorial/frontend.md,3
fastapi,docs/es/docs/tutorial/frontend.md,3
fastapi,docs/pt/docs/tutorial/frontend.md,3
fastapi,docs/ko/docs/tutorial/frontend.md,3
fastapi,scripts/sponsors.py,3
fastapi,.github/pr-submit.yml,3
fastapi,scripts/topic_repos.py,3
fastapi,tests/test_sse.py,3
fastapi,docs/en/docs/fastapi-cli.md,3
fastapi,fastapi/applications.py,3
fastapi,fastapi/dependencies/models.py,3
fastapi,tests/test_dependency_models.py,3
fastapi,docs/en/docs/advanced/generate-clients.md,3
fastapi,docs/en/docs/advanced/settings.md,3
fastapi,docs/en/docs/deployment/docker.md,3
fastapi,docs/en/docs/deployment/manually.md,3
fastapi,docs/en/docs/help-fastapi.md,3
fastapi,docs/en/docs/tutorial/first-steps.md,3
fastapi,docs/en/docs/tutorial/static-files.md,3
fastapi,docs/en/docs/tutorial/testing.md,3
fastapi,docs/en/docs/tutorial/index.md,3
fastapi,docs/en/docs/tutorial/bigger-applications.md,3
fastapi,.github/workflows/issue-manager.yml,3
fastapi,scripts/docs.py,3
fastapi,fastapi/.agents/skills/fastapi/SKILL.md,3
fastapi,docs/hi/docs/advanced/additional-responses.md,2
fastapi,docs/hi/docs/advanced/async-tests.md,2
fastapi,docs/hi/docs/advanced/behind-a-proxy.md,2
fastapi,docs/hi/docs/advanced/dataclasses.md,2
fastapi,docs/hi/docs/advanced/events.md,2
fastapi,docs/hi/docs/advanced/generate-clients.md,2
fastapi,docs/hi/docs/advanced/middleware.md,2
fastapi,docs/hi/docs/advanced/openapi-callbacks.md,2
fastapi,docs/hi/docs/advanced/response-cookies.md,2
fastapi,docs/hi/docs/advanced/response-headers.md,2
fastapi,docs/hi/docs/advanced/settings.md,2
fastapi,docs/hi/docs/advanced/sub-applications.md,2
fastapi,docs/hi/docs/advanced/templates.md,2
fastapi,docs/hi/docs/advanced/testing-events.md,2
fastapi,docs/hi/docs/advanced/testing-websockets.md,2
fastapi,docs/hi/docs/advanced/using-request-directly.md,2
fastapi,docs/hi/docs/advanced/websockets.md,2
fastapi,docs/hi/docs/advanced/wsgi.md,2
fastapi,docs/hi/docs/alternatives.md,2
fastapi,docs/hi/docs/deployment/docker.md,2
fastapi,docs/hi/docs/deployment/fastapicloud.md,2
fastapi,docs/hi/docs/deployment/manually.md,2
fastapi,docs/hi/docs/deployment/server-workers.md,2
fastapi,docs/hi/docs/environment-variables.md,2
fastapi,docs/hi/docs/fastapi-cli.md,2
fastapi,docs/hi/docs/features.md,2
fastapi,docs/hi/docs/help-fastapi.md,2
fastapi,docs/hi/docs/history-design-future.md,2
fastapi,docs/hi/docs/how-to/custom-request-and-route.md,2
fastapi,docs/hi/docs/how-to/extending-openapi.md,2
fastapi,docs/hi/docs/how-to/graphql.md,2
fastapi,docs/hi/docs/how-to/migrate-from-pydantic-v1-to-pydantic-v2.md,2
fastapi,docs/hi/docs/index.md,2
fastapi,docs/hi/docs/project-generation.md,2
fastapi,docs/hi/docs/python-types.md,2
fastapi,docs/hi/docs/tutorial/background-tasks.md,2
fastapi,docs/hi/docs/tutorial/bigger-applications.md,2
fastapi,docs/hi/docs/tutorial/body-nested-models.md,2
fastapi,docs/hi/docs/tutorial/body.md,2
fastapi,docs/hi/docs/tutorial/debugging.md,2
fastapi,docs/hi/docs/tutorial/extra-data-types.md,2
fastapi,docs/hi/docs/tutorial/extra-models.md,2
fastapi,docs/hi/docs/tutorial/first-steps.md,2
fastapi,docs/hi/docs/tutorial/frontend.md,2
fastapi,docs/hi/docs/tutorial/handling-errors.md,2
fastapi,docs/hi/docs/tutorial/index.md,2
fastapi,docs/hi/docs/tutorial/middleware.md,2
fastapi,docs/hi/docs/tutorial/path-params.md,2
fastapi,docs/hi/docs/tutorial/query-params-str-validations.md,2
fastapi,docs/hi/docs/tutorial/request-files.md,2
fastapi,docs/hi/docs/tutorial/request-form-models.md,2
fastapi,docs/hi/docs/tutorial/request-forms-and-files.md,2
fastapi,docs/hi/docs/tutorial/request-forms.md,2
fastapi,docs/hi/docs/tutorial/response-model.md,2
fastapi,docs/hi/docs/tutorial/schema-extra-example.md,2
fastapi,docs/hi/docs/tutorial/security/first-steps.md,2
fastapi,docs/hi/docs/tutorial/security/oauth2-jwt.md,2
fastapi,docs/hi/docs/tutorial/sql-databases.md,2
fastapi,docs/hi/docs/tutorial/static-files.md,2
fastapi,docs/hi/docs/tutorial/testing.md,2
fastapi,docs/hi/docs/virtual-environments.md,2
fastapi,docs/ru/docs/advanced/dataclasses.md,2
fastapi,docs/ru/docs/advanced/events.md,2
fastapi,docs/ru/docs/advanced/generate-clients.md,2
fastapi,docs/ru/docs/advanced/openapi-callbacks.md,2
fastapi,docs/ru/docs/advanced/response-cookies.md,2
fastapi,docs/ru/docs/advanced/response-headers.md,2
fastapi,docs/ru/docs/advanced/settings.md,2
fastapi,docs/ru/docs/advanced/wsgi.md,2
fastapi,docs/ru/docs/alternatives.md,2
fastapi,docs/ru/docs/deployment/manually.md,2
fastapi,docs/ru/docs/environment-variables.md,2
fastapi,docs/ru/docs/features.md,2
fastapi,docs/ru/docs/help-fastapi.md,2
fastapi,docs/ru/docs/how-to/custom-request-and-route.md,2
fastapi,docs/ru/docs/how-to/graphql.md,2
fastapi,docs/ru/docs/how-to/migrate-from-pydantic-v1-to-pydantic-v2.md,2
fastapi,docs/ru/docs/index.md,2
fastapi,docs/ru/docs/project-generation.md,2
fastapi,docs/ru/docs/python-types.md,2
fastapi,docs/ru/docs/tutorial/bigger-applications.md,2
fastapi,docs/ru/docs/tutorial/body-nested-models.md,2
fastapi,docs/ru/docs/tutorial/body.md,2
fastapi,docs/ru/docs/tutorial/debugging.md,2
fastapi,docs/ru/docs/tutorial/extra-data-types.md,2
fastapi,docs/ru/docs/tutorial/extra-models.md,2
fastapi,docs/ru/docs/tutorial/first-steps.md,2
fastapi,docs/ru/docs/tutorial/handling-errors.md,2
fastapi,docs/ru/docs/tutorial/index.md,2
fastapi,docs/ru/docs/tutorial/query-params-str-validations.md,2
fastapi,docs/ru/docs/tutorial/request-files.md,2
fastapi,docs/ru/docs/tutorial/request-forms.md,2
fastapi,docs/ru/docs/tutorial/schema-extra-example.md,2
fastapi,docs/ru/docs/tutorial/security/first-steps.md,2
fastapi,docs/ru/docs/tutorial/security/oauth2-jwt.md,2
fastapi,docs/ru/docs/tutorial/sql-databases.md,2
fastapi,docs/ru/docs/tutorial/static-files.md,2
fastapi,docs/ru/docs/tutorial/testing.md,2
fastapi,docs/ru/docs/virtual-environments.md,2
fastapi,docs/zh-hant/docs/advanced/additional-responses.md,2
fastapi,docs/zh-hant/docs/advanced/response-cookies.md,2
fastapi,docs/zh-hant/docs/advanced/response-headers.md,2
fastapi,docs/zh-hant/docs/advanced/settings.md,2
fastapi,docs/zh-hant/docs/advanced/websockets.md,2
fastapi,docs/zh-hant/docs/alternatives.md,2
fastapi,docs/zh-hant/docs/deployment/fastapicloud.md,2
fastapi,docs/zh-hant/docs/deployment/server-workers.md,2
fastapi,docs/zh-hant/docs/environment-variables.md,2
fastapi,docs/zh-hant/docs/features.md,2
fastapi,docs/zh-hant/docs/help-fastapi.md,2
fastapi,docs/zh-hant/docs/how-to/custom-request-and-route.md,2
fastapi,docs/zh-hant/docs/how-to/extending-openapi.md,2
fastapi,docs/zh-hant/docs/how-to/graphql.md,2
fastapi,docs/zh-hant/docs/how-to/migrate-from-pydantic-v1-to-pydantic-v2.md,2
fastapi,docs/zh-hant/docs/project-generation.md,2
fastapi,docs/zh-hant/docs/python-types.md,2
fastapi,docs/zh-hant/docs/tutorial/extra-data-types.md,2
fastapi,docs/zh-hant/docs/tutorial/extra-models.md,2
fastapi,docs/zh-hant/docs/tutorial/handling-errors.md,2
fastapi,docs/zh-hant/docs/tutorial/index.md,2
fastapi,docs/zh-hant/docs/tutorial/path-params.md,2
fastapi,docs/zh-hant/docs/tutorial/request-form-models.md,2
fastapi,docs/zh-hant/docs/tutorial/request-forms-and-files.md,2
fastapi,docs/zh-hant/docs/tutorial/response-model.md,2
fastapi,docs/zh-hant/docs/tutorial/sql-databases.md,2
fastapi,docs/zh-hant/docs/tutorial/static-files.md,2
fastapi,docs/zh-hant/docs/virtual-environments.md,2
fastapi,docs/uk/docs/advanced/dataclasses.md,2
fastapi,docs/uk/docs/advanced/events.md,2
fastapi,docs/uk/docs/advanced/generate-clients.md,2
fastapi,docs/uk/docs/advanced/openapi-callbacks.md,2
fastapi,docs/uk/docs/advanced/response-cookies.md,2
fastapi,docs/uk/docs/advanced/response-headers.md,2
fastapi,docs/uk/docs/advanced/settings.md,2
fastapi,docs/uk/docs/advanced/wsgi.md,2
fastapi,docs/uk/docs/alternatives.md,2
fastapi,docs/uk/docs/deployment/docker.md,2
fastapi,docs/uk/docs/deployment/manually.md,2
fastapi,docs/uk/docs/environment-variables.md,2
fastapi,docs/uk/docs/features.md,2
fastapi,docs/uk/docs/help-fastapi.md,2
fastapi,docs/uk/docs/how-to/custom-request-and-route.md,2
fastapi,docs/uk/docs/how-to/graphql.md,2
fastapi,docs/uk/docs/how-to/migrate-from-pydantic-v1-to-pydantic-v2.md,2
fastapi,docs/uk/docs/index.md,2
fastapi,docs/uk/docs/project-generation.md,2
fastapi,docs/uk/docs/python-types.md,2
fastapi,docs/uk/docs/tutorial/bigger-applications.md,2
fastapi,docs/uk/docs/tutorial/body-nested-models.md,2
fastapi,docs/uk/docs/tutorial/body.md,2
fastapi,docs/uk/docs/tutorial/debugging.md,2
fastapi,docs/uk/docs/tutorial/extra-data-types.md,2
fastapi,docs/uk/docs/tutorial/extra-models.md,2
fastapi,docs/uk/docs/tutorial/first-steps.md,2
fastapi,docs/uk/docs/tutorial/handling-errors.md,2
fastapi,docs/uk/docs/tutorial/index.md,2
fastapi,docs/uk/docs/tutorial/query-params-str-validations.md,2
fastapi,docs/uk/docs/tutorial/request-files.md,2
fastapi,docs/uk/docs/tutorial/request-forms.md,2
fastapi,docs/uk/docs/tutorial/schema-extra-example.md,2
fastapi,docs/uk/docs/tutorial/security/first-steps.md,2
fastapi,docs/uk/docs/tutorial/security/oauth2-jwt.md,2
fastapi,docs/uk/docs/tutorial/sql-databases.md,2
fastapi,docs/uk/docs/tutorial/static-files.md,2
fastapi,docs/uk/docs/tutorial/testing.md,2
fastapi,docs/uk/docs/virtual-environments.md,2
fastapi,docs/de/docs/advanced/dataclasses.md,2
fastapi,docs/de/docs/advanced/events.md,2
fastapi,docs/de/docs/advanced/generate-clients.md,2
fastapi,docs/de/docs/advanced/openapi-callbacks.md,2
fastapi,docs/de/docs/advanced/response-cookies.md,2
fastapi,docs/de/docs/advanced/response-headers.md,2
fastapi,docs/de/docs/advanced/settings.md,2
fastapi,docs/de/docs/advanced/wsgi.md,2
fastapi,docs/de/docs/alternatives.md,2
fastapi,docs/de/docs/deployment/docker.md,2
fastapi,docs/de/docs/deployment/manually.md,2
fastapi,docs/de/docs/environment-variables.md,2
fastapi,docs/de/docs/features.md,2
fastapi,docs/de/docs/help-fastapi.md,2
fastapi,docs/de/docs/how-to/custom-request-and-route.md,2
fastapi,docs/de/docs/how-to/graphql.md,2
fastapi,docs/de/docs/how-to/migrate-from-pydantic-v1-to-pydantic-v2.md,2
fastapi,docs/de/docs/index.md,2
fastapi,docs/de/docs/project-generation.md,2
fastapi,docs/de/docs/python-types.md,2
fastapi,docs/de/docs/tutorial/bigger-applications.md,2
fastapi,docs/de/docs/tutorial/body-nested-models.md,2
fastapi,docs/de/docs/tutorial/body.md,2
fastapi,docs/de/docs/tutorial/debugging.md,2
fastapi,docs/de/docs/tutorial/extra-data-types.md,2
fastapi,docs/de/docs/tutorial/extra-models.md,2
fastapi,docs/de/docs/tutorial/first-steps.md,2
fastapi,docs/de/docs/tutorial/handling-errors.md,2
fastapi,docs/de/docs/tutorial/index.md,2
fastapi,docs/de/docs/tutorial/query-params-str-validations.md,2
fastapi,docs/de/docs/tutorial/request-files.md,2
fastapi,docs/de/docs/tutorial/request-forms.md,2
fastapi,docs/de/docs/tutorial/schema-extra-example.md,2
fastapi,docs/de/docs/tutorial/security/first-steps.md,2
fastapi,docs/de/docs/tutorial/security/oauth2-jwt.md,2
fastapi,docs/de/docs/tutorial/sql-databases.md,2
fastapi,docs/de/docs/tutorial/static-files.md,2
fastapi,docs/de/docs/tutorial/testing.md,2
fastapi,docs/de/docs/virtual-environments.md,2
fastapi,docs/tr/docs/advanced/dataclasses.md,2
fastapi,docs/tr/docs/advanced/events.md,2
fastapi,docs/tr/docs/advanced/generate-clients.md,2
fastapi,docs/tr/docs/advanced/openapi-callbacks.md,2
fastapi,docs/tr/docs/advanced/response-cookies.md,2
fastapi,docs/tr/docs/advanced/response-headers.md,2
fastapi,docs/tr/docs/advanced/settings.md,2
fastapi,docs/tr/docs/advanced/wsgi.md,2
fastapi,docs/tr/docs/alternatives.md,2
fastapi,docs/tr/docs/deployment/docker.md,2
fastapi,docs/tr/docs/deployment/manually.md,2
fastapi,docs/tr/docs/environment-variables.md,2
fastapi,docs/tr/docs/features.md,2
fastapi,docs/tr/docs/help-fastapi.md,2
fastapi,docs/tr/docs/how-to/custom-request-and-route.md,2
fastapi,docs/tr/docs/how-to/graphql.md,2
fastapi,docs/tr/docs/how-to/migrate-from-pydantic-v1-to-pydantic-v2.md,2
fastapi,docs/tr/docs/index.md,2
fastapi,docs/tr/docs/project-generation.md,2
fastapi,docs/tr/docs/python-types.md,2
fastapi,docs/tr/docs/tutorial/bigger-applications.md,2
fastapi,docs/tr/docs/tutorial/body-nested-models.md,2
fastapi,docs/tr/docs/tutorial/body.md,2
fastapi,docs/tr/docs/tutorial/debugging.md,2
fastapi,docs/tr/docs/tutorial/extra-data-types.md,2
fastapi,docs/tr/docs/tutorial/extra-models.md,2
fastapi,docs/tr/docs/tutorial/first-steps.md,2
fastapi,docs/tr/docs/tutorial/handling-errors.md,2
fastapi,docs/tr/docs/tutorial/index.md,2
fastapi,docs/tr/docs/tutorial/query-params-str-validations.md,2
fastapi,docs/tr/docs/tutorial/request-files.md,2
fastapi,docs/tr/docs/tutorial/request-forms.md,2
fastapi,docs/tr/docs/tutorial/schema-extra-example.md,2
fastapi,docs/tr/docs/tutorial/security/first-steps.md,2
fastapi,docs/tr/docs/tutorial/security/oauth2-jwt.md,2
fastapi,docs/tr/docs/tutorial/sql-databases.md,2
fastapi,docs/tr/docs/tutorial/static-files.md,2
fastapi,docs/tr/docs/tutorial/testing.md,2
fastapi,docs/tr/docs/virtual-environments.md,2
fastapi,docs/ja/docs/advanced/dataclasses.md,2
fastapi,docs/ja/docs/advanced/events.md,2
fastapi,docs/ja/docs/advanced/generate-clients.md,2
fastapi,docs/ja/docs/advanced/openapi-callbacks.md,2
fastapi,docs/ja/docs/advanced/response-cookies.md,2
fastapi,docs/ja/docs/advanced/response-headers.md,2
fastapi,docs/ja/docs/advanced/settings.md,2
fastapi,docs/ja/docs/advanced/wsgi.md,2
fastapi,docs/ja/docs/alternatives.md,2
fastapi,docs/ja/docs/deployment/docker.md,2
fastapi,docs/ja/docs/deployment/manually.md,2
fastapi,docs/ja/docs/environment-variables.md,2
fastapi,docs/ja/docs/features.md,2
fastapi,docs/ja/docs/help-fastapi.md,2
fastapi,docs/ja/docs/how-to/custom-request-and-route.md,2
fastapi,docs/ja/docs/how-to/graphql.md,2
fastapi,docs/ja/docs/how-to/migrate-from-pydantic-v1-to-pydantic-v2.md,2
fastapi,docs/ja/docs/index.md,2
fastapi,docs/ja/docs/project-generation.md,2
fastapi,docs/ja/docs/python-types.md,2
fastapi,docs/ja/docs/tutorial/bigger-applications.md,2
fastapi,docs/ja/docs/tutorial/body-nested-models.md,2
fastapi,docs/ja/docs/tutorial/body.md,2
fastapi,docs/ja/docs/tutorial/debugging.md,2
fastapi,docs/ja/docs/tutorial/extra-data-types.md,2
fastapi,docs/ja/docs/tutorial/extra-models.md,2
fastapi,docs/ja/docs/tutorial/first-steps.md,2
fastapi,docs/ja/docs/tutorial/handling-errors.md,2
fastapi,docs/ja/docs/tutorial/index.md,2
fastapi,docs/ja/docs/tutorial/query-params-str-validations.md,2
fastapi,docs/ja/docs/tutorial/request-files.md,2
fastapi,docs/ja/docs/tutorial/request-forms.md,2
fastapi,docs/ja/docs/tutorial/schema-extra-example.md,2
fastapi,docs/ja/docs/tutorial/security/first-steps.md,2
fastapi,docs/ja/docs/tutorial/security/oauth2-jwt.md,2
fastapi,docs/ja/docs/tutorial/sql-databases.md,2
fastapi,docs/ja/docs/tutorial/static-files.md,2
fastapi,docs/ja/docs/tutorial/testing.md,2
fastapi,docs/ja/docs/virtual-environments.md,2
fastapi,docs/fr/docs/advanced/additional-responses.md,2
fastapi,docs/fr/docs/advanced/response-cookies.md,2
fastapi,docs/fr/docs/advanced/response-headers.md,2
fastapi,docs/fr/docs/advanced/settings.md,2
fastapi,docs/fr/docs/advanced/websockets.md,2
fastapi,docs/fr/docs/alternatives.md,2
fastapi,docs/fr/docs/deployment/fastapicloud.md,2
fastapi,docs/fr/docs/deployment/server-workers.md,2
fastapi,docs/fr/docs/environment-variables.md,2
fastapi,docs/fr/docs/features.md,2
fastapi,docs/fr/docs/help-fastapi.md,2
fastapi,docs/fr/docs/how-to/custom-request-and-route.md,2
fastapi,docs/fr/docs/how-to/extending-openapi.md,2
fastapi,docs/fr/docs/how-to/graphql.md,2
fastapi,docs/fr/docs/how-to/migrate-from-pydantic-v1-to-pydantic-v2.md,2
fastapi,docs/fr/docs/project-generation.md,2
fastapi,docs/fr/docs/python-types.md,2
fastapi,docs/fr/docs/tutorial/extra-data-types.md,2
fastapi,docs/fr/docs/tutorial/extra-models.md,2
fastapi,docs/fr/docs/tutorial/handling-errors.md,2
fastapi,docs/fr/docs/tutorial/index.md,2
fastapi,docs/fr/docs/tutorial/path-params.md,2
fastapi,docs/fr/docs/tutorial/request-form-models.md,2
fastapi,docs/fr/docs/tutorial/request-forms-and-files.md,2
fastapi,docs/fr/docs/tutorial/response-model.md,2
fastapi,docs/fr/docs/tutorial/sql-databases.md,2
fastapi,docs/fr/docs/tutorial/static-files.md,2
fastapi,docs/fr/docs/virtual-environments.md,2
fastapi,docs/zh/docs/advanced/dataclasses.md,2
fastapi,docs/zh/docs/advanced/events.md,2
fastapi,docs/zh/docs/advanced/generate-clients.md,2
fastapi,docs/zh/docs/advanced/openapi-callbacks.md,2
fastapi,docs/zh/docs/advanced/response-cookies.md,2
fastapi,docs/zh/docs/advanced/response-headers.md,2
fastapi,docs/zh/docs/advanced/settings.md,2
fastapi,docs/zh/docs/advanced/wsgi.md,2
fastapi,docs/zh/docs/alternatives.md,2
fastapi,docs/zh/docs/deployment/docker.md,2
fastapi,docs/zh/docs/deployment/manually.md,2
fastapi,docs/zh/docs/environment-variables.md,2
fastapi,docs/zh/docs/features.md,2
fastapi,docs/zh/docs/help-fastapi.md,2
fastapi,docs/zh/docs/how-to/custom-request-and-route.md,2
fastapi,docs/zh/docs/how-to/graphql.md,2
fastapi,docs/zh/docs/how-to/migrate-from-pydantic-v1-to-pydantic-v2.md,2
fastapi,docs/zh/docs/index.md,2
fastapi,docs/zh/docs/project-generation.md,2
fastapi,docs/zh/docs/python-types.md,2
fastapi,docs/zh/docs/tutorial/bigger-applications.md,2
fastapi,docs/zh/docs/tutorial/body-nested-models.md,2
fastapi,docs/zh/docs/tutorial/body.md,2
fastapi,docs/zh/docs/tutorial/debugging.md,2
fastapi,docs/zh/docs/tutorial/extra-data-types.md,2
fastapi,docs/zh/docs/tutorial/extra-models.md,2
fastapi,docs/zh/docs/tutorial/first-steps.md,2
fastapi,docs/zh/docs/tutorial/handling-errors.md,2
fastapi,docs/zh/docs/tutorial/index.md,2
fastapi,docs/zh/docs/tutorial/query-params-str-validations.md,2
fastapi,docs/zh/docs/tutorial/request-files.md,2
fastapi,docs/zh/docs/tutorial/request-forms.md,2
fastapi,docs/zh/docs/tutorial/schema-extra-example.md,2
fastapi,docs/zh/docs/tutorial/security/first-steps.md,2
fastapi,docs/zh/docs/tutorial/security/oauth2-jwt.md,2
fastapi,docs/zh/docs/tutorial/sql-databases.md,2
fastapi,docs/zh/docs/tutorial/static-files.md,2
fastapi,docs/zh/docs/tutorial/testing.md,2
fastapi,docs/zh/docs/virtual-environments.md,2
fastapi,docs/es/docs/advanced/dataclasses.md,2
fastapi,docs/es/docs/advanced/events.md,2
fastapi,docs/es/docs/advanced/generate-clients.md,2
fastapi,docs/es/docs/advanced/openapi-callbacks.md,2
fastapi,docs/es/docs/advanced/response-cookies.md,2
fastapi,docs/es/docs/advanced/response-headers.md,2
fastapi,docs/es/docs/advanced/settings.md,2
fastapi,docs/es/docs/advanced/wsgi.md,2
fastapi,docs/es/docs/alternatives.md,2
fastapi,docs/es/docs/deployment/docker.md,2
fastapi,docs/es/docs/deployment/manually.md,2
fastapi,docs/es/docs/environment-variables.md,2
fastapi,docs/es/docs/features.md,2
fastapi,docs/es/docs/help-fastapi.md,2
fastapi,docs/es/docs/how-to/custom-request-and-route.md,2
fastapi,docs/es/docs/how-to/graphql.md,2
fastapi,docs/es/docs/how-to/migrate-from-pydantic-v1-to-pydantic-v2.md,2
fastapi,docs/es/docs/index.md,2
fastapi,docs/es/docs/project-generation.md,2
fastapi,docs/es/docs/python-types.md,2
fastapi,docs/es/docs/tutorial/bigger-applications.md,2
fastapi,docs/es/docs/tutorial/body-nested-models.md,2
fastapi,docs/es/docs/tutorial/body.md,2
fastapi,docs/es/docs/tutorial/debugging.md,2
fastapi,docs/es/docs/tutorial/extra-data-types.md,2
fastapi,docs/es/docs/tutorial/extra-models.md,2
fastapi,docs/es/docs/tutorial/first-steps.md,2
fastapi,docs/es/docs/tutorial/handling-errors.md,2
fastapi,docs/es/docs/tutorial/index.md,2
fastapi,docs/es/docs/tutorial/query-params-str-validations.md,2
fastapi,docs/es/docs/tutorial/request-files.md,2
fastapi,docs/es/docs/tutorial/request-forms.md,2
fastapi,docs/es/docs/tutorial/schema-extra-example.md,2
fastapi,docs/es/docs/tutorial/security/first-steps.md,2
fastapi,docs/es/docs/tutorial/security/oauth2-jwt.md,2
fastapi,docs/es/docs/tutorial/sql-databases.md,2
fastapi,docs/es/docs/tutorial/static-files.md,2
fastapi,docs/es/docs/tutorial/testing.md,2
fastapi,docs/es/docs/virtual-environments.md,2
fastapi,docs/pt/docs/advanced/dataclasses.md,2
fastapi,docs/pt/docs/advanced/events.md,2
fastapi,docs/pt/docs/advanced/generate-clients.md,2
fastapi,docs/pt/docs/advanced/openapi-callbacks.md,2
fastapi,docs/pt/docs/advanced/response-cookies.md,2
fastapi,docs/pt/docs/advanced/response-headers.md,2
fastapi,docs/pt/docs/advanced/settings.md,2
fastapi,docs/pt/docs/advanced/wsgi.md,2
fastapi,docs/pt/docs/alternatives.md,2
fastapi,docs/pt/docs/deployment/docker.md,2
fastapi,docs/pt/docs/deployment/manually.md,2
fastapi,docs/pt/docs/environment-variables.md,2
fastapi,docs/pt/docs/features.md,2
fastapi,docs/pt/docs/help-fastapi.md,2
fastapi,docs/pt/docs/how-to/custom-request-and-route.md,2
fastapi,docs/pt/docs/how-to/graphql.md,2
fastapi,docs/pt/docs/how-to/migrate-from-pydantic-v1-to-pydantic-v2.md,2
fastapi,docs/pt/docs/index.md,2
fastapi,docs/pt/docs/project-generation.md,2
fastapi,docs/pt/docs/python-types.md,2
fastapi,docs/pt/docs/tutorial/bigger-applications.md,2
fastapi,docs/pt/docs/tutorial/body-nested-models.md,2
fastapi,docs/pt/docs/tutorial/body.md,2
fastapi,docs/pt/docs/tutorial/debugging.md,2
fastapi,docs/pt/docs/tutorial/extra-data-types.md,2
fastapi,docs/pt/docs/tutorial/extra-models.md,2
fastapi,docs/pt/docs/tutorial/first-steps.md,2
fastapi,docs/pt/docs/tutorial/handling-errors.md,2
fastapi,docs/pt/docs/tutorial/index.md,2
fastapi,docs/pt/docs/tutorial/query-params-str-validations.md,2
fastapi,docs/pt/docs/tutorial/request-files.md,2
fastapi,docs/pt/docs/tutorial/request-forms.md,2
fastapi,docs/pt/docs/tutorial/schema-extra-example.md,2
fastapi,docs/pt/docs/tutorial/security/first-steps.md,2
fastapi,docs/pt/docs/tutorial/security/oauth2-jwt.md,2
fastapi,docs/pt/docs/tutorial/sql-databases.md,2
fastapi,docs/pt/docs/tutorial/static-files.md,2
fastapi,docs/pt/docs/tutorial/testing.md,2
fastapi,docs/pt/docs/virtual-environments.md,2
fastapi,docs/ko/docs/advanced/dataclasses.md,2
fastapi,docs/ko/docs/advanced/events.md,2
fastapi,docs/ko/docs/advanced/generate-clients.md,2
fastapi,docs/ko/docs/advanced/openapi-callbacks.md,2
fastapi,docs/ko/docs/advanced/response-cookies.md,2
fastapi,docs/ko/docs/advanced/response-headers.md,2
fastapi,docs/ko/docs/advanced/settings.md,2
fastapi,docs/ko/docs/advanced/wsgi.md,2
fastapi,docs/ko/docs/alternatives.md,2
fastapi,docs/ko/docs/deployment/docker.md,2
fastapi,docs/ko/docs/deployment/manually.md,2
fastapi,docs/ko/docs/environment-variables.md,2
fastapi,docs/ko/docs/help-fastapi.md,2
fastapi,docs/ko/docs/how-to/custom-request-and-route.md,2
fastapi,docs/ko/docs/how-to/graphql.md,2
fastapi,docs/ko/docs/how-to/migrate-from-pydantic-v1-to-pydantic-v2.md,2
fastapi,docs/ko/docs/index.md,2
fastapi,docs/ko/docs/project-generation.md,2
fastapi,docs/ko/docs/python-types.md,2
fastapi,docs/ko/docs/tutorial/bigger-applications.md,2
fastapi,docs/ko/docs/tutorial/body-nested-models.md,2
fastapi,docs/ko/docs/tutorial/body.md,2
fastapi,docs/ko/docs/tutorial/debugging.md,2
fastapi,docs/ko/docs/tutorial/extra-data-types.md,2
fastapi,docs/ko/docs/tutorial/extra-models.md,2
fastapi,docs/ko/docs/tutorial/first-steps.md,2
fastapi,docs/ko/docs/tutorial/handling-errors.md,2
fastapi,docs/ko/docs/tutorial/index.md,2
fastapi,docs/ko/docs/tutorial/query-params-str-validations.md,2
fastapi,docs/ko/docs/tutorial/request-files.md,2
fastapi,docs/ko/docs/tutorial/request-forms.md,2
fastapi,docs/ko/docs/tutorial/schema-extra-example.md,2
fastapi,docs/ko/docs/tutorial/security/first-steps.md,2
fastapi,docs/ko/docs/tutorial/security/oauth2-jwt.md,2
fastapi,docs/ko/docs/tutorial/sql-databases.md,2
fastapi,docs/ko/docs/tutorial/static-files.md,2
fastapi,docs/ko/docs/tutorial/testing.md,2
fastapi,docs/ko/docs/virtual-environments.md,2
fastapi,.github/pr-push.yml,2
fastapi,docs/en/docs/css/custom.css,2
fastapi,docs/en/overrides/partials/conf-rail.html,2
fastapi,docs/ko/docs/features.md,2
fastapi,tests/test_jsonable_encoder.py,2
fastapi,tests/test_skip_defaults.py,2
fastapi,fastapi/sse.py,2
fastapi,docs/en/docs/advanced/behind-a-proxy.md,2
fastapi,docs/en/docs/advanced/dataclasses.md,2
fastapi,docs/en/docs/advanced/events.md,2
fastapi,docs/en/docs/advanced/openapi-callbacks.md,2
fastapi,docs/en/docs/advanced/response-cookies.md,2
fastapi,docs/en/docs/advanced/response-headers.md,2
fastapi,docs/en/docs/advanced/templates.md,2
fastapi,docs/en/docs/advanced/websockets.md,2
fastapi,docs/en/docs/alternatives.md,2
fastapi,docs/en/docs/features.md,2
fastapi,docs/en/docs/how-to/custom-request-and-route.md,2
fastapi,docs/en/docs/how-to/graphql.md,2
fastapi,docs/en/docs/how-to/migrate-from-pydantic-v1-to-pydantic-v2.md,2
fastapi,docs/en/docs/project-generation.md,2
fastapi,docs/en/docs/python-types.md,2
fastapi,docs/en/docs/tutorial/body-nested-models.md,2
fastapi,docs/en/docs/tutorial/body.md,2
fastapi,docs/en/docs/tutorial/extra-data-types.md,2
fastapi,docs/en/docs/tutorial/extra-models.md,2
fastapi,docs/en/docs/tutorial/handling-errors.md,2
fastapi,docs/en/docs/tutorial/query-params-str-validations.md,2
fastapi,docs/en/docs/tutorial/response-model.md,2
fastapi,docs/en/docs/tutorial/schema-extra-example.md,2
fastapi,docs/en/docs/advanced/wsgi.md,2
fastapi,docs/en/docs/environment-variables.md,2
fastapi,docs/en/docs/tutorial/debugging.md,2
fastapi,docs/en/docs/tutorial/request-files.md,2
fastapi,docs/en/docs/tutorial/request-forms.md,2
fastapi,docs/en/docs/tutorial/security/first-steps.md,2
fastapi,docs/en/docs/tutorial/security/oauth2-jwt.md,2
fastapi,docs/en/docs/tutorial/sql-databases.md,2
fastapi,docs/en/docs/virtual-environments.md,2
fastapi,tests/test_router_include_context.py,2
fastapi,docs/en/docs/external-links.md,2
fastapi,.github/dependabot.yml,2
fastapi,docs/hi/llm-prompt.md,2
fastapi,docs/ru/docs/deployment/concepts.md,2
fastapi,docs/fr/docs/advanced/advanced-dependencies.md,2
fastapi,docs/fr/docs/advanced/security/oauth2-scopes.md,2
fastapi,docs/fr/docs/advanced/stream-data.md,2
fastapi,docs/fr/docs/how-to/separate-openapi-schemas.md,2
fastapi,docs/fr/docs/tutorial/dependencies/dependencies-with-yield.md,2
fastapi,docs/fr/docs/tutorial/metadata.md,2
fastapi,docs/fr/docs/tutorial/path-operation-configuration.md,2
fastapi,docs/fr/docs/tutorial/query-params.md,2
fastapi,docs/fr/docs/tutorial/response-status-code.md,2
fastapi,docs/fr/docs/tutorial/security/get-current-user.md,2
fastapi,docs/fr/docs/tutorial/security/simple-oauth2.md,2
fastapi,docs/zh-hant/docs/advanced/advanced-dependencies.md,2
fastapi,docs/zh-hant/docs/advanced/security/oauth2-scopes.md,2
fastapi,docs/zh-hant/docs/advanced/stream-data.md,2
fastapi,docs/zh-hant/docs/how-to/separate-openapi-schemas.md,2
fastapi,docs/zh-hant/docs/tutorial/dependencies/dependencies-with-yield.md,2
fastapi,docs/zh-hant/docs/tutorial/metadata.md,2
fastapi,docs/zh-hant/docs/tutorial/path-operation-configuration.md,2
fastapi,docs/zh-hant/docs/tutorial/query-params.md,2
fastapi,docs/zh-hant/docs/tutorial/response-status-code.md,2
fastapi,docs/zh-hant/docs/tutorial/security/get-current-user.md,2
fastapi,docs/zh-hant/docs/tutorial/security/simple-oauth2.md,2
fastapi,fastapi/cli.py,1
fastapi,docs/ru/docs/advanced/additional-responses.md,1
fastapi,docs/ru/docs/advanced/async-tests.md,1
fastapi,docs/ru/docs/advanced/behind-a-proxy.md,1
fastapi,docs/ru/docs/advanced/middleware.md,1
fastapi,docs/ru/docs/advanced/sub-applications.md,1
fastapi,docs/ru/docs/advanced/templates.md,1
fastapi,docs/ru/docs/advanced/testing-events.md,1
fastapi,docs/ru/docs/advanced/testing-websockets.md,1
fastapi,docs/ru/docs/advanced/using-request-directly.md,1
fastapi,docs/ru/docs/advanced/websockets.md,1
fastapi,docs/ru/docs/deployment/fastapicloud.md,1
fastapi,docs/ru/docs/deployment/server-workers.md,1
fastapi,docs/ru/docs/fastapi-cli.md,1
fastapi,docs/ru/docs/history-design-future.md,1
fastapi,docs/ru/docs/how-to/extending-openapi.md,1
fastapi,docs/ru/docs/tutorial/background-tasks.md,1
fastapi,docs/ru/docs/tutorial/middleware.md,1
fastapi,docs/ru/docs/tutorial/path-params.md,1
fastapi,docs/ru/docs/tutorial/request-form-models.md,1
fastapi,docs/ru/docs/tutorial/request-forms-and-files.md,1
fastapi,docs/ru/docs/tutorial/response-model.md,1
fastapi,docs/zh-hant/docs/advanced/async-tests.md,1
fastapi,docs/zh-hant/docs/advanced/behind-a-proxy.md,1
fastapi,docs/zh-hant/docs/advanced/middleware.md,1
fastapi,docs/zh-hant/docs/advanced/sub-applications.md,1
fastapi,docs/zh-hant/docs/advanced/templates.md,1
fastapi,docs/zh-hant/docs/advanced/testing-events.md,1
fastapi,docs/zh-hant/docs/advanced/testing-websockets.md,1
fastapi,docs/zh-hant/docs/advanced/using-request-directly.md,1
fastapi,docs/zh-hant/docs/fastapi-cli.md,1
fastapi,docs/zh-hant/docs/history-design-future.md,1
fastapi,docs/zh-hant/docs/tutorial/background-tasks.md,1
fastapi,docs/zh-hant/docs/tutorial/middleware.md,1
fastapi,docs/uk/docs/advanced/additional-responses.md,1
fastapi,docs/uk/docs/advanced/async-tests.md,1
fastapi,docs/uk/docs/advanced/behind-a-proxy.md,1
fastapi,docs/uk/docs/advanced/middleware.md,1
fastapi,docs/uk/docs/advanced/sub-applications.md,1
fastapi,docs/uk/docs/advanced/templates.md,1
fastapi,docs/uk/docs/advanced/testing-events.md,1
fastapi,docs/uk/docs/advanced/testing-websockets.md,1
fastapi,docs/uk/docs/advanced/using-request-directly.md,1
fastapi,docs/uk/docs/advanced/websockets.md,1
fastapi,docs/uk/docs/deployment/fastapicloud.md,1
fastapi,docs/uk/docs/deployment/server-workers.md,1
fastapi,docs/uk/docs/fastapi-cli.md,1
fastapi,docs/uk/docs/history-design-future.md,1
fastapi,docs/uk/docs/how-to/extending-openapi.md,1
fastapi,docs/uk/docs/tutorial/background-tasks.md,1
fastapi,docs/uk/docs/tutorial/middleware.md,1
fastapi,docs/uk/docs/tutorial/path-params.md,1
fastapi,docs/uk/docs/tutorial/request-form-models.md,1
fastapi,docs/uk/docs/tutorial/request-forms-and-files.md,1
fastapi,docs/uk/docs/tutorial/response-model.md,1
fastapi,docs/de/docs/advanced/additional-responses.md,1
fastapi,docs/de/docs/advanced/async-tests.md,1
fastapi,docs/de/docs/advanced/behind-a-proxy.md,1
fastapi,docs/de/docs/advanced/middleware.md,1
fastapi,docs/de/docs/advanced/sub-applications.md,1
fastapi,docs/de/docs/advanced/templates.md,1
fastapi,docs/de/docs/advanced/testing-events.md,1
fastapi,docs/de/docs/advanced/testing-websockets.md,1
fastapi,docs/de/docs/advanced/using-request-directly.md,1
fastapi,docs/de/docs/advanced/websockets.md,1
fastapi,docs/de/docs/deployment/fastapicloud.md,1
fastapi,docs/de/docs/deployment/server-workers.md,1
fastapi,docs/de/docs/fastapi-cli.md,1
fastapi,docs/de/docs/history-design-future.md,1
fastapi,docs/de/docs/how-to/extending-openapi.md,1
fastapi,docs/de/docs/tutorial/background-tasks.md,1
fastapi,docs/de/docs/tutorial/middleware.md,1
fastapi,docs/de/docs/tutorial/path-params.md,1
fastapi,docs/de/docs/tutorial/request-form-models.md,1
fastapi,docs/de/docs/tutorial/request-forms-and-files.md,1
fastapi,docs/de/docs/tutorial/response-model.md,1
fastapi,docs/tr/docs/advanced/additional-responses.md,1
fastapi,docs/tr/docs/advanced/async-tests.md,1
fastapi,docs/tr/docs/advanced/behind-a-proxy.md,1
fastapi,docs/tr/docs/advanced/middleware.md,1
fastapi,docs/tr/docs/advanced/sub-applications.md,1
fastapi,docs/tr/docs/advanced/templates.md,1
fastapi,docs/tr/docs/advanced/testing-events.md,1
fastapi,docs/tr/docs/advanced/testing-websockets.md,1
fastapi,docs/tr/docs/advanced/using-request-directly.md,1
fastapi,docs/tr/docs/advanced/websockets.md,1
fastapi,docs/tr/docs/deployment/fastapicloud.md,1
fastapi,docs/tr/docs/deployment/server-workers.md,1
fastapi,docs/tr/docs/fastapi-cli.md,1
fastapi,docs/tr/docs/history-design-future.md,1
fastapi,docs/tr/docs/how-to/extending-openapi.md,1
fastapi,docs/tr/docs/tutorial/background-tasks.md,1
fastapi,docs/tr/docs/tutorial/middleware.md,1
fastapi,docs/tr/docs/tutorial/path-params.md,1
fastapi,docs/tr/docs/tutorial/request-form-models.md,1
fastapi,docs/tr/docs/tutorial/request-forms-and-files.md,1
fastapi,docs/tr/docs/tutorial/response-model.md,1
fastapi,docs/ja/docs/advanced/additional-responses.md,1
fastapi,docs/ja/docs/advanced/async-tests.md,1
fastapi,docs/ja/docs/advanced/behind-a-proxy.md,1
fastapi,docs/ja/docs/advanced/middleware.md,1
fastapi,docs/ja/docs/advanced/sub-applications.md,1
fastapi,docs/ja/docs/advanced/templates.md,1
fastapi,docs/ja/docs/advanced/testing-events.md,1
fastapi,docs/ja/docs/advanced/testing-websockets.md,1
fastapi,docs/ja/docs/advanced/using-request-directly.md,1
fastapi,docs/ja/docs/advanced/websockets.md,1
fastapi,docs/ja/docs/deployment/fastapicloud.md,1
fastapi,docs/ja/docs/deployment/server-workers.md,1
fastapi,docs/ja/docs/fastapi-cli.md,1
fastapi,docs/ja/docs/history-design-future.md,1
fastapi,docs/ja/docs/how-to/extending-openapi.md,1
fastapi,docs/ja/docs/tutorial/background-tasks.md,1
fastapi,docs/ja/docs/tutorial/middleware.md,1
fastapi,docs/ja/docs/tutorial/path-params.md,1
fastapi,docs/ja/docs/tutorial/request-form-models.md,1
fastapi,docs/ja/docs/tutorial/request-forms-and-files.md,1
fastapi,docs/ja/docs/tutorial/response-model.md,1
fastapi,docs/fr/docs/advanced/async-tests.md,1
fastapi,docs/fr/docs/advanced/behind-a-proxy.md,1
fastapi,docs/fr/docs/advanced/middleware.md,1
fastapi,docs/fr/docs/advanced/sub-applications.md,1
fastapi,docs/fr/docs/advanced/templates.md,1
fastapi,docs/fr/docs/advanced/testing-events.md,1
fastapi,docs/fr/docs/advanced/testing-websockets.md,1
fastapi,docs/fr/docs/advanced/using-request-directly.md,1
fastapi,docs/fr/docs/fastapi-cli.md,1
fastapi,docs/fr/docs/history-design-future.md,1
fastapi,docs/fr/docs/tutorial/background-tasks.md,1
fastapi,docs/fr/docs/tutorial/middleware.md,1
fastapi,docs/zh/docs/advanced/additional-responses.md,1
fastapi,docs/zh/docs/advanced/async-tests.md,1
fastapi,docs/zh/docs/advanced/behind-a-proxy.md,1
fastapi,docs/zh/docs/advanced/middleware.md,1
fastapi,docs/zh/docs/advanced/sub-applications.md,1
fastapi,docs/zh/docs/advanced/templates.md,1
fastapi,docs/zh/docs/advanced/testing-events.md,1
fastapi,docs/zh/docs/advanced/testing-websockets.md,1
fastapi,docs/zh/docs/advanced/using-request-directly.md,1
fastapi,docs/zh/docs/advanced/websockets.md,1
fastapi,docs/zh/docs/deployment/fastapicloud.md,1
fastapi,docs/zh/docs/deployment/server-workers.md,1
fastapi,docs/zh/docs/fastapi-cli.md,1
fastapi,docs/zh/docs/history-design-future.md,1
fastapi,docs/zh/docs/how-to/extending-openapi.md,1
fastapi,docs/zh/docs/tutorial/background-tasks.md,1
fastapi,docs/zh/docs/tutorial/middleware.md,1
fastapi,docs/zh/docs/tutorial/path-params.md,1
fastapi,docs/zh/docs/tutorial/request-form-models.md,1
fastapi,docs/zh/docs/tutorial/request-forms-and-files.md,1
fastapi,docs/zh/docs/tutorial/response-model.md,1
fastapi,docs/es/docs/advanced/additional-responses.md,1
fastapi,docs/es/docs/advanced/async-tests.md,1
fastapi,docs/es/docs/advanced/behind-a-proxy.md,1
fastapi,docs/es/docs/advanced/middleware.md,1
fastapi,docs/es/docs/advanced/sub-applications.md,1
fastapi,docs/es/docs/advanced/templates.md,1
fastapi,docs/es/docs/advanced/testing-events.md,1
fastapi,docs/es/docs/advanced/testing-websockets.md,1
fastapi,docs/es/docs/advanced/using-request-directly.md,1
fastapi,docs/es/docs/advanced/websockets.md,1
fastapi,docs/es/docs/deployment/fastapicloud.md,1
fastapi,docs/es/docs/deployment/server-workers.md,1
fastapi,docs/es/docs/fastapi-cli.md,1
fastapi,docs/es/docs/history-design-future.md,1
fastapi,docs/es/docs/how-to/extending-openapi.md,1
fastapi,docs/es/docs/tutorial/background-tasks.md,1
fastapi,docs/es/docs/tutorial/middleware.md,1
fastapi,docs/es/docs/tutorial/path-params.md,1
fastapi,docs/es/docs/tutorial/request-form-models.md,1
fastapi,docs/es/docs/tutorial/request-forms-and-files.md,1
fastapi,docs/es/docs/tutorial/response-model.md,1
fastapi,docs/pt/docs/advanced/additional-responses.md,1
fastapi,docs/pt/docs/advanced/async-tests.md,1
fastapi,docs/pt/docs/advanced/behind-a-proxy.md,1
fastapi,docs/pt/docs/advanced/middleware.md,1
fastapi,docs/pt/docs/advanced/sub-applications.md,1
fastapi,docs/pt/docs/advanced/templates.md,1
fastapi,docs/pt/docs/advanced/testing-events.md,1
fastapi,docs/pt/docs/advanced/testing-websockets.md,1
fastapi,docs/pt/docs/advanced/using-request-directly.md,1
fastapi,docs/pt/docs/advanced/websockets.md,1
fastapi,docs/pt/docs/deployment/fastapicloud.md,1
fastapi,docs/pt/docs/deployment/server-workers.md,1
fastapi,docs/pt/docs/fastapi-cli.md,1
fastapi,docs/pt/docs/history-design-future.md,1
fastapi,docs/pt/docs/how-to/extending-openapi.md,1
fastapi,docs/pt/docs/tutorial/background-tasks.md,1
fastapi,docs/pt/docs/tutorial/middleware.md,1
fastapi,docs/pt/docs/tutorial/path-params.md,1
fastapi,docs/pt/docs/tutorial/request-form-models.md,1
fastapi,docs/pt/docs/tutorial/request-forms-and-files.md,1
fastapi,docs/pt/docs/tutorial/response-model.md,1
fastapi,docs/ko/docs/advanced/additional-responses.md,1
fastapi,docs/ko/docs/advanced/async-tests.md,1
fastapi,docs/ko/docs/advanced/behind-a-proxy.md,1
fastapi,docs/ko/docs/advanced/middleware.md,1
fastapi,docs/ko/docs/advanced/sub-applications.md,1
fastapi,docs/ko/docs/advanced/templates.md,1
fastapi,docs/ko/docs/advanced/testing-events.md,1
fastapi,docs/ko/docs/advanced/testing-websockets.md,1
fastapi,docs/ko/docs/advanced/using-request-directly.md,1
fastapi,docs/ko/docs/advanced/websockets.md,1
fastapi,docs/ko/docs/deployment/fastapicloud.md,1
fastapi,docs/ko/docs/deployment/server-workers.md,1
fastapi,docs/ko/docs/fastapi-cli.md,1
fastapi,docs/ko/docs/how-to/extending-openapi.md,1
fastapi,docs/ko/docs/tutorial/background-tasks.md,1
fastapi,docs/ko/docs/tutorial/middleware.md,1
fastapi,docs/ko/docs/tutorial/path-params.md,1
fastapi,docs/ko/docs/tutorial/request-form-models.md,1
fastapi,docs/ko/docs/tutorial/request-forms-and-files.md,1
fastapi,docs/ko/docs/tutorial/response-model.md,1
fastapi,scripts/translation_git.py,1
fastapi,tests/test_translate.py,1
fastapi,docs/en/docs/img/fastapi-conf.jpeg,1
fastapi,.github/labeler.yml,1
fastapi,.github/latest-changes.yml,1
fastapi,docs/ko/docs/history-design-future.md,1
fastapi,fastapi/security/api_key.py,1
fastapi,scripts/deploy_docs_status.py,1
fastapi,scripts/label_approved.py,1
fastapi,scripts/notify_translations.py,1
fastapi,tests/test_serialize_response_model.py,1
fastapi,docs/en/docs/css/termynal.css,1
fastapi,docs/en/docs/js/termynal.js,1
fastapi,tests/test_stream_status_code.py,1
fastapi,docs/en/docs/reference/sse.md,1
fastapi,fastapi/_compat/shared.py,1
fastapi,tests/test_nested_annotated_in_sequence.py,1
fastapi,fastapi/encoders.py,1
fastapi,tests/test_stream_bare_type.py,1
fastapi,tests/benchmarks/test_openapi.py,1
fastapi,tests/benchmarks/utils.py,1
fastapi,tests/memory_benchmarks/test_openapi.py,1
fastapi,tests/memory_benchmarks/test_route_dependency_graph.py,1
fastapi,docs/en/docs/advanced/additional-responses.md,1
fastapi,docs/en/docs/advanced/middleware.md,1
fastapi,docs/en/docs/advanced/testing-events.md,1
fastapi,docs/en/docs/advanced/testing-websockets.md,1
fastapi,docs/en/docs/advanced/using-request-directly.md,1
fastapi,docs/en/docs/history-design-future.md,1
fastapi,docs/en/docs/how-to/extending-openapi.md,1
fastapi,docs/en/docs/tutorial/background-tasks.md,1
fastapi,docs/en/docs/tutorial/middleware.md,1
fastapi,docs/en/docs/tutorial/path-params.md,1
fastapi,tests/memory_benchmarks/__init__.py,1
fastapi,tests/memory_benchmarks/test_dependency_graph.py,1
fastapi,docs/en/docs/advanced/async-tests.md,1
fastapi,docs/en/docs/advanced/sub-applications.md,1
fastapi,docs/en/docs/deployment/fastapicloud.md,1
fastapi,docs/en/docs/deployment/server-workers.md,1
fastapi,docs/en/docs/tutorial/request-form-models.md,1
fastapi,docs/en/docs/tutorial/request-forms-and-files.md,1
fastapi,scripts/contributors.py,1
fastapi,scripts/people.py,1
fastapi,docs/en/data/members.yml,1
fastapi,docs/en/docs/management.md,1
fastapi,docs/en/data/skip_users.yml,1
fastapi,docs/hi/docs/about/index.md,1
fastapi,docs/hi/docs/advanced/additional-status-codes.md,1
fastapi,docs/hi/docs/advanced/advanced-dependencies.md,1
fastapi,docs/hi/docs/advanced/advanced-python-types.md,1
fastapi,docs/hi/docs/advanced/custom-response.md,1
fastapi,docs/hi/docs/advanced/index.md,1
fastapi,docs/hi/docs/advanced/json-base64-bytes.md,1
fastapi,docs/hi/docs/advanced/openapi-webhooks.md,1
fastapi,docs/hi/docs/advanced/path-operation-advanced-configuration.md,1
fastapi,docs/hi/docs/advanced/response-change-status-code.md,1
fastapi,docs/hi/docs/advanced/response-directly.md,1
fastapi,docs/hi/docs/advanced/security/http-basic-auth.md,1
fastapi,docs/hi/docs/advanced/security/index.md,1
fastapi,docs/hi/docs/advanced/security/oauth2-scopes.md,1
fastapi,docs/hi/docs/advanced/stream-data.md,1
fastapi,docs/hi/docs/advanced/strict-content-type.md,1
fastapi,docs/hi/docs/advanced/testing-dependencies.md,1
fastapi,docs/hi/docs/deployment/cloud.md,1
fastapi,docs/hi/docs/deployment/concepts.md,1
fastapi,docs/hi/docs/deployment/https.md,1
fastapi,docs/hi/docs/deployment/index.md,1
fastapi,docs/hi/docs/deployment/versions.md,1
fastapi,docs/hi/docs/how-to/authentication-error-status-code.md,1
fastapi,docs/hi/docs/how-to/conditional-openapi.md,1
fastapi,docs/hi/docs/how-to/configure-swagger-ui.md,1
fastapi,docs/hi/docs/how-to/custom-docs-ui-assets.md,1
fastapi,docs/hi/docs/how-to/general.md,1
fastapi,docs/hi/docs/how-to/index.md,1
fastapi,docs/hi/docs/how-to/separate-openapi-schemas.md,1
fastapi,docs/hi/docs/how-to/testing-database.md,1
fastapi,docs/hi/docs/resources/index.md,1
fastapi,docs/hi/docs/tutorial/security/get-current-user.md,1
fastapi,docs/hi/docs/tutorial/security/index.md,1
fastapi,docs/hi/docs/learn/index.md,1
fastapi,docs/hi/docs/tutorial/body-fields.md,1
fastapi,docs/hi/docs/tutorial/body-multiple-params.md,1
fastapi,docs/hi/docs/tutorial/body-updates.md,1
fastapi,docs/hi/docs/tutorial/cookie-param-models.md,1
fastapi,docs/hi/docs/tutorial/cookie-params.md,1
fastapi,docs/hi/docs/tutorial/cors.md,1
fastapi,docs/hi/docs/tutorial/dependencies/classes-as-dependencies.md,1
fastapi,docs/hi/docs/tutorial/dependencies/dependencies-in-path-operation-decorators.md,1
fastapi,docs/hi/docs/tutorial/dependencies/dependencies-with-yield.md,1
fastapi,docs/hi/docs/tutorial/dependencies/global-dependencies.md,1
fastapi,docs/hi/docs/tutorial/dependencies/index.md,1
fastapi,docs/hi/docs/tutorial/dependencies/sub-dependencies.md,1
fastapi,docs/hi/docs/tutorial/encoder.md,1
fastapi,docs/hi/docs/tutorial/header-param-models.md,1
fastapi,docs/hi/docs/tutorial/header-params.md,1
fastapi,docs/hi/docs/tutorial/metadata.md,1
fastapi,docs/hi/docs/tutorial/path-operation-configuration.md,1
fastapi,docs/hi/docs/tutorial/path-params-numeric-validations.md,1
fastapi,docs/hi/docs/tutorial/query-param-models.md,1
fastapi,docs/hi/docs/tutorial/query-params.md,1
fastapi,docs/hi/docs/tutorial/response-status-code.md,1
fastapi,docs/hi/docs/tutorial/security/simple-oauth2.md,1
fastapi,docs/hi/docs/tutorial/server-sent-events.md,1
fastapi,docs/hi/docs/tutorial/stream-json-lines.md,1
fastapi,docs/en/data/sponsors_badge.yml,1
fastapi,docs/en/docs/img/sponsors/tutorcruncher.png,1
fastapi,docs/hi/docs/async.md,1
fastapi,docs/hi/docs/benchmarks.md,1
fastapi,docs/hi/docs/editor-support.md,1
fastapi,docs/ru/llm-prompt.md,1
fastapi,docs/en/data/people.yml,1
fastapi,docs/fr/docs/_llm-test.md,1
fastapi,docs/fr/docs/advanced/additional-status-codes.md,1
fastapi,docs/fr/docs/advanced/json-base64-bytes.md,1
fastapi,docs/fr/docs/advanced/response-change-status-code.md,1
fastapi,docs/fr/docs/async.md,1
fastapi,docs/fr/docs/deployment/cloud.md,1
fastapi,docs/fr/docs/deployment/concepts.md,1
fastapi,docs/fr/docs/deployment/https.md,1
fastapi,docs/fr/docs/editor-support.md,1
fastapi,docs/fr/docs/how-to/configure-swagger-ui.md,1
fastapi,docs/zh-hant/docs/_llm-test.md,1
fastapi,docs/zh-hant/docs/advanced/additional-status-codes.md,1
fastapi,docs/zh-hant/docs/advanced/json-base64-bytes.md,1
fastapi,docs/zh-hant/docs/advanced/response-change-status-code.md,1
fastapi,docs/zh-hant/docs/async.md,1
fastapi,docs/zh-hant/docs/deployment/cloud.md,1
fastapi,docs/zh-hant/docs/deployment/concepts.md,1
fastapi,docs/zh-hant/docs/deployment/https.md,1
fastapi,docs/zh-hant/docs/editor-support.md,1
fastapi,docs/zh-hant/docs/how-to/configure-swagger-ui.md,1
fastapi,docs/ja/docs/_llm-test.md,1
fastapi,docs/ja/docs/advanced/additional-status-codes.md,1
fastapi,docs/ja/docs/advanced/advanced-dependencies.md,1
fastapi,docs/ja/docs/advanced/json-base64-bytes.md,1
fastapi,docs/ja/docs/advanced/response-change-status-code.md,1
fastapi,docs/ja/docs/advanced/security/oauth2-scopes.md,1
fastapi,docs/ja/docs/advanced/stream-data.md,1
fastapi,docs/ja/docs/async.md,1
fastapi,docs/ja/docs/deployment/cloud.md,1
fastapi,docs/ja/docs/deployment/concepts.md,1
fastapi,docs/ja/docs/deployment/https.md,1
fastapi,docs/ja/docs/editor-support.md,1
fastapi,docs/ja/docs/how-to/configure-swagger-ui.md,1
fastapi,docs/ja/docs/how-to/separate-openapi-schemas.md,1
fastapi,docs/ja/docs/tutorial/dependencies/dependencies-with-yield.md,1
fastapi,docs/ja/docs/tutorial/metadata.md,1
fastapi,docs/ja/docs/tutorial/path-operation-configuration.md,1
fastapi,docs/ja/docs/tutorial/query-params.md,1
fastapi,docs/ja/docs/tutorial/response-status-code.md,1
fastapi,docs/ja/docs/tutorial/security/get-current-user.md,1
fastapi,docs/ja/docs/tutorial/security/simple-oauth2.md,1
fastapi,docs/de/docs/_llm-test.md,1
fastapi,docs/de/docs/advanced/additional-status-codes.md,1
fastapi,docs/de/docs/advanced/advanced-dependencies.md,1
fastapi,docs/de/docs/advanced/json-base64-bytes.md,1
fastapi,docs/de/docs/advanced/response-change-status-code.md,1
fastapi,docs/de/docs/advanced/security/oauth2-scopes.md,1
fastapi,docs/de/docs/advanced/stream-data.md,1
fastapi,docs/de/docs/async.md,1
fastapi,docs/de/docs/deployment/cloud.md,1
fastapi,docs/de/docs/deployment/concepts.md,1
fastapi,docs/de/docs/deployment/https.md,1
fastapi,docs/de/docs/editor-support.md,1
fastapi,docs/de/docs/how-to/configure-swagger-ui.md,1
fastapi,docs/de/docs/how-to/separate-openapi-schemas.md,1
fastapi,docs/de/docs/tutorial/dependencies/dependencies-with-yield.md,1
fastapi,docs/de/docs/tutorial/metadata.md,1
fastapi,docs/de/docs/tutorial/path-operation-configuration.md,1
fastapi,docs/de/docs/tutorial/query-params.md,1
fastapi,docs/de/docs/tutorial/response-status-code.md,1
fastapi,docs/de/docs/tutorial/security/get-current-user.md,1
fastapi,docs/de/docs/tutorial/security/simple-oauth2.md,1
fastapi,docs/es/docs/_llm-test.md,1
fastapi,docs/es/docs/advanced/additional-status-codes.md,1
fastapi,docs/es/docs/advanced/advanced-dependencies.md,1
fastapi,docs/es/docs/advanced/json-base64-bytes.md,1
fastapi,docs/es/docs/advanced/response-change-status-code.md,1
fastapi,docs/es/docs/advanced/security/oauth2-scopes.md,1
fastapi,docs/es/docs/advanced/stream-data.md,1
fastapi,docs/es/docs/async.md,1
fastapi,docs/es/docs/deployment/cloud.md,1
fastapi,docs/es/docs/deployment/concepts.md,1
fastapi,docs/es/docs/deployment/https.md,1
fastapi,docs/es/docs/editor-support.md,1
fastapi,docs/es/docs/how-to/configure-swagger-ui.md,1
fastapi,docs/es/docs/how-to/separate-openapi-schemas.md,1
fastapi,docs/es/docs/tutorial/dependencies/dependencies-with-yield.md,1
fastapi,docs/es/docs/tutorial/metadata.md,1
fastapi,docs/es/docs/tutorial/path-operation-configuration.md,1
fastapi,docs/es/docs/tutorial/query-params.md,1
fastapi,docs/es/docs/tutorial/response-status-code.md,1
fastapi,docs/es/docs/tutorial/security/get-current-user.md,1
fastapi,docs/es/docs/tutorial/security/simple-oauth2.md,1
fastapi,docs/tr/docs/_llm-test.md,1
fastapi,docs/tr/docs/advanced/additional-status-codes.md,1
fastapi,docs/tr/docs/advanced/advanced-dependencies.md,1
fastapi,docs/tr/docs/advanced/json-base64-bytes.md,1
fastapi,docs/tr/docs/advanced/response-change-status-code.md,1
fastapi,docs/tr/docs/advanced/security/oauth2-scopes.md,1
fastapi,docs/tr/docs/advanced/stream-data.md,1
fastapi,docs/tr/docs/async.md,1
fastapi,docs/tr/docs/deployment/cloud.md,1
fastapi,docs/tr/docs/deployment/concepts.md,1
fastapi,docs/tr/docs/deployment/https.md,1
fastapi,docs/tr/docs/editor-support.md,1
fastapi,docs/tr/docs/how-to/configure-swagger-ui.md,1
fastapi,docs/tr/docs/how-to/separate-openapi-schemas.md,1
fastapi,docs/tr/docs/tutorial/dependencies/dependencies-with-yield.md,1
fastapi,docs/tr/docs/tutorial/metadata.md,1
fastapi,docs/tr/docs/tutorial/path-operation-configuration.md,1
fastapi,docs/tr/docs/tutorial/query-params.md,1
fastapi,docs/tr/docs/tutorial/response-status-code.md,1
fastapi,docs/tr/docs/tutorial/security/get-current-user.md,1
fastapi,docs/tr/docs/tutorial/security/simple-oauth2.md,1
fastapi,docs/pt/docs/_llm-test.md,1
fastapi,docs/pt/docs/advanced/additional-status-codes.md,1
fastapi,docs/pt/docs/advanced/advanced-dependencies.md,1
fastapi,docs/pt/docs/advanced/json-base64-bytes.md,1
fastapi,docs/pt/docs/advanced/response-change-status-code.md,1
fastapi,docs/pt/docs/advanced/security/oauth2-scopes.md,1
fastapi,docs/pt/docs/advanced/stream-data.md,1
fastapi,docs/pt/docs/async.md,1
fastapi,docs/pt/docs/deployment/cloud.md,1
fastapi,docs/pt/docs/deployment/concepts.md,1
fastapi,docs/pt/docs/deployment/https.md,1
fastapi,docs/pt/docs/editor-support.md,1
fastapi,docs/pt/docs/how-to/configure-swagger-ui.md,1
fastapi,docs/pt/docs/how-to/separate-openapi-schemas.md,1
fastapi,docs/pt/docs/tutorial/dependencies/dependencies-with-yield.md,1
fastapi,docs/pt/docs/tutorial/metadata.md,1
fastapi,docs/pt/docs/tutorial/path-operation-configuration.md,1
fastapi,docs/pt/docs/tutorial/query-params.md,1
fastapi,docs/pt/docs/tutorial/response-status-code.md,1
fastapi,docs/pt/docs/tutorial/security/get-current-user.md,1
fastapi,docs/pt/docs/tutorial/security/simple-oauth2.md,1
fastapi,docs/zh/docs/_llm-test.md,1
fastapi,docs/zh/docs/advanced/additional-status-codes.md,1
fastapi,docs/zh/docs/advanced/advanced-dependencies.md,1
fastapi,docs/zh/docs/advanced/json-base64-bytes.md,1
fastapi,docs/zh/docs/advanced/response-change-status-code.md,1
fastapi,docs/zh/docs/advanced/security/oauth2-scopes.md,1
fastapi,docs/zh/docs/advanced/stream-data.md,1
fastapi,docs/zh/docs/async.md,1
fastapi,docs/zh/docs/deployment/cloud.md,1
fastapi,docs/zh/docs/deployment/concepts.md,1
fastapi,docs/zh/docs/deployment/https.md,1
fastapi,docs/zh/docs/editor-support.md,1
fastapi,docs/zh/docs/how-to/configure-swagger-ui.md,1
fastapi,docs/zh/docs/how-to/separate-openapi-schemas.md,1
fastapi,docs/zh/docs/tutorial/dependencies/dependencies-with-yield.md,1
fastapi,docs/zh/docs/tutorial/metadata.md,1
fastapi,docs/zh/docs/tutorial/path-operation-configuration.md,1
fastapi,docs/zh/docs/tutorial/query-params.md,1
fastapi,docs/zh/docs/tutorial/response-status-code.md,1
fastapi,docs/zh/docs/tutorial/security/get-current-user.md,1
fastapi,docs/zh/docs/tutorial/security/simple-oauth2.md,1
fastapi,docs/uk/docs/_llm-test.md,1
fastapi,docs/uk/docs/advanced/additional-status-codes.md,1
fastapi,docs/uk/docs/advanced/advanced-dependencies.md,1
fastapi,docs/uk/docs/advanced/json-base64-bytes.md,1
fastapi,docs/uk/docs/advanced/response-change-status-code.md,1
fastapi,docs/uk/docs/advanced/security/oauth2-scopes.md,1
fastapi,docs/uk/docs/advanced/stream-data.md,1
fastapi,docs/uk/docs/async.md,1
fastapi,docs/uk/docs/deployment/cloud.md,1
fastapi,docs/uk/docs/deployment/concepts.md,1
fastapi,docs/uk/docs/deployment/https.md,1
fastapi,docs/uk/docs/editor-support.md,1
fastapi,docs/uk/docs/how-to/configure-swagger-ui.md,1
fastapi,docs/uk/docs/how-to/separate-openapi-schemas.md,1
fastapi,docs/uk/docs/tutorial/dependencies/dependencies-with-yield.md,1
fastapi,docs/uk/docs/tutorial/metadata.md,1
fastapi,docs/uk/docs/tutorial/path-operation-configuration.md,1
fastapi,docs/uk/docs/tutorial/query-params.md,1
fastapi,docs/uk/docs/tutorial/response-status-code.md,1
fastapi,docs/uk/docs/tutorial/security/get-current-user.md,1
fastapi,docs/uk/docs/tutorial/security/simple-oauth2.md,1
fastapi,docs/ko/docs/_llm-test.md,1
fastapi,docs/ko/docs/advanced/additional-status-codes.md,1
fastapi,docs/ko/docs/advanced/advanced-dependencies.md,1
fastapi,docs/ko/docs/advanced/json-base64-bytes.md,1
fastapi,docs/ko/docs/advanced/response-change-status-code.md,1
fastapi,docs/ko/docs/advanced/security/oauth2-scopes.md,1
fastapi,docs/ko/docs/advanced/stream-data.md,1
fastapi,docs/ko/docs/async.md,1
fastapi,docs/ko/docs/deployment/cloud.md,1
fastapi,docs/ko/docs/deployment/concepts.md,1
fastapi,docs/ko/docs/deployment/https.md,1
fastapi,docs/ko/docs/editor-support.md,1
fastapi,docs/ko/docs/how-to/configure-swagger-ui.md,1
fastapi,docs/ko/docs/how-to/separate-openapi-schemas.md,1
fastapi,docs/ko/docs/tutorial/dependencies/dependencies-with-yield.md,1
fastapi,docs/ko/docs/tutorial/metadata.md,1
fastapi,docs/ko/docs/tutorial/path-operation-configuration.md,1
fastapi,docs/ko/docs/tutorial/query-params.md,1
fastapi,docs/ko/docs/tutorial/response-status-code.md,1
fastapi,docs/ko/docs/tutorial/security/get-current-user.md,1
fastapi,docs/ko/docs/tutorial/security/simple-oauth2.md,1
fastapi,docs/ru/docs/_llm-test.md,1
fastapi,docs/ru/docs/advanced/additional-status-codes.md,1
fastapi,docs/ru/docs/advanced/advanced-dependencies.md,1
fastapi,docs/ru/docs/advanced/json-base64-bytes.md,1
fastapi,docs/ru/docs/advanced/response-change-status-code.md,1
fastapi,docs/ru/docs/advanced/security/oauth2-scopes.md,1
fastapi,docs/ru/docs/advanced/stream-data.md,1
fastapi,docs/ru/docs/async.md,1
fastapi,docs/ru/docs/deployment/cloud.md,1
fastapi,docs/ru/docs/deployment/https.md,1
fastapi,docs/ru/docs/editor-support.md,1
fastapi,docs/ru/docs/how-to/configure-swagger-ui.md,1
fastapi,docs/ru/docs/how-to/separate-openapi-schemas.md,1
fastapi,docs/ru/docs/tutorial/dependencies/dependencies-with-yield.md,1
fastapi,docs/ru/docs/tutorial/metadata.md,1
fastapi,docs/ru/docs/tutorial/path-operation-configuration.md,1
fastapi,docs/ru/docs/tutorial/query-params.md,1
fastapi,docs/ru/docs/tutorial/response-status-code.md,1
fastapi,docs/ru/docs/tutorial/security/get-current-user.md,1
fastapi,docs/ru/docs/tutorial/security/simple-oauth2.md,1
fastapi,docs/en/data/contributors.yml,1
fastapi,docs/en/data/translation_reviewers.yml,1
fastapi,docs/en/data/translators.yml,1
fastapi,docs/en/overrides/partials/banner-sponsors.html,1
fastapi,fastapi/.agents/skills/fastapi/references/path-operations.md,1
fastapi,fastapi/.agents/skills/fastapi/references/pydantic.md,1
fastapi,fastapi/.agents/skills/fastapi/references/responses.md,1
fastapi,docs/en/docs/reference/apirouter.md,1
fastapi,docs/en/docs/reference/fastapi.md,1
fastapi,docs_src/frontend/__init__.py,1
fastapi,docs_src/frontend/tutorial001_py310.py,1
fastapi,docs_src/frontend/tutorial002_py310.py,1
fastapi,docs_src/frontend/tutorial003_py310.py,1
fastapi,docs_src/frontend/tutorial004_py310.py,1
fastapi,docs_src/frontend/tutorial005_py310.py,1
fastapi,docs_src/frontend/tutorial006_py310.py,1
fastapi,docs/hi/docs/_llm-test.md,1
fastapi,docs/hi/docs/translation-banner.md,1
fastapi,docs/hi/mkdocs.yml,1
fastapi,docs/en/docs/_llm-test.md,1
fastapi,docs/en/docs/advanced/additional-status-codes.md,1
fastapi,docs/en/docs/advanced/advanced-dependencies.md,1
fastapi,docs/en/docs/advanced/json-base64-bytes.md,1
fastapi,docs/en/docs/advanced/response-change-status-code.md,1
fastapi,docs/en/docs/advanced/security/oauth2-scopes.md,1
fastapi,docs/en/docs/advanced/stream-data.md,1
fastapi,docs/en/docs/async.md,1
fastapi,docs/en/docs/deployment/cloud.md,1
fastapi,docs/en/docs/deployment/concepts.md,1
fastapi,docs/en/docs/deployment/https.md,1
fastapi,docs/en/docs/editor-support.md,1
fastapi,docs/en/docs/how-to/configure-swagger-ui.md,1
fastapi,docs/en/docs/how-to/separate-openapi-schemas.md,1
fastapi,docs/en/docs/reference/status.md,1
fastapi,docs/en/docs/reference/websockets.md,1
fastapi,docs/en/docs/translations.md,1
fastapi,docs/en/docs/tutorial/dependencies/dependencies-with-yield.md,1
fastapi,docs/en/docs/tutorial/metadata.md,1
fastapi,docs/en/docs/tutorial/path-operation-configuration.md,1
fastapi,docs/en/docs/tutorial/query-params.md,1
fastapi,docs/en/docs/tutorial/response-status-code.md,1
fastapi,docs/en/docs/tutorial/security/get-current-user.md,1
fastapi,docs/en/docs/tutorial/security/simple-oauth2.md,1
fastapi,fastapi/.agents/skills/fastapi/references/dependencies.md,1
fastapi,fastapi/.agents/skills/fastapi/references/other-tools.md,1
fastapi,docs/en/docs/img/sponsors/bairesdev.svg,1
fastapi,docs/ko/docs/advanced/custom-response.md,1
fastapi,scripts/format.sh,1
fastapi,scripts/lint.sh,1
fastapi,scripts/test-cov-html.sh,1
fastapi,docs/fr/docs/advanced/custom-response.md,1
fastapi,docs/fr/docs/advanced/openapi-webhooks.md,1
fastapi,docs/fr/docs/advanced/path-operation-advanced-configuration.md,1
fastapi,docs/fr/docs/advanced/response-directly.md,1
fastapi,docs/fr/docs/advanced/strict-content-type.md,1
fastapi,docs/fr/docs/tutorial/body-multiple-params.md,1
fastapi,docs/fr/docs/tutorial/cookie-param-models.md,1
fastapi,docs/fr/docs/tutorial/cookie-params.md,1
fastapi,docs/fr/docs/tutorial/dependencies/dependencies-in-path-operation-decorators.md,1
fastapi,docs/fr/docs/tutorial/dependencies/index.md,1
fastapi,docs/fr/docs/tutorial/dependencies/sub-dependencies.md,1
fastapi,docs/fr/docs/tutorial/path-params-numeric-validations.md,1
fastapi,docs/fr/docs/tutorial/server-sent-events.md,1
fastapi,docs/fr/docs/tutorial/stream-json-lines.md,1
fastapi,docs/zh-hant/docs/advanced/custom-response.md,1
fastapi,docs/zh-hant/docs/advanced/openapi-webhooks.md,1
fastapi,docs/zh-hant/docs/advanced/path-operation-advanced-configuration.md,1
fastapi,docs/zh-hant/docs/advanced/response-directly.md,1
fastapi,docs/zh-hant/docs/advanced/strict-content-type.md,1
fastapi,docs/zh-hant/docs/tutorial/body-multiple-params.md,1
fastapi,docs/zh-hant/docs/tutorial/cookie-param-models.md,1
fastapi,docs/zh-hant/docs/tutorial/cookie-params.md,1
fastapi,docs/zh-hant/docs/tutorial/dependencies/dependencies-in-path-operation-decorators.md,1
fastapi,docs/zh-hant/docs/tutorial/dependencies/index.md,1
fastapi,docs/zh-hant/docs/tutorial/dependencies/sub-dependencies.md,1
fastapi,docs/zh-hant/docs/tutorial/path-params-numeric-validations.md,1
fastapi,docs/zh-hant/docs/tutorial/server-sent-events.md,1
fastapi,docs/zh-hant/docs/tutorial/stream-json-lines.md,1
scikit-learn,build_tools/github/pylatest_conda_forge_cuda_array-api_linux-64_conda.lock,24
scikit-learn,build_tools/github/pylatest_free_threaded_linux-64_conda.lock,20
scikit-learn,build_tools/github/pylatest_pip_scipy_dev_linux-64_conda.lock,18
scikit-learn,sklearn/linear_model/tests/test_logistic.py,18
scikit-learn,sklearn/utils/_array_api.py,17
scikit-learn,build_tools/circle/doc_linux-64_conda.lock,17
scikit-learn,build_tools/circle/doc_min_dependencies_linux-64_conda.lock,17
scikit-learn,build_tools/github/pymin_conda_forge_openblas_win-64_conda.lock,17
scikit-learn,build_tools/github/pylatest_conda_forge_mkl_linux-64_conda.lock,16
scikit-learn,build_tools/github/pylatest_conda_forge_osx-arm64_conda.lock,16
scikit-learn,build_tools/github/pymin_conda_forge_arm_linux-aarch64_conda.lock,16
scikit-learn,build_tools/github/pymin_conda_forge_openblas_min_dependencies_linux-64_conda.lock,16
scikit-learn,build_tools/github/pymin_conda_forge_openblas_ubuntu_2204_linux-64_conda.lock,16
scikit-learn,sklearn/metrics/tests/test_common.py,16
scikit-learn,build_tools/github/debian_32bit_lock.txt,15
scikit-learn,build_tools/github/pylatest_conda_forge_mkl_no_openmp_osx-64_conda.lock,15
scikit-learn,build_tools/github/pylatest_pip_openblas_pandas_linux-64_conda.lock,15
scikit-learn,sklearn/linear_model/_logistic.py,15
scikit-learn,sklearn/utils/_testing.py,12
scikit-learn,sklearn/utils/tests/test_validation.py,12
scikit-learn,sklearn/utils/tests/test_array_api.py,11
scikit-learn,doc/modules/array_api.rst,11
scikit-learn,build_tools/update_environments_and_lock_files.py,11
scikit-learn,pyproject.toml,11
scikit-learn,sklearn/tests/test_pipeline.py,11
scikit-learn,sklearn/linear_model/_glm/tests/test_glm.py,11
scikit-learn,sklearn/model_selection/tests/test_validation.py,11
scikit-learn,sklearn/utils/validation.py,11
scikit-learn,build_tools/github/ubuntu_atlas_lock.txt,10
scikit-learn,sklearn/linear_model/_ridge.py,10
scikit-learn,sklearn/tree/_classes.py,10
scikit-learn,sklearn/utils/_test_common/instance_generator.py,10
scikit-learn,sklearn/utils/estimator_checks.py,10
scikit-learn,sklearn/metrics/_classification.py,10
scikit-learn,sklearn/_min_dependencies.py,9
scikit-learn,sklearn/model_selection/tests/test_search.py,9
scikit-learn,sklearn/utils/extmath.py,8
scikit-learn,sklearn/metrics/_ranking.py,8
scikit-learn,doc/developers/contributing.rst,8
scikit-learn,build_tools/github/lint_lock.txt,8
scikit-learn,.pre-commit-config.yaml,7
scikit-learn,sklearn/preprocessing/tests/test_data.py,7
scikit-learn,sklearn/linear_model/_coordinate_descent.py,7
scikit-learn,sklearn/linear_model/tests/test_coordinate_descent.py,7
scikit-learn,sklearn/model_selection/tests/test_split.py,7
scikit-learn,sklearn/metrics/tests/test_classification.py,7
scikit-learn,sklearn/tests/test_calibration.py,7
scikit-learn,sklearn/utils/tests/test_indexing.py,7
scikit-learn,sklearn/tree/_partitioner.pyx,6
scikit-learn,sklearn/tree/tests/test_tree.py,6
scikit-learn,.github/workflows/lint.yml,6
scikit-learn,sklearn/_loss/tests/test_loss.py,6
scikit-learn,sklearn/tests/test_metadata_routing.py,6
scikit-learn,sklearn/utils/_metadata_requests.py,6
scikit-learn,sklearn/linear_model/_glm/glm.py,6
scikit-learn,sklearn/model_selection/_validation.py,6
scikit-learn,README.rst,6
scikit-learn,.github/workflows/update-lock-files.yml,5
scikit-learn,sklearn/callback/_callback_context.py,5
scikit-learn,.github/PULL_REQUEST_TEMPLATE.md,5
scikit-learn,sklearn/datasets/_base.py,5
scikit-learn,sklearn/tree/_tree.pyx,5
scikit-learn,.github/workflows/wheels.yml,5
scikit-learn,build_tools/get_comment.py,5
scikit-learn,build_tools/github/lint_requirements.txt,5
scikit-learn,sklearn/utils/_set_output.py,5
scikit-learn,sklearn/tests/test_docstring_parameters.py,5
scikit-learn,sklearn/utils/_encode.py,5
scikit-learn,sklearn/linear_model/_glm/_newton_solver.py,5
scikit-learn,sklearn/preprocessing/_label.py,5
scikit-learn,sklearn/linear_model/_cd_fast.pyx,5
scikit-learn,build_tools/circle/doc_environment.yml,5
scikit-learn,build_tools/github/pylatest_conda_forge_osx-arm64_environment.yml,5
scikit-learn,.github/workflows/unit-tests.yml,5
scikit-learn,sklearn/linear_model/tests/test_ridge.py,5
scikit-learn,sklearn/metrics/pairwise.py,5
scikit-learn,doc/conf.py,5
scikit-learn,sklearn/metrics/tests/test_pairwise.py,5
scikit-learn,sklearn/pipeline.py,5
scikit-learn,sklearn/preprocessing/_data.py,4
scikit-learn,sklearn/metrics/tests/test_ranking.py,4
scikit-learn,sklearn/tree/_partitioner.pxd,4
scikit-learn,sklearn/tree/_utils.pxd,4
scikit-learn,sklearn/callback/_progressbar.py,4
scikit-learn,sklearn/metrics/cluster/_supervised.py,4
scikit-learn,build_tools/github/pymin_conda_forge_openblas_environment.yml,4
scikit-learn,sklearn/model_selection/_search_successive_halving.py,4
scikit-learn,sklearn/callback/tests/test_callback_context.py,4
scikit-learn,sklearn/neighbors/tests/test_neighbors.py,4
scikit-learn,sklearn/inspection/_plot/decision_boundary.py,4
scikit-learn,.github/workflows/welcome-first-time-contributor.yml,4
scikit-learn,sklearn/linear_model/tests/test_base.py,4
scikit-learn,sklearn/neighbors/_binary_tree.pxi.tp,4
scikit-learn,build_tools/github/pylatest_conda_forge_mkl_linux-64_environment.yml,4
scikit-learn,build_tools/github/pylatest_conda_forge_mkl_no_openmp_environment.yml,4
scikit-learn,build_tools/github/pylatest_pip_openblas_pandas_environment.yml,4
scikit-learn,build_tools/github/pymin_conda_forge_openblas_ubuntu_2204_environment.yml,4
scikit-learn,build_tools/github/pylatest_conda_forge_cuda_array-api_linux-64_environment.yml,4
scikit-learn,sklearn/ensemble/_gb.py,4
scikit-learn,sklearn/decomposition/tests/test_pca.py,4
scikit-learn,sklearn/utils/tests/test_extmath.py,4
scikit-learn,sklearn/utils/tests/test_multiclass.py,4
scikit-learn,sklearn/utils/tests/test_stats.py,4
scikit-learn,sklearn/calibration.py,4
scikit-learn,sklearn/linear_model/_base.py,4
scikit-learn,sklearn/linear_model/_linear_loss.py,4
scikit-learn,sklearn/ensemble/tests/test_gradient_boosting.py,4
scikit-learn,sklearn/utils/_repr_html/tests/test_features.py,4
scikit-learn,sklearn/ensemble/_forest.py,4
scikit-learn,sklearn/metrics/_scorer.py,4
scikit-learn,build_tools/circle/doc_min_dependencies_environment.yml,4
scikit-learn,sklearn/tests/test_metaestimators_metadata_routing.py,4
scikit-learn,sklearn/inspection/_plot/tests/test_boundary_decision_display.py,4
scikit-learn,sklearn/inspection/tests/test_permutation_importance.py,4
scikit-learn,sklearn/base.py,4
scikit-learn,sklearn/tests/test_base.py,4
scikit-learn,sklearn/tree/_criterion.pyx,4
scikit-learn,maint_tools/vendor_array_api_extra.sh,3
scikit-learn,sklearn/externals/array_api_extra/__init__.py,3
scikit-learn,sklearn/externals/array_api_extra/_delegation.py,3
scikit-learn,sklearn/externals/array_api_extra/_lib/_funcs.py,3
scikit-learn,sklearn/callback/tests/test_scoring_monitor.py,3
scikit-learn,sklearn/callback/_scoring_monitor.py,3
scikit-learn,sklearn/callback/tests/test_pickle.py,3
scikit-learn,sklearn/tree/_splitter.pyx,3
scikit-learn,sklearn/tree/_tree.pxd,3
scikit-learn,sklearn/tree/_utils.pyx,3
scikit-learn,sklearn/tree/tests/test_split.py,3
scikit-learn,doc/institutional_support.rst,3
scikit-learn,doc/templates/index.html,3
scikit-learn,sklearn/preprocessing/_target_encoder.py,3
scikit-learn,build_tools/linting.sh,3
scikit-learn,doc/whats_new/upcoming_changes/sklearn.tree/33354.major-feature.rst,3
scikit-learn,sklearn/callback/tests/test_callback_support.py,3
scikit-learn,sklearn/covariance/_shrunk_covariance.py,3
scikit-learn,sklearn/covariance/tests/test_covariance.py,3
scikit-learn,sklearn/discriminant_analysis.py,3
scikit-learn,sklearn/mixture/_gaussian_mixture.py,3
scikit-learn,doc/api_reference.py,3
scikit-learn,doc/developers/maintainer.rst.template,3
scikit-learn,sklearn/datasets/_openml.py,3
scikit-learn,doc/computing/parallelism.rst,3
scikit-learn,sklearn/preprocessing/tests/test_encoders.py,3
scikit-learn,sklearn/preprocessing/tests/test_polynomial.py,3
scikit-learn,sklearn/neighbors/tests/test_kd_tree.py,3
scikit-learn,build_tools/github/debian_32bit_requirements.txt,3
scikit-learn,build_tools/github/pymin_conda_forge_arm_environment.yml,3
scikit-learn,build_tools/github/pylatest_free_threaded_environment.yml,3
scikit-learn,build_tools/github/install.sh,3
scikit-learn,.github/workflows/emscripten.yml,3
scikit-learn,sklearn/utils/meson.build,3
scikit-learn,sklearn/ensemble/_hist_gradient_boosting/gradient_boosting.py,3
scikit-learn,sklearn/mixture/tests/test_gaussian_mixture.py,3
scikit-learn,sklearn/tests/test_kernel_approximation.py,3
scikit-learn,sklearn/tests/test_naive_bayes.py,3
scikit-learn,sklearn/preprocessing/tests/test_label.py,3
scikit-learn,sklearn/utils/_indexing.py,3
scikit-learn,sklearn/utils/_bitset.pxd,3
scikit-learn,sklearn/utils/_bitset.pyx,3
scikit-learn,doc/developers/callback_support.rst,3
scikit-learn,doc/modules/tree.rst,3
scikit-learn,sklearn/inspection/tests/test_partial_dependence.py,3
scikit-learn,doc/scss/custom.scss,3
scikit-learn,sklearn/ensemble/_voting.py,3
scikit-learn,sklearn/ensemble/tests/test_stacking.py,3
scikit-learn,sklearn/model_selection/_classification_threshold.py,3
scikit-learn,sklearn/tests/test_common.py,3
scikit-learn,examples/tree/plot_iris_dtc.py,3
scikit-learn,sklearn/datasets/tests/test_openml.py,3
scikit-learn,examples/neighbors/plot_classification.py,3
scikit-learn,sklearn/compose/_column_transformer.py,3
scikit-learn,sklearn/compose/_target.py,3
scikit-learn,doc/whats_new/upcoming_changes/sklearn.linear_model/33918.fix.rst,3
scikit-learn,doc/whats_new/upcoming_changes/sklearn.manifold/33262.efficiency.rst,3
scikit-learn,doc/whats_new/upcoming_changes/sklearn.metrics/33876.fix.rst,3
scikit-learn,doc/whats_new/upcoming_changes/sklearn.utils/33086.api.rst,3
scikit-learn,doc/whats_new/upcoming_changes/sklearn.utils/33491.fix.rst,3
scikit-learn,doc/callbacks.rst,3
scikit-learn,sklearn/preprocessing/_function_transformer.py,3
scikit-learn,sklearn/__init__.py,3
scikit-learn,build_tools/github/pymin_conda_forge_openblas_min_dependencies_environment.yml,3
scikit-learn,sklearn/utils/tests/test_sorting.py,3
scikit-learn,sklearn/compose/tests/test_column_transformer.py,3
scikit-learn,sklearn/inspection/_plot/tests/test_plot_partial_dependence.py,3
scikit-learn,sklearn/externals/array_api_extra/_lib/_testing.py,2
scikit-learn,sklearn/externals/array_api_extra/_lib/_utils/_typing.py,2
scikit-learn,sklearn/callback/tests/_common/callbacks.py,2
scikit-learn,sklearn/tree/_splitter.pxd,2
scikit-learn,.github/scripts/first-time-contributor.py,2
scikit-learn,sklearn/metrics/cluster/tests/test_supervised.py,2
scikit-learn,build_tools/circle/list_versions.py,2
scikit-learn,sklearn/cluster/_spectral.py,2
scikit-learn,sklearn/datasets/_lfw.py,2
scikit-learn,sklearn/decomposition/_nmf.py,2
scikit-learn,.github/workflows/codespell.yml,2
scikit-learn,.circleci/config.yml,2
scikit-learn,doc/whats_new/upcoming_changes/sklearn.cluster/34399.fix.rst,2
scikit-learn,doc/whats_new/upcoming_changes/sklearn.discriminant_analysis/33626.fix.rst,2
scikit-learn,doc/whats_new/upcoming_changes/sklearn.svm/34273.fix.rst,2
scikit-learn,sklearn/callback/tests/test_progressbar.py,2
scikit-learn,sklearn/decomposition/_base.py,2
scikit-learn,doc/modules/clustering.rst,2
scikit-learn,sklearn/externals/array_api_extra/_lib/_at.py,2
scikit-learn,sklearn/externals/array_api_extra/_lib/_lazy.py,2
scikit-learn,sklearn/externals/array_api_extra/_lib/_utils/_helpers.py,2
scikit-learn,sklearn/externals/array_api_extra/testing.py,2
scikit-learn,sklearn/datasets/_arff_parser.py,2
scikit-learn,sklearn/mixture/_bayesian_mixture.py,2
scikit-learn,.github/ISSUE_TEMPLATE/bug_report.yml,2
scikit-learn,doc/developers/development_setup.rst,2
scikit-learn,sklearn/cluster/_agglomerative.py,2
scikit-learn,sklearn/covariance/_graph_lasso.py,2
scikit-learn,sklearn/linear_model/_least_angle.py,2
scikit-learn,sklearn/model_selection/_split.py,2
scikit-learn,sklearn/svm/tests/test_svm.py,2
scikit-learn,doc/whats_new/upcoming_changes/sklearn.linear_model/34523.major-feature.rst,2
scikit-learn,sklearn/preprocessing/_encoders.py,2
scikit-learn,sklearn/utils/tests/test_encode.py,2
scikit-learn,sklearn/feature_extraction/tests/test_text.py,2
scikit-learn,doc/whats_new/upcoming_changes/sklearn.neighbors/34187.efficiency.rst,2
scikit-learn,sklearn/linear_model/_omp.py,2
scikit-learn,doc/modules/calibration.rst,2
scikit-learn,doc/computing/computational_performance.rst,2
scikit-learn,doc/developers/index.rst,2
scikit-learn,sklearn/conftest.py,2
scikit-learn,sklearn/callback/_callback_support.py,2
scikit-learn,sklearn/callback/tests/_utils.py,2
scikit-learn,sklearn/covariance/_empirical_covariance.py,2
scikit-learn,sklearn/decomposition/_pca.py,2
scikit-learn,sklearn/metrics/_regression.py,2
scikit-learn,sklearn/naive_bayes.py,2
scikit-learn,sklearn/utils/class_weight.py,2
scikit-learn,sklearn/utils/_repr_html/features.py,2
scikit-learn,doc/developers/develop.rst,2
scikit-learn,doc/modules/ensemble.rst,2
scikit-learn,sklearn/metrics/tests/test_regression.py,2
scikit-learn,sklearn/svm/src/liblinear/linear.cpp,2
scikit-learn,doc/modules/linear_model.rst,2
scikit-learn,maint_tools/bump-dependencies-versions.py,2
scikit-learn,sklearn/utils/optimize.py,2
scikit-learn,sklearn/utils/tests/test_optimize.py,2
scikit-learn,sklearn/ensemble/_hist_gradient_boosting/binning.py,2
scikit-learn,sklearn/ensemble/_hist_gradient_boosting/tests/test_binning.py,2
scikit-learn,sklearn/compose/tests/test_target.py,2
scikit-learn,.github/workflows/cuda-ci.yml,2
scikit-learn,.github/workflows/labeler-title-regex.yml,2
scikit-learn,.github/workflows/publish_pypi.yml,2
scikit-learn,sklearn/ensemble/_hist_gradient_boosting/splitting.pyx,2
scikit-learn,doc/whats_new/upcoming_changes/sklearn.linear_model/33759.enhancement.rst,2
scikit-learn,doc/modules/model_evaluation.rst,2
scikit-learn,examples/miscellaneous/plot_display_object_visualization.py,2
scikit-learn,examples/release_highlights/plot_release_highlights_1_9_0.py,2
scikit-learn,sklearn/metrics/tests/test_score_objects.py,2
scikit-learn,sklearn/multioutput.py,2
scikit-learn,sklearn/utils/_repr_html/tests/test_estimator.py,2
scikit-learn,sklearn/tree/_export.py,2
scikit-learn,sklearn/tree/tests/test_export.py,2
scikit-learn,sklearn/ensemble/_hist_gradient_boosting/tests/test_gradient_boosting.py,2
scikit-learn,sklearn/linear_model/tests/test_least_angle.py,2
scikit-learn,sklearn/utils/fixes.py,2
scikit-learn,doc/glossary.rst,2
scikit-learn,doc/whats_new/v1.10.rst,2
scikit-learn,doc/whats_new/v1.9.rst,2
scikit-learn,sklearn/impute/tests/test_impute.py,2
scikit-learn,sklearn/tests/test_docstrings.py,2
scikit-learn,sklearn/tests/test_build.py,2
scikit-learn,sklearn/tests/metadata_routing_common.py,2
scikit-learn,examples/neighbors/plot_nca_classification.py,2
scikit-learn,examples/neighbors/plot_nearest_centroid.py,2
scikit-learn,examples/preprocessing/plot_scaling_importance.py,2
scikit-learn,examples/svm/plot_custom_kernel.py,2
scikit-learn,examples/svm/plot_iris_svc.py,2
scikit-learn,sklearn/ensemble/_bagging.py,2
scikit-learn,sklearn/linear_model/_ransac.py,2
scikit-learn,sklearn/model_selection/_search.py,2
scikit-learn,doc/whats_new/upcoming_changes/array-api/29661.enhancement.rst,2
scikit-learn,doc/whats_new/upcoming_changes/array-api/32909.feature.rst,2
scikit-learn,doc/whats_new/upcoming_changes/array-api/32985.feature.rst,2
scikit-learn,doc/whats_new/upcoming_changes/array-api/33020.enhancement.rst,2
scikit-learn,doc/whats_new/upcoming_changes/array-api/33873.fix.rst,2
scikit-learn,doc/whats_new/upcoming_changes/array-api/33898.fix.rst,2
scikit-learn,doc/whats_new/upcoming_changes/array-api/34004.fix.rst,2
scikit-learn,doc/whats_new/upcoming_changes/array-api/34065.fix.rst,2
scikit-learn,doc/whats_new/upcoming_changes/array-api/34144.fix.rst,2
scikit-learn,doc/whats_new/upcoming_changes/callback/33322.major-feature.rst,2
scikit-learn,doc/whats_new/upcoming_changes/many-modules/31127.enhancement.rst,2
scikit-learn,doc/whats_new/upcoming_changes/many-modules/31177.major-feature.rst,2
scikit-learn,doc/whats_new/upcoming_changes/many-modules/32888.enhancement.rst,2
scikit-learn,doc/whats_new/upcoming_changes/many-modules/33126.enhancement.rst,2
scikit-learn,doc/whats_new/upcoming_changes/metadata-routing/30859.fix.rst,2
scikit-learn,doc/whats_new/upcoming_changes/metadata-routing/32111.fix.rst,2
scikit-learn,doc/whats_new/upcoming_changes/metadata-routing/33827.fix.rst,2
scikit-learn,doc/whats_new/upcoming_changes/metadata-routing/34039.fix.rst,2
scikit-learn,doc/whats_new/upcoming_changes/sklearn.compose/32713.fix.rst,2
scikit-learn,doc/whats_new/upcoming_changes/sklearn.datasets/33868.fix.rst,2
scikit-learn,doc/whats_new/upcoming_changes/sklearn.ensemble/29641.fix.rst,2
scikit-learn,doc/whats_new/upcoming_changes/sklearn.ensemble/32708.api.rst,2
scikit-learn,doc/whats_new/upcoming_changes/sklearn.gaussian_process/33067.efficiency.rst,2
scikit-learn,doc/whats_new/upcoming_changes/sklearn.inspection/33709.enhancement.rst,2
scikit-learn,doc/whats_new/upcoming_changes/sklearn.linear_model/30859.api.rst,2
scikit-learn,doc/whats_new/upcoming_changes/sklearn.linear_model/32768.fix.rst,2
scikit-learn,doc/whats_new/upcoming_changes/sklearn.linear_model/33014.fix.rst,2
scikit-learn,doc/whats_new/upcoming_changes/sklearn.linear_model/33020.fix.rst,2
scikit-learn,doc/whats_new/upcoming_changes/sklearn.linear_model/33168.fix.rst,2
scikit-learn,doc/whats_new/upcoming_changes/sklearn.linear_model/33441.fix.rst,2
scikit-learn,doc/whats_new/upcoming_changes/sklearn.linear_model/33565.fix.rst,2
scikit-learn,doc/whats_new/upcoming_changes/sklearn.linear_model/33855.api.rst,2
scikit-learn,doc/whats_new/upcoming_changes/sklearn.linear_model/33902.fix.rst,2
scikit-learn,doc/whats_new/upcoming_changes/sklearn.manifold/33318.fix.rst,2
scikit-learn,doc/whats_new/upcoming_changes/sklearn.metrics/31172.enhancement.rst,2
scikit-learn,doc/whats_new/upcoming_changes/sklearn.metrics/33086.fix.rst,2
scikit-learn,doc/whats_new/upcoming_changes/sklearn.metrics/33252.fix.rst,2
scikit-learn,doc/whats_new/upcoming_changes/sklearn.model_selection/28464.enhancement.rst,2
scikit-learn,doc/whats_new/upcoming_changes/sklearn.model_selection/33473.fix.rst,2
scikit-learn,doc/whats_new/upcoming_changes/sklearn.neighbors/33048.fix.rst,2
scikit-learn,doc/whats_new/upcoming_changes/sklearn.neighbors/33252.fix.rst,2
scikit-learn,doc/whats_new/upcoming_changes/sklearn.pipeline/32106.fix.rst,2
scikit-learn,doc/whats_new/upcoming_changes/sklearn.svm/32212.fix.rst,2
scikit-learn,doc/whats_new/upcoming_changes/sklearn.tree/27630.enhancement.rst,2
scikit-learn,doc/whats_new/upcoming_changes/sklearn.tree/32119.feature.rst,2
scikit-learn,doc/whats_new/upcoming_changes/sklearn.tree/32119.fix.rst,2
scikit-learn,doc/whats_new/upcoming_changes/sklearn.tree/32193.fix.rst,2
scikit-learn,doc/whats_new/upcoming_changes/sklearn.tree/32708.api.rst,2
scikit-learn,doc/whats_new/upcoming_changes/sklearn.tree/33845.fix.rst,2
scikit-learn,doc/whats_new/upcoming_changes/sklearn.utils/32565.enhancement.rst,2
scikit-learn,doc/whats_new/upcoming_changes/sklearn.utils/32887.fix.rst,2
scikit-learn,doc/whats_new/upcoming_changes/sklearn.utils/33127.fix.rst,2
scikit-learn,doc/whats_new/upcoming_changes/sklearn.utils/33789.fix.rst,2
scikit-learn,sklearn/callback/_transport.py,2
scikit-learn,doc/developers/callbacks.rst,2
scikit-learn,doc/developers/developing_callbacks.rst,2
scikit-learn,sklearn/utils/multiclass.py,2
scikit-learn,sklearn/utils/tests/test_dataframe.py,2
scikit-learn,doc/whats_new/upcoming_changes/sklearn.pipeline/32853.fix.rst,2
scikit-learn,asv_benchmarks/asv.conf.json,2
scikit-learn,build_tools/github/ubuntu_atlas_requirements.txt,2
scikit-learn,sklearn/utils/_sorting.pxd,2
scikit-learn,sklearn/utils/_sorting.pyx,2
scikit-learn,sklearn/ensemble/_hist_gradient_boosting/tests/test_monotonic_constraints.py,2
scikit-learn,sklearn/inspection/tests/test_pd_utils.py,2
scikit-learn,sklearn/preprocessing/tests/test_function_transformer.py,2
scikit-learn,sklearn/linear_model/tests/test_bayes.py,2
scikit-learn,examples/applications/{wikipedia_principal_eigenvector.py => plot_wikipedia_principal_eigenvector.py},1
scikit-learn,doc/whats_new/upcoming_changes/sklearn.metrics/34817.enhancement.rst,1
scikit-learn,sklearn/externals/array_api_extra/_agnostic/__init__.py,1
scikit-learn,sklearn/externals/array_api_extra/_agnostic/_creation.py,1
scikit-learn,sklearn/externals/array_api_extra/_agnostic/_elementwise.py,1
scikit-learn,sklearn/externals/array_api_extra/_agnostic/_indexing.py,1
scikit-learn,sklearn/externals/array_api_extra/_agnostic/_inspection.py,1
scikit-learn,sklearn/externals/array_api_extra/_agnostic/_linalg.py,1
scikit-learn,sklearn/externals/array_api_extra/_agnostic/_manipulation.py,1
scikit-learn,sklearn/externals/array_api_extra/_agnostic/_searching.py,1
scikit-learn,sklearn/externals/array_api_extra/_agnostic/_set.py,1
scikit-learn,sklearn/externals/array_api_extra/_agnostic/_sorting.py,1
scikit-learn,sklearn/externals/array_api_extra/_agnostic/_statistical.py,1
scikit-learn,sklearn/externals/array_api_extra/{_lib => }/_at.py,1
scikit-learn,sklearn/externals/array_api_extra/_creation.py,1
scikit-learn,sklearn/externals/array_api_extra/_elementwise.py,1
scikit-learn,sklearn/externals/array_api_extra/_indexing.py,1
scikit-learn,sklearn/externals/array_api_extra/{_lib => }/_lazy.py,1
scikit-learn,sklearn/externals/array_api_extra/_lib/{_utils => }/_compat.py,1
scikit-learn,sklearn/externals/array_api_extra/_lib/{_utils => }/_compat.pyi,1
scikit-learn,sklearn/externals/array_api_extra/_lib/{_utils => }/_helpers.py,1
scikit-learn,sklearn/externals/array_api_extra/_lib/_typing.py,1
scikit-learn,sklearn/externals/array_api_extra/_lib/{_utils => }/_typing.pyi,1
scikit-learn,sklearn/externals/array_api_extra/_lib/_utils/__init__.py,1
scikit-learn,sklearn/externals/array_api_extra/_linalg.py,1
scikit-learn,sklearn/externals/array_api_extra/_manipulation.py,1
scikit-learn,sklearn/externals/array_api_extra/_searching.py,1
scikit-learn,sklearn/externals/array_api_extra/_set.py,1
scikit-learn,sklearn/externals/array_api_extra/_sorting.py,1
scikit-learn,sklearn/externals/array_api_extra/_statistical.py,1
scikit-learn,sklearn/externals/array_api_extra/testing/__init__.py,1
scikit-learn,sklearn/externals/array_api_extra/{testing.py => testing/_testing.py},1
scikit-learn,doc/whats_new/upcoming_changes/sklearn.datasets/34815.fix.rst,1
scikit-learn,sklearn/datasets/tests/test_base.py,1
scikit-learn,doc/whats_new/upcoming_changes/callback/34821.fix.rst,1
scikit-learn,doc/whats_new/upcoming_changes/array-api/34779.fix.rst,1
scikit-learn,doc/whats_new/upcoming_changes/sklearn.tree/33972.major-feature.rst,1
scikit-learn,.github/scripts/label_title_regex.py,1
scikit-learn,maint_tools/update_tracking_issue.py,1
scikit-learn,doc/whats_new/upcoming_changes/array-api/34785.feature.rst,1
scikit-learn,sklearn/metrics/cluster/tests/test_common.py,1
scikit-learn,sklearn/feature_selection/_sequential.py,1
scikit-learn,build_tools/github/build_minimal_windows_image.sh,1
scikit-learn,build_tools/github/test_windows_wheels.sh,1
scikit-learn,build_tools/circle/build_doc.sh,1
scikit-learn,sklearn/callback/tests/_common/__init__.py,1
scikit-learn,sklearn/callback/tests/{_utils.py => _common/estimators.py},1
scikit-learn,doc/whats_new/upcoming_changes/array-api/33600.feature.rst,1
scikit-learn,doc/whats_new/upcoming_changes/array-api/34475.fix.rst,1
scikit-learn,doc/whats_new/upcoming_changes/sklearn.discriminant_analysis/34475.efficiency.rst,1
scikit-learn,sklearn/externals/array_api_extra/_lib/_utils/_compat.pyi,1
scikit-learn,sklearn/externals/array_api_extra/_lib/_utils/_typing.pyi,1
scikit-learn,doc/whats_new/upcoming_changes/sklearn.neighbors/34341.fix.rst,1
scikit-learn,sklearn/neighbors/_base.py,1
scikit-learn,examples/model_selection/plot_underfitting_overfitting.py,1
scikit-learn,sklearn/cluster/_kmeans.py,1
scikit-learn,.github/ISSUE_TEMPLATE/doc_improvement.yml,1
scikit-learn,.github/ISSUE_TEMPLATE/feature_request.yml,1
scikit-learn,doc/developers/performance.rst,1
scikit-learn,sklearn/ensemble/tests/test_forest.py,1
scikit-learn,sklearn/experimental/enable_halving_search_cv.py,1
scikit-learn,sklearn/externals/_arff.py,1
scikit-learn,sklearn/manifold/_t_sne.py,1
scikit-learn,sklearn/manifold/tests/test_t_sne.py,1
scikit-learn,sklearn/model_selection/__init__.py,1
scikit-learn,sklearn/svm/_base.py,1
scikit-learn,sklearn/utils/_mocking.py,1
scikit-learn,sklearn/utils/_pprint.py,1
scikit-learn,sklearn/utils/tests/test_deprecation.py,1
scikit-learn,sklearn/utils/tests/test_tags.py,1
scikit-learn,.github/workflows/first-time-contributor.yml,1
scikit-learn,doc/whats_new/upcoming_changes/sklearn.linear_model/34561.major-feature.rst,1
scikit-learn,sklearn/cluster/_dbscan.py,1
scikit-learn,sklearn/cluster/tests/test_dbscan.py,1
scikit-learn,build_tools/github/upload_anaconda.sh,1
scikit-learn,doc/whats_new/upcoming_changes/callback/34590.api.rst,1
scikit-learn,sklearn/manifold/tests/test_isomap.py,1
scikit-learn,sklearn/utils/tests/test_sparsefuncs.py,1
scikit-learn,doc/whats_new/upcoming_changes/sklearn.ensemble/34586.efficiency.rst,1
scikit-learn,meson.build,1
scikit-learn,doc/whats_new/upcoming_changes/sklearn.neighbors/34564.efficiency.rst,1
scikit-learn,examples/ensemble/plot_forest_iris.py,1
scikit-learn,doc/install.rst,1
scikit-learn,doc/whats_new/upcoming_changes/sklearn.linear_model/34613.enhancement.rst,1
scikit-learn,doc/modules/lda_qda.rst,1
scikit-learn,sklearn/tests/test_discriminant_analysis.py,1
scikit-learn,doc/whats_new/upcoming_changes/sklearn.linear_model/34572.enhancement.rst,1
scikit-learn,doc/whats_new/upcoming_changes/array-api/33633.fix.rst,1
scikit-learn,doc/whats_new/upcoming_changes/sklearn.neighbors/34242.api.rst,1
scikit-learn,doc/whats_new/upcoming_changes/array-api/34442.enhancement.rst,1
scikit-learn,doc/whats_new/upcoming_changes/array-api/34442.fix.rst,1
scikit-learn,doc/developers/global_configuration.rst,1
scikit-learn,doc/developers/misc_info.rst,1
scikit-learn,sklearn/tests/{test_min_dependencies_readme.py => test_min_dependencies_consistency.py},1
scikit-learn,sklearn/linear_model/tests/test_sparse_coordinate_descent.py,1
scikit-learn,sklearn/utils/_heap.pxd,1
scikit-learn,sklearn/utils/_heap.pyx,1
scikit-learn,doc/whats_new/upcoming_changes/array-api/34480.fix.rst,1
scikit-learn,doc/whats_new/upcoming_changes/sklearn.metrics/34190.api.rst,1
scikit-learn,sklearn/metrics/cluster/_unsupervised.py,1
scikit-learn,sklearn/mixture/_base.py,1
scikit-learn,sklearn/preprocessing/_polynomial.py,1
scikit-learn,doc/whats_new/upcoming_changes/array-api/33906.feature.rst,1
scikit-learn,sklearn/utils/_response.py,1
scikit-learn,examples/cluster/plot_kmeans_digits.py,1
scikit-learn,doc/css/styles/custom.css,1
scikit-learn,doc/whats_new/upcoming_changes/sklearn.utils/34429.fix.rst,1
scikit-learn,sklearn/utils/_repr_html/params.css,1
scikit-learn,sklearn/utils/_repr_html/params.py,1
scikit-learn,sklearn/utils/_repr_html/tests/test_js.py,1
scikit-learn,sklearn/utils/_repr_html/tests/test_params.py,1
scikit-learn,AGENTS.md,1
scikit-learn,doc/whats_new/upcoming_changes/sklearn.ensemble/34486.efficiency.rst,1
scikit-learn,sklearn/linear_model/_glm/tests/test_newton_solver.py,1
scikit-learn,examples/gaussian_process/plot_gpc_iris.py,1
scikit-learn,doc/modules/decomposition.rst,1
scikit-learn,doc/modules/feature_selection.rst,1
scikit-learn,examples/covariance/plot_mahalanobis_distances.py,1
scikit-learn,sklearn/utils/_mask.py,1
scikit-learn,doc/whats_new/upcoming_changes/array-api/34423.feature.rst,1
scikit-learn,doc/whats_new/upcoming_changes/sklearn.utils/34447.fix.rst,1
scikit-learn,doc/whats_new/upcoming_changes/array-api/33778.fix.rst,1
scikit-learn,doc/whats_new/upcoming_changes/sklearn.metrics/34443.api.rst,1
scikit-learn,examples/model_selection/plot_det.py,1
scikit-learn,sklearn/metrics/_plot/det_curve.py,1
scikit-learn,sklearn/metrics/_plot/tests/test_common_curve_display.py,1
scikit-learn,sklearn/metrics/_plot/tests/test_det_curve_display.py,1
scikit-learn,sklearn/frozen/tests/test_frozen.py,1
scikit-learn,examples/callbacks/plot_callback_support.py,1
scikit-learn,doc/whats_new/upcoming_changes/sklearn.utils/34380.fix.rst,1
scikit-learn,sklearn/inspection/_permutation_importance.py,1
scikit-learn,.gitignore,1
scikit-learn,doc/Makefile,1
scikit-learn,doc/css/.gitkeep,1
scikit-learn,doc/{scss/api-search.scss => css/styles/api-search.css},1
scikit-learn,doc/{scss/api.scss => css/styles/api.css},1
scikit-learn,doc/{scss/colors.scss => css/styles/colors.css},1
scikit-learn,doc/{scss/custom.scss => css/styles/custom.css},1
scikit-learn,doc/{scss/index.scss => css/styles/index.css},1
scikit-learn,doc/make.bat,1
scikit-learn,doc/whats_new/upcoming_changes/metadata-routing/30869.fix.rst,1
scikit-learn,examples/ensemble/plot_gradient_boosting_regression.py,1
scikit-learn,examples/inspection/plot_permutation_importance.py,1
scikit-learn,examples/inspection/plot_permutation_importance_multicollinear.py,1
scikit-learn,examples/release_highlights/plot_release_highlights_0_22_0.py,1
scikit-learn,sklearn/cluster/_hdbscan/hdbscan.py,1
scikit-learn,doc/whats_new/upcoming_changes/sklearn.preprocessing/34386.efficiency.rst,1
scikit-learn,sklearn/utils/_missing.py,1
scikit-learn,doc/whats_new/upcoming_changes/array-api/34412.enhancement.rst,1
scikit-learn,doc/whats_new/upcoming_changes/sklearn.linear_model/34412.fix.rst,1
scikit-learn,doc/whats_new/upcoming_changes/sklearn.preprocessing/34392.efficiency.rst,1
scikit-learn,sklearn/preprocessing/_target_encoder_fast.pyx,1
scikit-learn,examples/model_selection/plot_cost_sensitive_learning.py,1
scikit-learn,doc/whats_new/upcoming_changes/sklearn.metrics/1140.efficiency.rst,1
scikit-learn,doc/whats_new/upcoming_changes/sklearn.mixture/1140.efficiency.rst,1
scikit-learn,doc/whats_new/upcoming_changes/sklearn.neighbors/1140.efficiency.rst,1
scikit-learn,sklearn/neighbors/_regression.py,1
scikit-learn,doc/modules/gaussian_process.rst,1
scikit-learn,sklearn/ensemble/_weight_boosting.py,1
scikit-learn,sklearn/cluster/_mean_shift.py,1
scikit-learn,sklearn/gaussian_process/tests/test_gpc.py,1
scikit-learn,doc/whats_new/upcoming_changes/sklearn.ensemble/34248.efficiency.rst,1
scikit-learn,sklearn/utils/stats.py,1
scikit-learn,doc/whats_new/upcoming_changes/sklearn.ensemble/34194.efficiency.rst,1
scikit-learn,sklearn/ensemble/_hist_gradient_boosting/_binning.pyx,1
scikit-learn,doc/whats_new/upcoming_changes/sklearn.utils/34362.fix.rst,1
scikit-learn,sklearn/utils/_repr_html/features.css,1
scikit-learn,.github/workflows/autoclose-schedule.yml,1
scikit-learn,.github/workflows/bot-lint-comment.yml,1
scikit-learn,.github/workflows/check-changelog.yml,1
scikit-learn,.github/workflows/check-sdist.yml,1
scikit-learn,.github/workflows/codeql.yml,1
scikit-learn,.github/workflows/not-ready-for-pr-warning.yml,1
scikit-learn,.github/workflows/update_tracking_issue.yml,1
scikit-learn,doc/governance.rst,1
scikit-learn,CONTRIBUTING.md,1
scikit-learn,sklearn/cluster/_k_means_common.pyx,1
scikit-learn,sklearn/manifold/_utils.pyx,1
scikit-learn,doc/whats_new/upcoming_changes/sklearn.linear_model/34157.efficiency.rst,1
scikit-learn,sklearn/cluster/_dbscan_inner.pyx,1
scikit-learn,sklearn/_loss/loss.py,1
scikit-learn,doc/visualizations.rst,1
scikit-learn,examples/model_selection/plot_grid_search_refit_callable.py,1
scikit-learn,examples/model_selection/plot_roc_crossval.py,1
scikit-learn,examples/preprocessing/plot_discretization_classification.py,1
scikit-learn,examples/release_highlights/plot_release_highlights_1_5_0.py,1
scikit-learn,examples/release_highlights/plot_release_highlights_1_7_0.py,1
scikit-learn,examples/release_highlights/plot_release_highlights_1_8_0.py,1
scikit-learn,sklearn/ensemble/tests/test_voting.py,1
scikit-learn,sklearn/feature_selection/tests/test_from_model.py,1
scikit-learn,sklearn/frozen/_frozen.py,1
scikit-learn,sklearn/semi_supervised/tests/test_self_training.py,1
scikit-learn,sklearn/tests/test_multiclass.py,1
scikit-learn,sklearn/tests/test_multioutput.py,1
scikit-learn,doc/whats_new/upcoming_changes/sklearn.tree/33810.feature.rst,1
scikit-learn,sklearn/ensemble/_hist_gradient_boosting/tests/test_warm_start.py,1
scikit-learn,sklearn/neighbors/tests/test_graph.py,1
scikit-learn,doc/whats_new/upcoming_changes/sklearn.calibration/33856.feature.rst,1
scikit-learn,examples/model_selection/plot_successive_halving_heatmap.py,1
scikit-learn,examples/model_selection/plot_successive_halving_iterations.py,1
scikit-learn,doc/whats_new/upcoming_changes/sklearn.pipeline/34263.fix.rst,1
scikit-learn,sklearn/utils/tests/test_pprint.py,1
scikit-learn,doc/whats_new/upcoming_changes/sklearn.metrics/34236.efficiency.rst,1
scikit-learn,sklearn/utils/tests/test_set_output.py,1
scikit-learn,doc/whats_new/upcoming_changes/sklearn.datasets/34262.fix.rst,1
scikit-learn,examples/applications/plot_face_recognition.py,1
scikit-learn,examples/model_selection/plot_randomized_search.py,1
scikit-learn,doc/whats_new/upcoming_changes/sklearn.svm/34256.fix.rst,1
scikit-learn,doc/modules/grid_search.rst,1
scikit-learn,doc/whats_new/upcoming_changes/sklearn.model_selection/34250.api.rst,1
scikit-learn,sklearn/model_selection/tests/test_successive_halving.py,1
scikit-learn,doc/whats_new/upcoming_changes/sklearn.neighbors/34122.feature.rst,1
scikit-learn,sklearn/neighbors/_nca.py,1
scikit-learn,sklearn/neighbors/tests/test_nca.py,1
scikit-learn,doc/modules/outlier_detection.rst,1
scikit-learn,maint_tools/vendor_array_api_compat.sh,1
scikit-learn,sklearn/externals/array_api_compat/__init__.py,1
scikit-learn,sklearn/externals/array_api_compat/common/_helpers.py,1
scikit-learn,sklearn/externals/array_api_compat/common/_linalg.py,1
scikit-learn,sklearn/externals/array_api_compat/cupy/__init__.py,1
scikit-learn,sklearn/externals/array_api_compat/cupy/_aliases.py,1
scikit-learn,sklearn/externals/array_api_compat/cupy/_info.py,1
scikit-learn,sklearn/externals/array_api_compat/cupy/linalg.py,1
scikit-learn,sklearn/externals/array_api_compat/dask/array/__init__.py,1
scikit-learn,sklearn/externals/array_api_compat/dask/array/_info.py,1
scikit-learn,sklearn/externals/array_api_compat/dask/array/linalg.py,1
scikit-learn,sklearn/externals/array_api_compat/numpy/__init__.py,1
scikit-learn,sklearn/externals/array_api_compat/numpy/_info.py,1
scikit-learn,sklearn/externals/array_api_compat/numpy/linalg.py,1
scikit-learn,sklearn/externals/array_api_compat/torch/__init__.py,1
scikit-learn,sklearn/externals/array_api_compat/torch/_aliases.py,1
scikit-learn,sklearn/externals/array_api_compat/torch/_info.py,1
scikit-learn,sklearn/externals/array_api_compat/torch/fft.py,1
scikit-learn,sklearn/externals/array_api_extra/_lib/_backends.py,1
scikit-learn,doc/whats_new/upcoming_changes/sklearn.ensemble/32911.efficiency.rst,1
scikit-learn,doc/modules/impute.rst,1
scikit-learn,doc/whats_new/upcoming_changes/sklearn.impute/34214.api.rst,1
scikit-learn,examples/impute/plot_iterative_imputer_variants_comparison.py,1
scikit-learn,examples/impute/plot_missing_values.py,1
scikit-learn,sklearn/experimental/enable_iterative_imputer.py,1
scikit-learn,sklearn/experimental/tests/test_enable_iterative_imputer.py,1
scikit-learn,sklearn/impute/__init__.py,1
scikit-learn,sklearn/impute/_iterative.py,1
scikit-learn,sklearn/impute/tests/test_common.py,1
scikit-learn,doc/whats_new/upcoming_changes/sklearn.ensemble/34236.api.rst,1
scikit-learn,sklearn/experimental/enable_hist_gradient_boosting.py,1
scikit-learn,sklearn/experimental/tests/test_enable_hist_gradient_boosting.py,1
scikit-learn,doc/whats_new/upcoming_changes/metadata-routing/34188.fix.rst,1
scikit-learn,doc/whats_new/upcoming_changes/sklearn.inspection/34092.enhancement.rst,1
scikit-learn,examples/classification/plot_classification_probability.py,1
scikit-learn,examples/cluster/plot_inductive_clustering.py,1
scikit-learn,examples/linear_model/plot_logistic_multinomial.py,1
scikit-learn,examples/semi_supervised/plot_semi_supervised_versus_svm_iris.py,1
scikit-learn,examples/miscellaneous/plot_metadata_routing.py,1
scikit-learn,sklearn/ensemble/_stacking.py,1
scikit-learn,sklearn/feature_selection/_rfe.py,1
scikit-learn,sklearn/semi_supervised/_self_training.py,1
scikit-learn,sklearn/utils/metadata_routing.py,1
scikit-learn,doc/whats_new/upcoming_changes/metadata-routing/34224.fix.rst,1
scikit-learn,doc/contributor_experience_team.rst,1
scikit-learn,doc/maintainers.rst,1
scikit-learn,sklearn/kernel_approximation.py,1
scikit-learn,doc/whats_new/upcoming_changes/metadata-routing/34201.fix.rst,1
scikit-learn,examples/svm/plot_svm_margin.py,1
scikit-learn,SECURITY.md,1
scikit-learn,sklearn/utils/tests/test_arrayfuncs.py,1
scikit-learn,doc/whats_new/upcoming_changes/array-api/31671.feature.rst,1
scikit-learn,doc/whats_new/upcoming_changes/array-api/32644.feature.rst,1
scikit-learn,doc/whats_new/upcoming_changes/array-api/32846.fix.rst,1
scikit-learn,doc/whats_new/upcoming_changes/array-api/32923.fix.rst,1
scikit-learn,doc/whats_new/upcoming_changes/array-api/32979.feature.rst,1
scikit-learn,doc/whats_new/upcoming_changes/array-api/33076.feature.rst,1
scikit-learn,doc/whats_new/upcoming_changes/array-api/33263.feature.rst,1
scikit-learn,doc/whats_new/upcoming_changes/array-api/33348.feature.rst,1
scikit-learn,doc/whats_new/upcoming_changes/array-api/33437.fix.rst,1
scikit-learn,doc/whats_new/upcoming_changes/array-api/33623.enhancement.rst,1
scikit-learn,doc/whats_new/upcoming_changes/changed-models/33272.enhancement.rst,1
scikit-learn,doc/whats_new/upcoming_changes/many-modules/31937.enhancement.rst,1
scikit-learn,doc/whats_new/upcoming_changes/many-modules/32212.fix.rst,1
scikit-learn,doc/whats_new/upcoming_changes/many-modules/32942.fix.rst,1
scikit-learn,doc/whats_new/upcoming_changes/many-modules/33399.enhancement.rst,1
scikit-learn,doc/whats_new/upcoming_changes/metadata-routing/33089.enhancement.rst,1
scikit-learn,doc/whats_new/upcoming_changes/sklearn.cluster/24681.enhancement.rst,1
scikit-learn,doc/whats_new/upcoming_changes/sklearn.cluster/30751.fix.rst,1
scikit-learn,doc/whats_new/upcoming_changes/sklearn.cluster/33148.fix.rst,1
scikit-learn,doc/whats_new/upcoming_changes/sklearn.compose/33665.fix.rst,1
scikit-learn,doc/whats_new/upcoming_changes/sklearn.datasets/33118.efficiency.rst,1
scikit-learn,doc/whats_new/upcoming_changes/sklearn.decomposition/33269.efficiency.rst,1
scikit-learn,doc/whats_new/upcoming_changes/sklearn.decomposition/33492.fix.rst,1
scikit-learn,doc/whats_new/upcoming_changes/sklearn.ensemble/31529.fix.rst,1
scikit-learn,doc/whats_new/upcoming_changes/sklearn.ensemble/32708.fix.rst,1
scikit-learn,doc/whats_new/upcoming_changes/sklearn.feature_extraction/33643.fix.rst,1
scikit-learn,doc/whats_new/upcoming_changes/sklearn.feature_selection/29532.fix.rst,1
scikit-learn,doc/whats_new/upcoming_changes/sklearn.feature_selection/33786.enhancement.rst,1
scikit-learn,doc/whats_new/upcoming_changes/sklearn.gaussian_process/32964.fix.rst,1
scikit-learn,doc/whats_new/upcoming_changes/sklearn.inspection/33015.fix.rst,1
scikit-learn,doc/whats_new/upcoming_changes/sklearn.inspection/33202.fix.rst,1
scikit-learn,doc/whats_new/upcoming_changes/sklearn.inspection/33300.fix.rst,1
scikit-learn,doc/whats_new/upcoming_changes/sklearn.inspection/33419.fix.rst,1
scikit-learn,doc/whats_new/upcoming_changes/sklearn.inspection/33471.fix.rst,1
scikit-learn,doc/whats_new/upcoming_changes/sklearn.inspection/33651.fix.rst,1
scikit-learn,doc/whats_new/upcoming_changes/sklearn.linear_model/32644.efficiency.rst,1
scikit-learn,doc/whats_new/upcoming_changes/sklearn.linear_model/32778.fix.rst,1
scikit-learn,doc/whats_new/upcoming_changes/sklearn.linear_model/32828.enhancement.rst,1
scikit-learn,doc/whats_new/upcoming_changes/sklearn.linear_model/32845.enhancement.rst,1
scikit-learn,doc/whats_new/upcoming_changes/sklearn.linear_model/33041.efficiency.rst,1
scikit-learn,doc/whats_new/upcoming_changes/sklearn.linear_model/33161.enhancement.rst,1
scikit-learn,doc/whats_new/upcoming_changes/sklearn.linear_model/33333.api,1
scikit-learn,doc/whats_new/upcoming_changes/sklearn.linear_model/33440.feature.rst,1
scikit-learn,doc/whats_new/upcoming_changes/sklearn.metrics/30508.feature.rst,1
scikit-learn,doc/whats_new/upcoming_changes/sklearn.metrics/31671.fix.rst,1
scikit-learn,doc/whats_new/upcoming_changes/sklearn.metrics/32732.major-feature.rst,1
scikit-learn,doc/whats_new/upcoming_changes/sklearn.metrics/33357.api.rst,1
scikit-learn,doc/whats_new/upcoming_changes/sklearn.metrics/33405.fix.rst,1
scikit-learn,doc/whats_new/upcoming_changes/sklearn.metrics/33740.fix.rst,1
scikit-learn,doc/whats_new/upcoming_changes/sklearn.model_selection/33176.fix.rst,1
scikit-learn,doc/whats_new/upcoming_changes/sklearn.neural_network/33774.fix.rst,1
scikit-learn,doc/whats_new/upcoming_changes/sklearn.pipeline/33362.fix.rst,1
scikit-learn,doc/whats_new/upcoming_changes/sklearn.preprocessing/33268.fix.rst,1
scikit-learn,doc/whats_new/upcoming_changes/sklearn.preprocessing/33453.api.rst,1
scikit-learn,doc/whats_new/upcoming_changes/sklearn.svm/32050.api.rst,1
scikit-learn,doc/whats_new/upcoming_changes/sklearn.svm/33388.api.rst,1
scikit-learn,doc/whats_new/upcoming_changes/array-api/33573.feature.rst,1
scikit-learn,sklearn/svm/src/libsvm/svm.cpp,1
scikit-learn,doc/developers/plotting.rst,1
scikit-learn,examples/callbacks/README.txt,1
scikit-learn,examples/callbacks/plot_scoring_monitor.py,1
scikit-learn,sklearn/utils/_show_versions.py,1
scikit-learn,sklearn/utils/tests/test_show_versions.py,1
scikit-learn,sklearn/svm/_classes.py,1
scikit-learn,sklearn/utils/_repr_html/estimator.py,1
scikit-learn,sklearn/datasets/_kddcup99.py,1
scikit-learn,sklearn/datasets/_olivetti_faces.py,1
scikit-learn,examples/ensemble/plot_stack_predictors.py,1
scikit-learn,doc/whats_new/upcoming_changes/sklearn.metrics/34083.fix.rst,1
scikit-learn,sklearn/feature_selection/_base.py,1
scikit-learn,sklearn/utils/_dataframe.py,1
scikit-learn,doc/whats_new.rst,1
scikit-learn,sklearn/model_selection/tests/test_classification_threshold.py,1
scikit-learn,doc/user_guide.rst,1
scikit-learn,doc/whats_new/upcoming_changes/callback/.gitkeep,1
scikit-learn,sklearn/callback/__init__.py,1
scikit-learn,sklearn/callback/_base.py,1
scikit-learn,sklearn/callback/tests/__init__.py,1
scikit-learn,sklearn/callback/tests/conftest.py,1
scikit-learn,sklearn/utils/_optional_dependencies.py,1
scikit-learn,doc/jupyter-lite.json,1
scikit-learn,doc/support.rst,1
scikit-learn,doc/whats_new/upcoming_changes/changed-models/33333.api,1
scikit-learn,doc/whats_new/upcoming_changes/{custom-top-level => many-modules}/31127.enhancement.rst,1
scikit-learn,doc/whats_new/upcoming_changes/sklearn.utils/33126.enhancement.rst,1
scikit-learn,sklearn/neighbors/_classification.py,1
scikit-learn,examples/svm/plot_rbf_parameters.py,1
scikit-learn,sklearn/decomposition/tests/test_nmf.py,1
scikit-learn,sklearn/ensemble/_iforest.py,1
scikit-learn,sklearn/tree/tests/test_monotonic_tree.py,1
scikit-learn,sklearn/impute/tests/test_base.py,1
scikit-learn,sklearn/utils/tests/test_mocking.py,1
scikit-learn,sklearn/utils/tests/test_testing.py,1
scikit-learn,sklearn/ensemble/_hist_gradient_boosting/_bitset.pxd,1
scikit-learn,sklearn/ensemble/_hist_gradient_boosting/_bitset.pyx,1
scikit-learn,sklearn/ensemble/_hist_gradient_boosting/_predictor.pyx,1
scikit-learn,sklearn/ensemble/_hist_gradient_boosting/common.pxd,1
scikit-learn,sklearn/ensemble/_hist_gradient_boosting/common.pyx,1
scikit-learn,sklearn/ensemble/_hist_gradient_boosting/grower.py,1
scikit-learn,sklearn/ensemble/_hist_gradient_boosting/meson.build,1
scikit-learn,sklearn/ensemble/_hist_gradient_boosting/tests/test_predictor.py,1
scikit-learn,sklearn/{ensemble/_hist_gradient_boosting => utils}/tests/test_bitset.py,1
scikit-learn,doc/whats_new/upcoming_changes/custom-top-level/31127.enhancement.rst,1
scikit-learn,doc/whats_new/upcoming_changes/sklearn.linear_model/{32828.fix.rst => 32828.enhancement.rst},1
scikit-learn,doc/whats_new/v1.8.rst,1
scikit-learn,doc/data_interoperability.rst,1
scikit-learn,doc/faq.rst,1
scikit-learn,doc/modules/df_output_transform.rst,1
scikit-learn,examples/release_highlights/plot_release_highlights_1_0_0.py,1
scikit-learn,examples/release_highlights/plot_release_highlights_1_1_0.py,1
scikit-learn,sklearn/_config.py,1
scikit-learn,doc/_static/bnp-small.png,1
scikit-learn,doc/about.rst,1
scikit-learn,doc/images/bnp-paribas-small.png,1
scikit-learn,doc/images/bnp-paribas.jpg,1
scikit-learn,doc/images/bnp-paribas.png,1
scikit-learn,doc/images/michelin-small.png,1
scikit-learn,doc/images/michelin.png,1
scikit-learn,doc/images/nasa-small.png,1
scikit-learn,doc/images/nasa.png,1
scikit-learn,doc/index.rst.template,1
scikit-learn,doc/scss/index.scss,1
scikit-learn,doc/templates/funding_links.html,1
scikit-learn,asv_benchmarks/benchmarks/config.json,1
scikit-learn,doc/modules/classification_threshold.rst,1
scikit-learn,examples/calibration/plot_compare_calibration.py,1
scikit-learn,examples/ensemble/plot_hgbt_regression.py,1
scikit-learn,examples/svm/plot_svm_scale_c.py,1
scikit-learn,sklearn/_loss/_loss.pyx.tp,1
scikit-learn,sklearn/_loss/meson.build,1
scikit-learn,sklearn/cluster/tests/test_hierarchical.py,1
scikit-learn,sklearn/cross_decomposition/tests/test_pls.py,1
scikit-learn,sklearn/datasets/descr/wine_data.rst,1
scikit-learn,sklearn/datasets/tests/test_lfw.py,1
scikit-learn,sklearn/ensemble/_gradient_boosting.pyx,1
scikit-learn,sklearn/ensemble/_hist_gradient_boosting/tests/test_grower.py,1
scikit-learn,sklearn/ensemble/_hist_gradient_boosting/utils.py,1
scikit-learn,sklearn/ensemble/tests/test_iforest.py,1
scikit-learn,sklearn/gaussian_process/_gpr.py,1
scikit-learn,sklearn/gaussian_process/tests/test_gpr.py,1
scikit-learn,sklearn/impute/_base.py,1
scikit-learn,sklearn/linear_model/_passive_aggressive.py,1
scikit-learn,sklearn/linear_model/_sgd_fast.pyx.tp,1
scikit-learn,sklearn/linear_model/_stochastic_gradient.py,1
scikit-learn,sklearn/linear_model/meson.build,1
scikit-learn,sklearn/linear_model/tests/test_sgd.py,1
scikit-learn,sklearn/metrics/_pairwise_distances_reduction/meson.build,1
scikit-learn,sklearn/metrics/_plot/tests/test_precision_recall_display.py,1
scikit-learn,sklearn/metrics/meson.build,1
scikit-learn,sklearn/neighbors/_quad_tree.pyx,1
scikit-learn,sklearn/neighbors/meson.build,1
scikit-learn,sklearn/tests/test_min_dependencies_readme.py,1
scikit-learn,sklearn/tree/tests/test_reingold_tilford.py,1
scikit-learn,sklearn/utils/tests/test_plotting.py,1
scikit-learn,sklearn/linear_model/_bayes.py,1
scikit-learn,sklearn/_loss/tests/test_link.py,1
scikit-learn,sklearn/utils/tests/test_estimator_checks.py,1
scikit-learn,examples/linear_model/plot_sgd_iris.py,1
scikit-learn,sklearn/cluster/tests/test_spectral.py,1
scikit-learn,sklearn/manifold/_spectral_embedding.py,1
scikit-learn,sklearn/manifold/tests/test_spectral_embedding.py,1
