repository,file_path,language,extension,loc,size_bytes
flask,docs/conf.py,Python,.py,101,3487
flask,tests/conftest.py,Python,.py,112,2658
flask,tests/test_appctx.py,Python,.py,265,7092
flask,tests/test_async.py,Python,.py,145,3480
flask,tests/test_basic.py,Python,.py,1974,56247
flask,tests/test_blueprints.py,Python,.py,1115,32402
flask,tests/test_cli.py,Python,.py,703,21006
flask,tests/test_config.py,Python,.py,250,7998
flask,tests/test_converters.py,Python,.py,42,1135
flask,tests/test_helpers.py,Python,.py,377,11595
flask,tests/test_instance_config.py,Python,.py,111,3428
flask,tests/test_json.py,Python,.py,346,9087
flask,tests/test_json_tag.py,Python,.py,86,2084
flask,tests/test_logging.py,Python,.py,98,2627
flask,tests/test_regression.py,Python,.py,30,742
flask,tests/test_reqctx.py,Python,.py,249,6945
flask,tests/test_request.py,Python,.py,70,1972
flask,tests/test_session_interface.py,Python,.py,28,812
flask,tests/test_signals.py,Python,.py,181,5045
flask,tests/test_subclassing.py,Python,.py,21,501
flask,tests/test_templating.py,Python,.py,532,15935
flask,tests/test_testing.py,Python,.py,398,10961
flask,tests/test_user_error_handler.py,Python,.py,295,8731
flask,tests/test_views.py,Python,.py,271,7329
flask,tests/type_check/typing_app_decorators.py,Python,.py,32,621
flask,tests/type_check/typing_error_handler.py,Python,.py,33,680
flask,tests/type_check/typing_route.py,Python,.py,112,2644
flask,tests/test_apps/blueprintapp/__init__.py,Python,.py,9,265
flask,tests/test_apps/cliapp/app.py,Python,.py,3,55
flask,tests/test_apps/cliapp/factory.py,Python,.py,13,182
flask,tests/test_apps/cliapp/importerrorapp.py,Python,.py,5,78
flask,tests/test_apps/cliapp/multiapp.py,Python,.py,4,71
flask,tests/test_apps/cliapp/__init__.py,Python,.py,0,0
flask,tests/test_apps/helloworld/hello.py,Python,.py,8,112
flask,tests/test_apps/helloworld/wsgi.py,Python,.py,1,37
flask,tests/test_apps/subdomaintestmodule/__init__.py,Python,.py,3,76
flask,tests/test_apps/cliapp/inner1/__init__.py,Python,.py,3,58
flask,tests/test_apps/cliapp/inner1/inner2/flask.py,Python,.py,3,50
flask,tests/test_apps/cliapp/inner1/inner2/__init__.py,Python,.py,0,0
flask,tests/test_apps/blueprintapp/apps/__init__.py,Python,.py,0,0
flask,tests/test_apps/blueprintapp/apps/admin/__init__.py,Python,.py,20,386
flask,tests/test_apps/blueprintapp/apps/frontend/__init__.py,Python,.py,14,341
flask,src/flask/app.py,Python,.py,1628,67100
flask,src/flask/blueprints.py,Python,.py,128,4669
flask,src/flask/cli.py,Python,.py,1127,37963
flask,src/flask/config.py,Python,.py,367,13586
flask,src/flask/ctx.py,Python,.py,540,18801
flask,src/flask/debughelpers.py,Python,.py,179,6249
flask,src/flask/globals.py,Python,.py,77,2491
flask,src/flask/helpers.py,Python,.py,682,25310
flask,src/flask/logging.py,Python,.py,79,2456
flask,src/flask/sessions.py,Python,.py,385,15354
flask,src/flask/signals.py,Python,.py,17,767
flask,src/flask/templating.py,Python,.py,212,7548
flask,src/flask/testing.py,Python,.py,298,10432
flask,src/flask/typing.py,Python,.py,87,3201
flask,src/flask/views.py,Python,.py,191,7162
flask,src/flask/wrappers.py,Python,.py,257,9663
flask,src/flask/__init__.py,Python,.py,39,2111
flask,src/flask/__main__.py,Python,.py,3,33
flask,src/flask/json/provider.py,Python,.py,215,7859
flask,src/flask/json/tag.py,Python,.py,327,9608
flask,src/flask/json/__init__.py,Python,.py,170,5753
flask,src/flask/sansio/app.py,Python,.py,1013,40508
flask,src/flask/sansio/blueprints.py,Python,.py,692,27709
flask,src/flask/sansio/scaffold.py,Python,.py,800,31433
flask,examples/celery/make_celery.py,Python,.py,4,106
flask,examples/tutorial/flaskr/auth.py,Python,.py,116,3412
flask,examples/tutorial/flaskr/blog.py,Python,.py,125,3430
flask,examples/tutorial/flaskr/db.py,Python,.py,56,1373
flask,examples/tutorial/flaskr/__init__.py,Python,.py,48,1454
flask,examples/tutorial/tests/conftest.py,Python,.py,62,1516
flask,examples/tutorial/tests/test_auth.py,Python,.py,69,2139
flask,examples/tutorial/tests/test_blog.py,Python,.py,83,2586
flask,examples/tutorial/tests/test_db.py,Python,.py,29,645
flask,examples/tutorial/tests/test_factory.py,Python,.py,12,310
flask,examples/javascript/js_example/views.py,Python,.py,18,447
flask,examples/javascript/js_example/__init__.py,Python,.py,5,96
flask,examples/javascript/tests/conftest.py,Python,.py,15,231
flask,examples/javascript/tests/test_js_example.py,Python,.py,27,754
flask,examples/celery/src/task_app/tasks.py,Python,.py,23,507
flask,examples/celery/src/task_app/views.py,Python,.py,38,992
flask,examples/celery/src/task_app/__init__.py,Python,.py,39,1063
requests,setup.py,Python,.py,9,188
requests,docs/conf.py,Python,.py,385,12533
requests,tests/compat.py,Python,.py,23,503
requests,tests/conftest.py,Python,.py,67,2001
requests,tests/test_adapters.py,Python,.py,8,322
requests,tests/test_help.py,Python,.py,27,866
requests,tests/test_hooks.py,Python,.py,22,446
requests,tests/test_lowlevel.py,Python,.py,428,15771
requests,tests/test_packages.py,Python,.py,13,242
requests,tests/test_requests.py,Python,.py,3094,111628
requests,tests/test_structures.py,Python,.py,91,2848
requests,tests/test_testserver.py,Python,.py,165,5712
requests,tests/test_utils.py,Python,.py,1013,32467
requests,tests/utils.py,Python,.py,17,383
requests,tests/__init__.py,Python,.py,14,483
requests,tests/testserver/server.py,Python,.py,176,5323
requests,tests/testserver/__init__.py,Python,.py,0,0
requests,src/requests/adapters.py,Python,.py,748,28740
requests,src/requests/api.py,Python,.py,180,7332
requests,src/requests/auth.py,Python,.py,354,12461
requests,src/requests/certs.py,Python,.py,18,448
requests,src/requests/compat.py,Python,.py,115,2609
requests,src/requests/cookies.py,Python,.py,625,22129
requests,src/requests/exceptions.py,Python,.py,162,4726
requests,src/requests/help.py,Python,.py,132,4200
requests,src/requests/hooks.py,Python,.py,48,1186
requests,src/requests/models.py,Python,.py,1184,42646
requests,src/requests/packages.py,Python,.py,23,927
requests,src/requests/sessions.py,Python,.py,920,34992
requests,src/requests/status_codes.py,Python,.py,128,4479
requests,src/requests/structures.py,Python,.py,130,4264
requests,src/requests/utils.py,Python,.py,1155,37216
requests,src/requests/_internal_utils.py,Python,.py,51,1593
requests,src/requests/_types.py,Python,.py,188,6229
requests,src/requests/__init__.py,Python,.py,219,5856
requests,src/requests/__version__.py,Python,.py,14,449
requests,docs/_themes/flask_theme_support.py,Python,.py,86,4961
pytest,bench/bench.py,Python,.py,17,400
pytest,bench/bench_argcomplete.py,Python,.py,22,653
pytest,bench/empty.py,Python,.py,5,103
pytest,bench/manyparam.py,Python,.py,16,221
pytest,bench/skip.py,Python,.py,12,178
pytest,bench/unit_test.py,Python,.py,16,307
pytest,bench/xunit.py,Python,.py,14,250
pytest,extra/get_issues.py,Python,.py,89,2459
pytest,scripts/diff-assert-rewrite.py,Python,.py,157,5926
pytest,scripts/generate-gh-release-notes.py,Python,.py,69,2224
pytest,scripts/prepare-release-pr.py,Python,.py,180,5169
pytest,scripts/release.py,Python,.py,148,5117
pytest,scripts/update-plugin-list.py,Python,.py,229,7804
pytest,src/py.py,Python,.py,15,344
pytest,testing/acceptance_test.py,Python,.py,1769,62969
pytest,testing/conftest.py,Python,.py,251,8316
pytest,testing/deprecated_test.py,Python,.py,367,12593
pytest,testing/test_argcomplete.py,Python,.py,99,3334
pytest,testing/test_assertion.py,Python,.py,3092,104590
pytest,testing/test_assertrewrite.py,Python,.py,2392,78394
pytest,testing/test_assertrewrite_coverage.py,Python,.py,1231,40925
pytest,testing/test_cacheprovider.py,Python,.py,1455,51465
pytest,testing/test_capture.py,Python,.py,1772,57678
pytest,testing/test_collection.py,Python,.py,2799,97386
pytest,testing/test_collect_imported_tests.py,Python,.py,102,2991
pytest,testing/test_compat.py,Python,.py,204,5153
pytest,testing/test_config.py,Python,.py,3508,124565
pytest,testing/test_conftest.py,Python,.py,1086,36018
pytest,testing/test_debugging.py,Python,.py,1442,48032
pytest,testing/test_doctest.py,Python,.py,1794,57213
pytest,testing/test_entry_points.py,Python,.py,10,325
pytest,testing/test_error_diffs.py,Python,.py,296,8971
pytest,testing/test_faulthandler.py,Python,.py,221,6961
pytest,testing/test_findpaths.py,Python,.py,266,10580
pytest,testing/test_helpconfig.py,Python,.py,170,5980
pytest,testing/test_junitxml.py,Python,.py,1886,63684
pytest,testing/test_legacypath.py,Python,.py,187,6056
pytest,testing/test_link_resolve.py,Python,.py,84,2463
pytest,testing/test_main.py,Python,.py,372,13169
pytest,testing/test_mark.py,Python,.py,1519,46582
pytest,testing/test_mark_expression.py,Python,.py,356,12094
pytest,testing/test_meta.py,Python,.py,34,827
pytest,testing/test_monkeypatch.py,Python,.py,501,14528
pytest,testing/test_nodes.py,Python,.py,164,5568
pytest,testing/test_parseopt.py,Python,.py,396,16605
pytest,testing/test_pastebin.py,Python,.py,212,7317
pytest,testing/test_pathlib.py,Python,.py,1791,65939
pytest,testing/test_pluginmanager.py,Python,.py,580,21581
pytest,testing/test_pytester.py,Python,.py,864,29067
pytest,testing/test_python_path.py,Python,.py,130,4195
pytest,testing/test_recwarn.py,Python,.py,655,25350
pytest,testing/test_reports.py,Python,.py,584,23224
pytest,testing/test_runner.py,Python,.py,1275,41561
pytest,testing/test_runner_xunit.py,Python,.py,297,8154
pytest,testing/test_scope.py,Python,.py,41,1423
pytest,testing/test_session.py,Python,.py,485,16020
pytest,testing/test_setuponly.py,Python,.py,321,8546
pytest,testing/test_setupplan.py,Python,.py,122,3656
pytest,testing/test_skipping.py,Python,.py,1569,47170
pytest,testing/test_stash.py,Python,.py,69,1945
pytest,testing/test_stepwise.py,Python,.py,545,16995
pytest,testing/test_subtests.py,Python,.py,1075,35923
pytest,testing/test_terminal.py,Python,.py,3578,122566
pytest,testing/test_threadexception.py,Python,.py,255,7437
pytest,testing/test_tmpdir.py,Python,.py,901,30851
pytest,testing/test_unittest.py,Python,.py,1743,53121
pytest,testing/test_unraisableexception.py,Python,.py,529,17216
pytest,testing/test_warnings.py,Python,.py,1155,39774
pytest,testing/test_warning_types.py,Python,.py,50,1558
pytest,testing/typing_checks.py,Python,.py,80,2005
pytest,testing/typing_raises_group.py,Python,.py,240,8604
pytest,testing/code/test_code.py,Python,.py,227,6260
pytest,testing/code/test_excinfo.py,Python,.py,2268,79483
pytest,testing/code/test_source.py,Python,.py,726,19047
pytest,testing/examples/test_issue519.py,Python,.py,9,248
pytest,testing/example_scripts/issue_519.py,Python,.py,54,1510
pytest,testing/example_scripts/__init__.py,Python,.py,0,0
pytest,testing/freeze/create_executable.py,Python,.py,16,479
pytest,testing/freeze/runtests_script.py,Python,.py,14,244
pytest,testing/freeze/tox_run.py,Python,.py,17,441
pytest,testing/io/test_pprint.py,Python,.py,711,21717
pytest,testing/io/test_saferepr.py,Python,.py,231,6362
pytest,testing/io/test_terminalwriter.py,Python,.py,325,10200
pytest,testing/io/test_wcwidth.py,Python,.py,40,901
pytest,testing/logging/test_fixture.py,Python,.py,544,18871
pytest,testing/logging/test_formatter.py,Python,.py,187,5594
pytest,testing/logging/test_reporting.py,Python,.py,1581,50158
pytest,testing/plugins_integration/bdd_wallet.py,Python,.py,42,723
pytest,testing/plugins_integration/django_settings.py,Python,.py,4,65
pytest,testing/plugins_integration/pytest_anyio_integration.py,Python,.py,11,172
pytest,testing/plugins_integration/pytest_asyncio_integration.py,Python,.py,11,178
pytest,testing/plugins_integration/pytest_mock_integration.py,Python,.py,6,118
pytest,testing/plugins_integration/pytest_rerunfailures_integration.py,Python,.py,13,317
pytest,testing/plugins_integration/pytest_trio_integration.py,Python,.py,11,169
pytest,testing/plugins_integration/pytest_twisted_integration.py,Python,.py,21,437
pytest,testing/plugins_integration/simple_integration.py,Python,.py,13,199
pytest,testing/python/approx.py,Python,.py,1548,58327
pytest,testing/python/collect.py,Python,.py,1751,58168
pytest,testing/python/fixtures.py,Python,.py,6224,199685
pytest,testing/python/integration.py,Python,.py,465,14541
pytest,testing/python/metafunc.py,Python,.py,2523,87423
pytest,testing/python/raises.py,Python,.py,515,19765
pytest,testing/python/raises_group.py,Python,.py,1370,57265
pytest,testing/python/show_fixtures_per_test.py,Python,.py,328,9957
pytest,testing/_py/test_local.py,Python,.py,1580,54212
pytest,testing/freeze/tests/test_trivial.py,Python,.py,10,180
pytest,testing/example_scripts/acceptance/fixture_mock_integration.py,Python,.py,21,380
pytest,testing/example_scripts/conftest_usageerror/conftest.py,Python,.py,12,235
pytest,testing/example_scripts/customdirectory/conftest.py,Python,.py,25,718
pytest,testing/example_scripts/dataclasses/test_compare_dataclasses.py,Python,.py,16,355
pytest,testing/example_scripts/dataclasses/test_compare_dataclasses_field_comparison_off.py,Python,.py,16,398
pytest,testing/example_scripts/dataclasses/test_compare_dataclasses_verbose.py,Python,.py,16,363
pytest,testing/example_scripts/dataclasses/test_compare_dataclasses_with_custom_eq.py,Python,.py,19,444
pytest,testing/example_scripts/dataclasses/test_compare_initvar.py,Python,.py,15,275
pytest,testing/example_scripts/dataclasses/test_compare_recursive_dataclasses.py,Python,.py,47,661
pytest,testing/example_scripts/dataclasses/test_compare_two_different_dataclasses.py,Python,.py,21,539
pytest,testing/example_scripts/fixtures/test_fixture_named_request.py,Python,.py,13,155
pytest,testing/example_scripts/fixtures/test_getfixturevalue_dynamic.py,Python,.py,23,344
pytest,testing/example_scripts/issue88_initial_file_multinodes/conftest.py,Python,.py,18,405
pytest,testing/example_scripts/issue88_initial_file_multinodes/test_hello.py,Python,.py,6,97
pytest,testing/example_scripts/tmpdir/tmp_path_fixture.py,Python,.py,10,236
pytest,testing/example_scripts/unittest/test_parametrized_fixture_error_message.py,Python,.py,17,302
pytest,testing/example_scripts/unittest/test_setup_skip.py,Python,.py,17,360
pytest,testing/example_scripts/unittest/test_setup_skip_class.py,Python,.py,18,387
pytest,testing/example_scripts/unittest/test_setup_skip_module.py,Python,.py,16,313
pytest,testing/example_scripts/unittest/test_unittest_asyncio.py,Python,.py,27,657
pytest,testing/example_scripts/unittest/test_unittest_asynctest.py,Python,.py,26,496
pytest,testing/example_scripts/unittest/test_unittest_plain_async.py,Python,.py,9,172
pytest,testing/example_scripts/warnings/test_group_warnings_by_message.py,Python,.py,24,357
pytest,testing/example_scripts/warnings/test_group_warnings_by_message_summary/test_1.py,Python,.py,24,359
pytest,testing/example_scripts/warnings/test_group_warnings_by_message_summary/test_2.py,Python,.py,8,127
pytest,testing/example_scripts/perf_examples/collect_stats/generate_folders.py,Python,.py,31,950
pytest,testing/example_scripts/perf_examples/collect_stats/template_test.py,Python,.py,6,93
pytest,testing/example_scripts/marks/marks_considered_keywords/conftest.py,Python,.py,0,0
pytest,testing/example_scripts/marks/marks_considered_keywords/test_marks_as_keywords.py,Python,.py,9,131
pytest,testing/example_scripts/fixtures/custom_item/conftest.py,Python,.py,18,393
pytest,testing/example_scripts/fixtures/fill_fixtures/test_detect_recursive_dependency_error.py,Python,.py,18,216
pytest,testing/example_scripts/fixtures/fill_fixtures/test_extend_fixture_module_class.py,Python,.py,18,297
pytest,testing/example_scripts/fixtures/fill_fixtures/test_funcarg_basic.py,Python,.py,18,260
pytest,testing/example_scripts/fixtures/fill_fixtures/test_funcarg_lookupfails.py,Python,.py,13,181
pytest,testing/example_scripts/fixtures/fill_fixtures/test_funcarg_lookup_classlevel.py,Python,.py,13,267
pytest,testing/example_scripts/fixtures/fill_fixtures/test_funcarg_lookup_modulelevel.py,Python,.py,18,337
pytest,testing/example_scripts/fixtures/fill_fixtures/test_extend_fixture_conftest_conftest/conftest.py,Python,.py,9,134
pytest,testing/example_scripts/fixtures/fill_fixtures/test_extend_fixture_conftest_module/conftest.py,Python,.py,9,134
pytest,testing/example_scripts/fixtures/fill_fixtures/test_extend_fixture_conftest_module/test_extend_fixture_conftest_module.py,Python,.py,13,197
pytest,testing/example_scripts/fixtures/fill_fixtures/test_extend_fixture_conftest_conftest/pkg/conftest.py,Python,.py,9,140
pytest,testing/example_scripts/fixtures/fill_fixtures/test_extend_fixture_conftest_conftest/pkg/test_spam.py,Python,.py,6,121
pytest,testing/example_scripts/fixtures/fill_fixtures/test_extend_fixture_conftest_conftest/pkg/__init__.py,Python,.py,0,0
pytest,testing/example_scripts/fixtures/fill_fixtures/test_conftest_funcargs_only_available_in_subdir/sub1/conftest.py,Python,.py,10,215
pytest,testing/example_scripts/fixtures/fill_fixtures/test_conftest_funcargs_only_available_in_subdir/sub1/test_in_sub1.py,Python,.py,6,97
pytest,testing/example_scripts/fixtures/fill_fixtures/test_conftest_funcargs_only_available_in_subdir/sub1/__init__.py,Python,.py,0,0
pytest,testing/example_scripts/fixtures/fill_fixtures/test_conftest_funcargs_only_available_in_subdir/sub2/conftest.py,Python,.py,11,257
pytest,testing/example_scripts/fixtures/fill_fixtures/test_conftest_funcargs_only_available_in_subdir/sub2/test_in_sub2.py,Python,.py,6,97
pytest,testing/example_scripts/fixtures/fill_fixtures/test_conftest_funcargs_only_available_in_subdir/sub2/__init__.py,Python,.py,0,0
pytest,testing/example_scripts/fixtures/custom_item/foo/test_foo.py,Python,.py,6,91
pytest,testing/example_scripts/fixtures/custom_item/foo/__init__.py,Python,.py,0,0
pytest,testing/example_scripts/doctest/main_py/test_normal_module.py,Python,.py,10,147
pytest,testing/example_scripts/doctest/main_py/__main__.py,Python,.py,6,114
pytest,testing/example_scripts/customdirectory/tests/test_first.py,Python,.py,7,121
pytest,testing/example_scripts/customdirectory/tests/test_second.py,Python,.py,7,122
pytest,testing/example_scripts/customdirectory/tests/test_third.py,Python,.py,7,121
pytest,testing/example_scripts/config/collect_pytest_prefix/conftest.py,Python,.py,5,75
pytest,testing/example_scripts/config/collect_pytest_prefix/test_foo.py,Python,.py,6,95
pytest,testing/example_scripts/collect/package_infinite_recursion/conftest.py,Python,.py,6,131
pytest,testing/example_scripts/collect/package_init_given_as_arg/pkg/test_foo.py,Python,.py,6,95
pytest,testing/example_scripts/collect/package_init_given_as_arg/pkg/__init__.py,Python,.py,6,96
pytest,testing/example_scripts/collect/package_infinite_recursion/tests/test_basic.py,Python,.py,6,91
pytest,testing/example_scripts/collect/package_infinite_recursion/tests/__init__.py,Python,.py,0,0
pytest,testing/example_scripts/collect/collect_init_tests/tests/test_foo.py,Python,.py,6,95
pytest,testing/example_scripts/collect/collect_init_tests/tests/__init__.py,Python,.py,6,96
pytest,src/pytest/__init__.py,Python,.py,190,5878
pytest,src/pytest/__main__.py,Python,.py,9,184
pytest,src/_pytest/approx.py,Python,.py,1016,40476
pytest,src/_pytest/cacheprovider.py,Python,.py,660,24234
pytest,src/_pytest/capture.py,Python,.py,1157,38709
pytest,src/_pytest/compat.py,Python,.py,329,10957
pytest,src/_pytest/debugging.py,Python,.py,404,14257
pytest,src/_pytest/deprecated.py,Python,.py,155,6406
pytest,src/_pytest/doctest.py,Python,.py,747,26677
pytest,src/_pytest/faulthandler.py,Python,.py,119,4369
pytest,src/_pytest/fixtures.py,Python,.py,2599,104808
pytest,src/_pytest/freeze_support.py,Python,.py,45,1345
pytest,src/_pytest/helpconfig.py,Python,.py,294,10382
pytest,src/_pytest/hookspec.py,Python,.py,1298,43398
pytest,src/_pytest/junitxml.py,Python,.py,707,26769
pytest,src/_pytest/legacypath.py,Python,.py,471,17304
pytest,src/_pytest/logging.py,Python,.py,978,37206
pytest,src/_pytest/main.py,Python,.py,1239,45293
pytest,src/_pytest/monkeypatch.py,Python,.py,430,15940
pytest,src/_pytest/nodes.py,Python,.py,771,27356
pytest,src/_pytest/outcomes.py,Python,.py,286,9085
pytest,src/_pytest/pastebin.py,Python,.py,121,4402
pytest,src/_pytest/pathlib.py,Python,.py,1105,40555
pytest,src/_pytest/pytester.py,Python,.py,1815,65293
pytest,src/_pytest/pytester_assertions.py,Python,.py,74,2327
pytest,src/_pytest/python.py,Python,.py,1842,73020
pytest,src/_pytest/raises.py,Python,.py,1507,61309
pytest,src/_pytest/recwarn.py,Python,.py,378,14208
pytest,src/_pytest/reports.py,Python,.py,694,23924
pytest,src/_pytest/runner.py,Python,.py,593,20939
pytest,src/_pytest/scope.py,Python,.py,91,2827
pytest,src/_pytest/setuponly.py,Python,.py,98,3265
pytest,src/_pytest/setupplan.py,Python,.py,39,1223
pytest,src/_pytest/skipping.py,Python,.py,321,11171
pytest,src/_pytest/stash.py,Python,.py,116,3206
pytest,src/_pytest/stepwise.py,Python,.py,209,7898
pytest,src/_pytest/subtests.py,Python,.py,418,13925
pytest,src/_pytest/terminal.py,Python,.py,1805,68195
pytest,src/_pytest/terminalprogress.py,Python,.py,30,1183
pytest,src/_pytest/threadexception.py,Python,.py,148,5040
pytest,src/_pytest/timing.py,Python,.py,97,3293
pytest,src/_pytest/tmpdir.py,Python,.py,346,13408
pytest,src/_pytest/tracemalloc.py,Python,.py,24,802
pytest,src/_pytest/unittest.py,Python,.py,651,25751
pytest,src/_pytest/unraisableexception.py,Python,.py,184,6668
pytest,src/_pytest/warnings.py,Python,.py,122,4007
pytest,src/_pytest/warning_types.py,Python,.py,166,4407
pytest,src/_pytest/_argcomplete.py,Python,.py,117,3893
pytest,src/_pytest/__init__.py,Python,.py,13,404
pytest,src/_pytest/assertion/compare_text.py,Python,.py,134,4676
pytest,src/_pytest/assertion/highlight.py,Python,.py,11,338
pytest,src/_pytest/assertion/rewrite.py,Python,.py,1185,48990
pytest,src/_pytest/assertion/truncate.py,Python,.py,159,6323
pytest,src/_pytest/assertion/util.py,Python,.py,191,7201
pytest,src/_pytest/assertion/_compare_any.py,Python,.py,139,5389
pytest,src/_pytest/assertion/_compare_mapping.py,Python,.py,72,2798
pytest,src/_pytest/assertion/_compare_sequence.py,Python,.py,96,3692
pytest,src/_pytest/assertion/_compare_set.py,Python,.py,101,2768
pytest,src/_pytest/assertion/_guards.py,Python,.py,61,2015
pytest,src/_pytest/assertion/_typing.py,Python,.py,35,1188
pytest,src/_pytest/assertion/__init__.py,Python,.py,258,9601
pytest,src/_pytest/config/argparsing.py,Python,.py,615,23347
pytest,src/_pytest/config/exceptions.py,Python,.py,15,330
pytest,src/_pytest/config/findpaths.py,Python,.py,507,18729
pytest,src/_pytest/config/__init__.py,Python,.py,2453,92440
pytest,src/_pytest/mark/expression.py,Python,.py,363,12049
pytest,src/_pytest/mark/structures.py,Python,.py,695,25205
pytest,src/_pytest/mark/__init__.py,Python,.py,323,10865
pytest,src/_pytest/_code/code.py,Python,.py,1681,62560
pytest,src/_pytest/_code/source.py,Python,.py,262,9549
pytest,src/_pytest/_code/__init__.py,Python,.py,26,547
pytest,src/_pytest/_io/pprint.py,Python,.py,698,22107
pytest,src/_pytest/_io/saferepr.py,Python,.py,155,5075
pytest,src/_pytest/_io/terminalwriter.py,Python,.py,258,9252
pytest,src/_pytest/_io/wcwidth.py,Python,.py,57,1346
pytest,src/_pytest/_io/__init__.py,Python,.py,10,200
pytest,src/_pytest/_py/error.py,Python,.py,119,3594
pytest,src/_pytest/_py/path.py,Python,.py,1475,50704
pytest,src/_pytest/_py/__init__.py,Python,.py,0,0
pytest,doc/en/conf.py,Python,.py,329,11910
pytest,doc/en/conftest.py,Python,.py,4,70
pytest,doc/en/example/conftest.py,Python,.py,4,91
pytest,doc/en/example/multipython.py,Python,.py,70,2028
pytest,doc/en/example/pythoncollection.py,Python,.py,15,251
pytest,doc/en/example/xfail_demo.py,Python,.py,41,526
pytest,doc/en/example/assertion/failure_demo.py,Python,.py,283,6004
pytest,doc/en/example/assertion/test_failures.py,Python,.py,16,480
pytest,doc/en/example/assertion/test_setup_flow_example.py,Python,.py,47,1336
pytest,doc/en/example/customdirectory/conftest.py,Python,.py,30,1101
pytest,doc/en/example/fixtures/test_fixtures_order_autouse.py,Python,.py,47,645
pytest,doc/en/example/fixtures/test_fixtures_order_autouse_multiple_scopes.py,Python,.py,33,593
pytest,doc/en/example/fixtures/test_fixtures_order_autouse_temp_effects.py,Python,.py,38,677
pytest,doc/en/example/fixtures/test_fixtures_order_dependencies.py,Python,.py,47,631
pytest,doc/en/example/fixtures/test_fixtures_order_scope.py,Python,.py,38,684
pytest,doc/en/example/fixtures/test_fixtures_request_different_scope.py,Python,.py,31,545
pytest,doc/en/example/nonpython/conftest.py,Python,.py,50,1599
pytest,doc/en/example/nonpython/__init__.py,Python,.py,0,0
pytest,doc/en/example/customdirectory/tests/test_first.py,Python,.py,6,93
pytest,doc/en/example/customdirectory/tests/test_second.py,Python,.py,6,94
pytest,doc/en/example/customdirectory/tests/test_third.py,Python,.py,6,93
pytest,doc/en/example/assertion/global_testmodule_config/conftest.py,Python,.py,17,383
pytest,doc/en/example/assertion/global_testmodule_config/test_hello_world.py,Python,.py,8,89
fastapi,fastapi/applications.py,Python,.py,4774,188614
fastapi,fastapi/background.py,Python,.py,61,1881
fastapi,fastapi/cli.py,Python,.py,13,467
fastapi,fastapi/concurrency.py,Python,.py,41,1530
fastapi,fastapi/datastructures.py,Python,.py,186,5507
fastapi,fastapi/encoders.py,Python,.py,366,12079
fastapi,fastapi/exceptions.py,Python,.py,256,7709
fastapi,fastapi/exception_handlers.py,Python,.py,34,1309
fastapi,fastapi/logger.py,Python,.py,3,57
fastapi,fastapi/params.py,Python,.py,754,26959
fastapi,fastapi/param_functions.py,Python,.py,2460,72056
fastapi,fastapi/requests.py,Python,.py,2,144
fastapi,fastapi/responses.py,Python,.py,98,4242
fastapi,fastapi/routing.py,Python,.py,6447,262079
fastapi,fastapi/sse.py,Python,.py,241,7324
fastapi,fastapi/staticfiles.py,Python,.py,1,70
fastapi,fastapi/templating.py,Python,.py,1,77
fastapi,fastapi/testclient.py,Python,.py,1,67
fastapi,fastapi/types.py,Python,.py,12,450
fastapi,fastapi/utils.py,Python,.py,136,4477
fastapi,fastapi/websockets.py,Python,.py,3,225
fastapi,fastapi/__init__.py,Python,.py,25,1106
fastapi,fastapi/__main__.py,Python,.py,3,40
fastapi,scripts/add_latest_release_date.py,Python,.py,40,1063
fastapi,scripts/deploy_docs_status.py,Python,.py,149,4701
fastapi,scripts/docs.py,Python,.py,919,33323
fastapi,scripts/doc_parsing_utils.py,Python,.py,733,24854
fastapi,scripts/label_approved.py,Python,.py,60,2305
fastapi,scripts/notify_translations.py,Python,.py,433,13394
fastapi,scripts/prepare_release.py,Python,.py,216,6883
fastapi,scripts/sponsors.py,Python,.py,222,6467
fastapi,scripts/topic_repos.py,Python,.py,81,2885
fastapi,scripts/translate.py,Python,.py,486,17425
fastapi,scripts/translation_fixer.py,Python,.py,133,3444
fastapi,scripts/translation_git.py,Python,.py,47,1361
fastapi,tests/forward_reference_type.py,Python,.py,9,205
fastapi,tests/main.py,Python,.py,208,4766
fastapi,tests/test_additional_properties.py,Python,.py,114,4352
fastapi,tests/test_additional_properties_bool.py,Python,.py,125,4476
fastapi,tests/test_additional_responses_bad.py,Python,.py,40,1157
fastapi,tests/test_additional_responses_custom_model_in_callback.py,Python,.py,147,6175
fastapi,tests/test_additional_responses_custom_validationerror.py,Python,.py,100,3353
fastapi,tests/test_additional_responses_default_validationerror.py,Python,.py,91,3500
fastapi,tests/test_additional_responses_response_class.py,Python,.py,117,4004
fastapi,tests/test_additional_responses_router.py,Python,.py,182,5886
fastapi,tests/test_additional_responses_union_duplicate_anyof.py,Python,.py,124,4529
fastapi,tests/test_additional_response_extra.py,Python,.py,52,1388
fastapi,tests/test_allow_inf_nan_in_enforcing.py,Python,.py,84,1907
fastapi,tests/test_ambiguous_params.py,Python,.py,74,2146
fastapi,tests/test_annotated.py,Python,.py,298,11023
fastapi,tests/test_application.py,Python,.py,1285,59581
fastapi,tests/test_arbitrary_types.py,Python,.py,135,4021
fastapi,tests/test_callable_endpoint.py,Python,.py,24,450
fastapi,tests/test_compat.py,Python,.py,140,4721
fastapi,tests/test_computed_fields.py,Python,.py,108,3960
fastapi,tests/test_custom_middleware_exception.py,Python,.py,96,3044
fastapi,tests/test_custom_route_class.py,Python,.py,116,3283
fastapi,tests/test_custom_schema_fields.py,Python,.py,62,1387
fastapi,tests/test_custom_swagger_ui_redirect.py,Python,.py,38,1129
fastapi,tests/test_datastructures.py,Python,.py,66,1992
fastapi,tests/test_datetime_custom_encoder.py,Python,.py,28,845
fastapi,tests/test_default_response_class.py,Python,.py,222,5709
fastapi,tests/test_default_response_class_router.py,Python,.py,206,5323
fastapi,tests/test_dependencies_utils.py,Python,.py,8,249
fastapi,tests/test_dependency_after_yield_raise.py,Python,.py,68,1842
fastapi,tests/test_dependency_after_yield_streaming.py,Python,.py,130,3442
fastapi,tests/test_dependency_after_yield_websockets.py,Python,.py,79,2084
fastapi,tests/test_dependency_cache.py,Python,.py,91,2878
fastapi,tests/test_dependency_class.py,Python,.py,154,4620
fastapi,tests/test_dependency_contextmanager.py,Python,.py,399,12162
fastapi,tests/test_dependency_contextvars.py,Python,.py,52,1620
fastapi,tests/test_dependency_duplicates.py,Python,.py,237,9230
fastapi,tests/test_dependency_models.py,Python,.py,204,6363
fastapi,tests/test_dependency_overrides.py,Python,.py,389,11846
fastapi,tests/test_dependency_paramless.py,Python,.py,77,2447
fastapi,tests/test_dependency_partial.py,Python,.py,251,6744
fastapi,tests/test_dependency_pep695.py,Python,.py,27,655
fastapi,tests/test_dependency_security_overrides.py,Python,.py,63,1494
fastapi,tests/test_dependency_wrapped.py,Python,.py,449,11936
fastapi,tests/test_dependency_yield_except_httpexception.py,Python,.py,72,2033
fastapi,tests/test_dependency_yield_scope.py,Python,.py,245,7082
fastapi,tests/test_dependency_yield_scope_websockets.py,Python,.py,200,6377
fastapi,tests/test_depends_hashable.py,Python,.py,25,621
fastapi,tests/test_deprecated_openapi_prefix.py,Python,.py,45,1371
fastapi,tests/test_deprecated_responses.py,Python,.py,79,2367
fastapi,tests/test_dump_json_fast_path.py,Python,.py,51,1527
fastapi,tests/test_duplicate_models_openapi.py,Python,.py,84,2554
fastapi,tests/test_empty_router.py,Python,.py,36,841
fastapi,tests/test_enforce_once_required_parameter.py,Python,.py,115,4269
fastapi,tests/test_exception_handlers.py,Python,.py,88,2592
fastapi,tests/test_extra_routes.py,Python,.py,370,15441
fastapi,tests/test_fastapi_cli.py,Python,.py,34,900
fastapi,tests/test_file_and_form_order_issue_9116.py,Python,.py,89,2393
fastapi,tests/test_filter_pydantic_sub_model_pv2.py,Python,.py,182,7031
fastapi,tests/test_forms_from_non_typing_sequences.py,Python,.py,46,1248
fastapi,tests/test_forms_single_model.py,Python,.py,141,3593
fastapi,tests/test_forms_single_param.py,Python,.py,109,4301
fastapi,tests/test_form_default.py,Python,.py,34,863
fastapi,tests/test_frontend.py,Python,.py,1406,43866
fastapi,tests/test_generate_unique_id_function.py,Python,.py,1699,78459
fastapi,tests/test_generic_parameterless_depends.py,Python,.py,79,2102
fastapi,tests/test_get_model_definitions_formfeed_escape.py,Python,.py,160,6263
fastapi,tests/test_get_request_body.py,Python,.py,114,4425
fastapi,tests/test_http_connection_injection.py,Python,.py,39,1011
fastapi,tests/test_include_route.py,Python,.py,22,518
fastapi,tests/test_include_router_defaults_overrides.py,Python,.py,7304,402167
fastapi,tests/test_infer_param_optionality.py,Python,.py,337,13852
fastapi,tests/test_inherited_custom_class.py,Python,.py,67,1864
fastapi,tests/test_invalid_path_param.py,Python,.py,75,1741
fastapi,tests/test_invalid_sequence_param.py,Python,.py,63,1608
fastapi,tests/test_jsonable_encoder.py,Python,.py,345,10929
fastapi,tests/test_json_type.py,Python,.py,63,1757
fastapi,tests/test_list_bytes_file_order_preserved_issue_14811.py,Python,.py,46,1457
fastapi,tests/test_local_docs.py,Python,.py,67,2615
fastapi,tests/test_multipart_installation.py,Python,.py,149,5958
fastapi,tests/test_multi_body_errors.py,Python,.py,191,7066
fastapi,tests/test_multi_query_errors.py,Python,.py,122,4626
fastapi,tests/test_nested_annotated_in_sequence.py,Python,.py,143,5318
fastapi,tests/test_no_schema_split.py,Python,.py,176,6829
fastapi,tests/test_no_swagger_ui_redirect.py,Python,.py,31,817
fastapi,tests/test_openapi_cache_root_path.py,Python,.py,75,2423
fastapi,tests/test_openapi_examples.py,Python,.py,422,17171
fastapi,tests/test_openapi_model_description_trim_on_formfeed.py,Python,.py,31,691
fastapi,tests/test_openapi_query_parameter_extension.py,Python,.py,131,5032
fastapi,tests/test_openapi_route_extensions.py,Python,.py,45,1318
fastapi,tests/test_openapi_schema_type.py,Python,.py,24,746
fastapi,tests/test_openapi_separate_input_output_schemas.py,Python,.py,676,29170
fastapi,tests/test_openapi_servers.py,Python,.py,60,1819
fastapi,tests/test_operations_signatures.py,Python,.py,22,956
fastapi,tests/test_optional_file_list.py,Python,.py,28,817
fastapi,tests/test_orjson_response_class.py,Python,.py,32,976
fastapi,tests/test_params_repr.py,Python,.py,114,2435
fastapi,tests/test_param_class.py,Python,.py,25,629
fastapi,tests/test_param_include_in_schema.py,Python,.py,246,9094
fastapi,tests/test_param_in_path_and_dependency.py,Python,.py,99,3747
fastapi,tests/test_path.py,Python,.py,780,21783
fastapi,tests/test_prepare_release.py,Python,.py,307,7707
fastapi,tests/test_put_no_body.py,Python,.py,103,3992
fastapi,tests/test_pydanticv2_dataclasses_uuid_stringified_annotations.py,Python,.py,51,1182
fastapi,tests/test_pydantic_v1_error.py,Python,.py,96,2443
fastapi,tests/test_query.py,Python,.py,277,7825
fastapi,tests/test_query_cookie_header_model_extra_params.py,Python,.py,140,3422
fastapi,tests/test_read_with_orm_mode.py,Python,.py,43,1258
fastapi,tests/test_regex_deprecated_body.py,Python,.py,154,5644
fastapi,tests/test_regex_deprecated_params.py,Python,.py,146,5355
fastapi,tests/test_repeated_cookie_headers.py,Python,.py,34,826
fastapi,tests/test_repeated_dependency_schema.py,Python,.py,109,4184
fastapi,tests/test_repeated_parameter_alias.py,Python,.py,106,4368
fastapi,tests/test_request_body_parameters_media_type.py,Python,.py,184,7528
fastapi,tests/test_request_param_model_by_alias.py,Python,.py,72,2254
fastapi,tests/test_required_noneable.py,Python,.py,60,1546
fastapi,tests/test_response_by_alias.py,Python,.py,330,12275
fastapi,tests/test_response_change_status_code.py,Python,.py,26,615
fastapi,tests/test_response_class_no_mediatype.py,Python,.py,114,3844
fastapi,tests/test_response_code_no_body.py,Python,.py,115,3717
fastapi,tests/test_response_dependency.py,Python,.py,173,5479
fastapi,tests/test_response_model_as_return_annotation.py,Python,.py,1121,53090
fastapi,tests/test_response_model_data_filter.py,Python,.py,79,1780
fastapi,tests/test_response_model_data_filter_no_inheritance.py,Python,.py,81,1802
fastapi,tests/test_response_model_default_factory.py,Python,.py,47,1311
fastapi,tests/test_response_model_include_exclude.py,Python,.py,175,4293
fastapi,tests/test_response_model_invalid.py,Python,.py,43,1142
fastapi,tests/test_response_model_sub_types.py,Python,.py,161,6094
fastapi,tests/test_response_set_response_code_empty.py,Python,.py,104,3827
fastapi,tests/test_return_none_stringified_annotations.py,Python,.py,17,448
fastapi,tests/test_router_circular_import.py,Python,.py,12,329
fastapi,tests/test_router_events.py,Python,.py,378,12665
fastapi,tests/test_router_include_context.py,Python,.py,1075,33235
fastapi,tests/test_router_prefix_with_template.py,Python,.py,23,507
fastapi,tests/test_router_redirect_slashes.py,Python,.py,40,1014
fastapi,tests/test_route_scope.py,Python,.py,50,1580
fastapi,tests/test_schema_compat_pydantic_v2.py,Python,.py,121,4401
fastapi,tests/test_schema_extra_examples.py,Python,.py,857,36389
fastapi,tests/test_schema_ref_pydantic_v2.py,Python,.py,68,2232
fastapi,tests/test_security_api_key_cookie.py,Python,.py,70,2227
fastapi,tests/test_security_api_key_cookie_description.py,Python,.py,75,2420
fastapi,tests/test_security_api_key_cookie_optional.py,Python,.py,74,2341
fastapi,tests/test_security_api_key_header.py,Python,.py,70,2167
fastapi,tests/test_security_api_key_header_description.py,Python,.py,75,2360
fastapi,tests/test_security_api_key_header_optional.py,Python,.py,73,2273
fastapi,tests/test_security_api_key_query.py,Python,.py,70,2146
fastapi,tests/test_security_api_key_query_description.py,Python,.py,75,2331
fastapi,tests/test_security_api_key_query_optional.py,Python,.py,73,2252
fastapi,tests/test_security_http_base.py,Python,.py,64,2318
fastapi,tests/test_security_http_base_description.py,Python,.py,64,2265
fastapi,tests/test_security_http_base_optional.py,Python,.py,61,2106
fastapi,tests/test_security_http_basic_optional.py,Python,.py,79,2830
fastapi,tests/test_security_http_basic_realm.py,Python,.py,78,2843
fastapi,tests/test_security_http_basic_realm_description.py,Python,.py,84,3049
fastapi,tests/test_security_http_bearer.py,Python,.py,65,2378
fastapi,tests/test_security_http_bearer_description.py,Python,.py,71,2598
fastapi,tests/test_security_http_bearer_optional.py,Python,.py,67,2374
fastapi,tests/test_security_http_digest.py,Python,.py,67,2405
fastapi,tests/test_security_http_digest_description.py,Python,.py,73,2611
fastapi,tests/test_security_http_digest_optional.py,Python,.py,69,2401
fastapi,tests/test_security_oauth2.py,Python,.py,280,10322
fastapi,tests/test_security_oauth2_authorization_code_bearer.py,Python,.py,82,2806
fastapi,tests/test_security_oauth2_authorization_code_bearer_description.py,Python,.py,80,2683
fastapi,tests/test_security_oauth2_authorization_code_bearer_scopes_openapi.py,Python,.py,197,6956
fastapi,tests/test_security_oauth2_authorization_code_bearer_scopes_openapi_simple.py,Python,.py,80,2738
fastapi,tests/test_security_oauth2_optional.py,Python,.py,281,10269
fastapi,tests/test_security_oauth2_optional_description.py,Python,.py,283,10415
fastapi,tests/test_security_oauth2_password_bearer_optional.py,Python,.py,70,2350
fastapi,tests/test_security_oauth2_password_bearer_optional_description.py,Python,.py,75,2501
fastapi,tests/test_security_openid_connect.py,Python,.py,79,2594
fastapi,tests/test_security_openid_connect_description.py,Python,.py,82,2720
fastapi,tests/test_security_openid_connect_optional.py,Python,.py,82,2700
fastapi,tests/test_security_scopes.py,Python,.py,45,1051
fastapi,tests/test_security_scopes_dont_propagate.py,Python,.py,44,1017
fastapi,tests/test_security_scopes_sub_dependency.py,Python,.py,107,3063
fastapi,tests/test_serialize_response.py,Python,.py,55,1428
fastapi,tests/test_serialize_response_dataclass.py,Python,.py,193,5151
fastapi,tests/test_serialize_response_model.py,Python,.py,152,4381
fastapi,tests/test_skip_defaults.py,Python,.py,125,3161
fastapi,tests/test_sse.py,Python,.py,490,16023
fastapi,tests/test_starlette_exception.py,Python,.py,209,8502
fastapi,tests/test_starlette_urlconvertors.py,Python,.py,63,1741
fastapi,tests/test_stream_bare_type.py,Python,.py,74,2202
fastapi,tests/test_stream_cancellation.py,Python,.py,89,2840
fastapi,tests/test_stream_json_validation_error.py,Python,.py,40,1031
fastapi,tests/test_stream_status_code.py,Python,.py,452,20222
fastapi,tests/test_strict_content_type_app_level.py,Python,.py,44,1197
fastapi,tests/test_strict_content_type_nested.py,Python,.py,91,2867
fastapi,tests/test_strict_content_type_router_level.py,Python,.py,61,1781
fastapi,tests/test_stringified_annotations_simple.py,Python,.py,27,572
fastapi,tests/test_stringified_annotation_dependency.py,Python,.py,79,2349
fastapi,tests/test_stringified_annotation_dependency_py314.py,Python,.py,30,741
fastapi,tests/test_sub_callbacks.py,Python,.py,306,14904
fastapi,tests/test_swagger_ui_escape.py,Python,.py,37,1204
fastapi,tests/test_swagger_ui_init_oauth.py,Python,.py,28,746
fastapi,tests/test_top_level_security_scheme_in_openapi.py,Python,.py,60,1962
fastapi,tests/test_translate.py,Python,.py,63,2158
fastapi,tests/test_tuples.py,Python,.py,276,11306
fastapi,tests/test_typing_python39.py,Python,.py,24,733
fastapi,tests/test_union_body.py,Python,.py,134,5156
fastapi,tests/test_union_body_discriminator.py,Python,.py,204,9168
fastapi,tests/test_union_body_discriminator_annotated.py,Python,.py,203,8246
fastapi,tests/test_union_forms.py,Python,.py,163,6156
fastapi,tests/test_union_inherited_body.py,Python,.py,142,5569
fastapi,tests/test_validate_response.py,Python,.py,82,2059
fastapi,tests/test_validate_response_dataclass.py,Python,.py,51,1218
fastapi,tests/test_validation_error_context.py,Python,.py,168,4977
fastapi,tests/test_webhooks_security.py,Python,.py,137,5528
fastapi,tests/test_wrapped_method_forward_reference.py,Python,.py,31,1028
fastapi,tests/test_ws_dependencies.py,Python,.py,72,2236
fastapi,tests/test_ws_router.py,Python,.py,271,7922
fastapi,tests/utils.py,Python,.py,29,745
fastapi,tests/__init__.py,Python,.py,0,0
fastapi,tests/benchmarks/test_general_performance.py,Python,.py,399,11792
fastapi,tests/benchmarks/test_openapi.py,Python,.py,33,886
fastapi,tests/benchmarks/utils.py,Python,.py,51,1498
fastapi,tests/benchmarks/__init__.py,Python,.py,0,0
fastapi,tests/memory_benchmarks/test_dependency_graph.py,Python,.py,86,2475
fastapi,tests/memory_benchmarks/test_openapi.py,Python,.py,33,886
fastapi,tests/memory_benchmarks/test_route_dependency_graph.py,Python,.py,64,1802
fastapi,tests/memory_benchmarks/__init__.py,Python,.py,0,0
fastapi,tests/test_modules_same_name_body/test_main.py,Python,.py,156,6522
fastapi,tests/test_modules_same_name_body/__init__.py,Python,.py,0,0
fastapi,tests/test_request_params/__init__.py,Python,.py,0,0
fastapi,tests/test_tutorial/__init__.py,Python,.py,0,0
fastapi,tests/test_validate_response_recursive/app.py,Python,.py,47,1198
fastapi,tests/test_validate_response_recursive/test_validate_response_recursive.py,Python,.py,30,866
fastapi,tests/test_validate_response_recursive/__init__.py,Python,.py,0,0
fastapi,tests/test_tutorial/test_additional_responses/test_tutorial001.py,Python,.py,127,5340
fastapi,tests/test_tutorial/test_additional_responses/test_tutorial002.py,Python,.py,140,5571
fastapi,tests/test_tutorial/test_additional_responses/test_tutorial003.py,Python,.py,131,5584
fastapi,tests/test_tutorial/test_additional_responses/test_tutorial004.py,Python,.py,143,5781
fastapi,tests/test_tutorial/test_additional_responses/__init__.py,Python,.py,0,0
fastapi,tests/test_tutorial/test_additional_status_codes/test_tutorial001.py,Python,.py,32,966
fastapi,tests/test_tutorial/test_additional_status_codes/__init__.py,Python,.py,0,0
fastapi,tests/test_tutorial/test_advanced_middleware/test_tutorial001.py,Python,.py,14,494
fastapi,tests/test_tutorial/test_advanced_middleware/test_tutorial002.py,Python,.py,15,591
fastapi,tests/test_tutorial/test_advanced_middleware/test_tutorial003.py,Python,.py,22,693
fastapi,tests/test_tutorial/test_advanced_middleware/__init__.py,Python,.py,0,0
fastapi,tests/test_tutorial/test_async_tests/test_main_a.py,Python,.py,8,163
fastapi,tests/test_tutorial/test_async_tests/__init__.py,Python,.py,0,0
fastapi,tests/test_tutorial/test_authentication_error_status_code/test_tutorial001.py,Python,.py,66,1997
fastapi,tests/test_tutorial/test_authentication_error_status_code/__init__.py,Python,.py,0,0
fastapi,tests/test_tutorial/test_background_tasks/test_tutorial001.py,Python,.py,21,656
fastapi,tests/test_tutorial/test_background_tasks/test_tutorial002.py,Python,.py,34,1002
fastapi,tests/test_tutorial/test_background_tasks/__init__.py,Python,.py,0,0
fastapi,tests/test_tutorial/test_behind_a_proxy/test_tutorial001.py,Python,.py,38,1230
fastapi,tests/test_tutorial/test_behind_a_proxy/test_tutorial001_01.py,Python,.py,21,566
fastapi,tests/test_tutorial/test_behind_a_proxy/test_tutorial002.py,Python,.py,38,1209
fastapi,tests/test_tutorial/test_behind_a_proxy/test_tutorial003.py,Python,.py,48,1560
fastapi,tests/test_tutorial/test_behind_a_proxy/test_tutorial004.py,Python,.py,47,1523
fastapi,tests/test_tutorial/test_behind_a_proxy/__init__.py,Python,.py,0,0
fastapi,tests/test_tutorial/test_bigger_applications/test_main.py,Python,.py,606,23935
fastapi,tests/test_tutorial/test_bigger_applications/__init__.py,Python,.py,0,0
fastapi,tests/test_tutorial/test_body/test_tutorial001.py,Python,.py,346,11679
fastapi,tests/test_tutorial/test_body/test_tutorial002.py,Python,.py,166,6111
fastapi,tests/test_tutorial/test_body/test_tutorial003.py,Python,.py,177,6453
fastapi,tests/test_tutorial/test_body/test_tutorial004.py,Python,.py,188,6943
fastapi,tests/test_tutorial/test_body/__init__.py,Python,.py,0,0
fastapi,tests/test_tutorial/test_body_fields/test_tutorial001.py,Python,.py,189,7284
fastapi,tests/test_tutorial/test_body_fields/__init__.py,Python,.py,0,0
fastapi,tests/test_tutorial/test_body_multiple_params/test_tutorial001.py,Python,.py,185,7270
fastapi,tests/test_tutorial/test_body_multiple_params/test_tutorial002.py,Python,.py,368,12428
fastapi,tests/test_tutorial/test_body_multiple_params/test_tutorial003.py,Python,.py,225,8473
fastapi,tests/test_tutorial/test_body_multiple_params/test_tutorial004.py,Python,.py,295,10501
fastapi,tests/test_tutorial/test_body_multiple_params/test_tutorial005.py,Python,.py,275,9381
fastapi,tests/test_tutorial/test_body_multiple_params/__init__.py,Python,.py,0,0
fastapi,tests/test_tutorial/test_body_nested_models/test_tutorial001_tutorial002_tutorial003.py,Python,.py,256,8992
fastapi,tests/test_tutorial/test_body_nested_models/test_tutorial004.py,Python,.py,281,10010
fastapi,tests/test_tutorial/test_body_nested_models/test_tutorial005.py,Python,.py,307,10868
fastapi,tests/test_tutorial/test_body_nested_models/test_tutorial006.py,Python,.py,275,9990
fastapi,tests/test_tutorial/test_body_nested_models/test_tutorial007.py,Python,.py,350,12262
fastapi,tests/test_tutorial/test_body_nested_models/test_tutorial008.py,Python,.py,164,6318
fastapi,tests/test_tutorial/test_body_nested_models/test_tutorial009.py,Python,.py,123,4730
fastapi,tests/test_tutorial/test_body_nested_models/__init__.py,Python,.py,0,0
fastapi,tests/test_tutorial/test_body_updates/test_tutorial001.py,Python,.py,192,7708
fastapi,tests/test_tutorial/test_body_updates/test_tutorial002.py,Python,.py,213,8198
fastapi,tests/test_tutorial/test_body_updates/__init__.py,Python,.py,0,0
fastapi,tests/test_tutorial/test_conditional_openapi/test_tutorial001.py,Python,.py,61,1914
fastapi,tests/test_tutorial/test_conditional_openapi/__init__.py,Python,.py,0,0
fastapi,tests/test_tutorial/test_configure_swagger_ui/test_tutorial001.py,Python,.py,41,1462
fastapi,tests/test_tutorial/test_configure_swagger_ui/test_tutorial002.py,Python,.py,44,1617
fastapi,tests/test_tutorial/test_configure_swagger_ui/test_tutorial003.py,Python,.py,44,1584
fastapi,tests/test_tutorial/test_configure_swagger_ui/__init__.py,Python,.py,0,0
fastapi,tests/test_tutorial/test_cookie_params/test_tutorial001.py,Python,.py,124,4743
fastapi,tests/test_tutorial/test_cookie_params/__init__.py,Python,.py,0,0
fastapi,tests/test_tutorial/test_cookie_param_models/test_tutorial001.py,Python,.py,171,6427
fastapi,tests/test_tutorial/test_cookie_param_models/test_tutorial002.py,Python,.py,181,6719
fastapi,tests/test_tutorial/test_cookie_param_models/__init__.py,Python,.py,0,0
fastapi,tests/test_tutorial/test_cors/test_tutorial001.py,Python,.py,37,1321
fastapi,tests/test_tutorial/test_cors/__init__.py,Python,.py,0,0
fastapi,tests/test_tutorial/test_custom_docs_ui/test_tutorial001.py,Python,.py,48,1479
fastapi,tests/test_tutorial/test_custom_docs_ui/test_tutorial002.py,Python,.py,48,1397
fastapi,tests/test_tutorial/test_custom_docs_ui/__init__.py,Python,.py,0,0
fastapi,tests/test_tutorial/test_custom_request_and_route/test_tutorial001.py,Python,.py,46,1324
fastapi,tests/test_tutorial/test_custom_request_and_route/test_tutorial002.py,Python,.py,44,1320
fastapi,tests/test_tutorial/test_custom_request_and_route/test_tutorial003.py,Python,.py,32,884
fastapi,tests/test_tutorial/test_custom_request_and_route/__init__.py,Python,.py,0,0
fastapi,tests/test_tutorial/test_custom_response/test_tutorial001.py,Python,.py,52,1674
fastapi,tests/test_tutorial/test_custom_response/test_tutorial001b.py,Python,.py,47,1594
fastapi,tests/test_tutorial/test_custom_response/test_tutorial002_tutorial003_tutorial004.py,Python,.py,71,2050
fastapi,tests/test_tutorial/test_custom_response/test_tutorial005.py,Python,.py,39,1224
fastapi,tests/test_tutorial/test_custom_response/test_tutorial006.py,Python,.py,37,1231
fastapi,tests/test_tutorial/test_custom_response/test_tutorial006b.py,Python,.py,32,1046
fastapi,tests/test_tutorial/test_custom_response/test_tutorial006c.py,Python,.py,32,1046
fastapi,tests/test_tutorial/test_custom_response/test_tutorial007.py,Python,.py,11,281
fastapi,tests/test_tutorial/test_custom_response/test_tutorial008.py,Python,.py,18,563
fastapi,tests/test_tutorial/test_custom_response/test_tutorial009.py,Python,.py,18,563
fastapi,tests/test_tutorial/test_custom_response/test_tutorial009b.py,Python,.py,18,566
fastapi,tests/test_tutorial/test_custom_response/test_tutorial009c.py,Python,.py,13,303
fastapi,tests/test_tutorial/test_custom_response/test_tutorial010.py,Python,.py,50,1587
fastapi,tests/test_tutorial/test_custom_response/__init__.py,Python,.py,0,0
fastapi,tests/test_tutorial/test_dataclasses/test_tutorial001.py,Python,.py,142,5449
fastapi,tests/test_tutorial/test_dataclasses/test_tutorial002.py,Python,.py,88,3049
fastapi,tests/test_tutorial/test_dataclasses/test_tutorial003.py,Python,.py,210,8338
fastapi,tests/test_tutorial/test_dataclasses/__init__.py,Python,.py,0,0
fastapi,tests/test_tutorial/test_debugging/test_tutorial001.py,Python,.py,65,1996
fastapi,tests/test_tutorial/test_debugging/__init__.py,Python,.py,0,0
fastapi,tests/test_tutorial/test_dependencies/test_tutorial001_tutorial001_02.py,Python,.py,192,8072
fastapi,tests/test_tutorial/test_dependencies/test_tutorial002_tutorial003_tutorial004.py,Python,.py,180,6657
fastapi,tests/test_tutorial/test_dependencies/test_tutorial005.py,Python,.py,144,5273
fastapi,tests/test_tutorial/test_dependencies/test_tutorial006.py,Python,.py,150,5586
fastapi,tests/test_tutorial/test_dependencies/test_tutorial007.py,Python,.py,24,668
fastapi,tests/test_tutorial/test_dependencies/test_tutorial008.py,Python,.py,64,1589
fastapi,tests/test_tutorial/test_dependencies/test_tutorial008b.py,Python,.py,36,1068
fastapi,tests/test_tutorial/test_dependencies/test_tutorial008c.py,Python,.py,47,1461
fastapi,tests/test_tutorial/test_dependencies/test_tutorial008d.py,Python,.py,48,1443
fastapi,tests/test_tutorial/test_dependencies/test_tutorial008e.py,Python,.py,24,600
fastapi,tests/test_tutorial/test_dependencies/test_tutorial010.py,Python,.py,29,719
fastapi,tests/test_tutorial/test_dependencies/test_tutorial011.py,Python,.py,127,4641
fastapi,tests/test_tutorial/test_dependencies/test_tutorial012.py,Python,.py,233,8832
fastapi,tests/test_tutorial/test_dependencies/__init__.py,Python,.py,0,0
fastapi,tests/test_tutorial/test_encoder/test_tutorial001.py,Python,.py,212,7745
fastapi,tests/test_tutorial/test_encoder/__init__.py,Python,.py,0,0
fastapi,tests/test_tutorial/test_events/test_tutorial001.py,Python,.py,100,4356
fastapi,tests/test_tutorial/test_events/test_tutorial002.py,Python,.py,50,1673
fastapi,tests/test_tutorial/test_events/test_tutorial003.py,Python,.py,100,4402
fastapi,tests/test_tutorial/test_events/__init__.py,Python,.py,0,0
fastapi,tests/test_tutorial/test_extending_openapi/test_tutorial001.py,Python,.py,50,1762
fastapi,tests/test_tutorial/test_extending_openapi/__init__.py,Python,.py,0,0
fastapi,tests/test_tutorial/test_extra_data_types/test_tutorial001.py,Python,.py,163,6647
fastapi,tests/test_tutorial/test_extra_data_types/__init__.py,Python,.py,0,0
fastapi,tests/test_tutorial/test_extra_models/test_tutorial001_tutorial002.py,Python,.py,161,6420
fastapi,tests/test_tutorial/test_extra_models/test_tutorial003.py,Python,.py,158,6408
fastapi,tests/test_tutorial/test_extra_models/test_tutorial004.py,Python,.py,75,2633
fastapi,tests/test_tutorial/test_extra_models/test_tutorial005.py,Python,.py,57,1968
fastapi,tests/test_tutorial/test_extra_models/__init__.py,Python,.py,0,0
fastapi,tests/test_tutorial/test_first_steps/test_tutorial001_tutorial002_tutorial003.py,Python,.py,56,1662
fastapi,tests/test_tutorial/test_first_steps/__init__.py,Python,.py,0,0
fastapi,tests/test_tutorial/test_generate_clients/test_tutorial001.py,Python,.py,153,6302
fastapi,tests/test_tutorial/test_generate_clients/test_tutorial002.py,Python,.py,198,8496
fastapi,tests/test_tutorial/test_generate_clients/test_tutorial003.py,Python,.py,198,8474
fastapi,tests/test_tutorial/test_generate_clients/test_tutorial004.py,Python,.py,236,9747
fastapi,tests/test_tutorial/test_generate_clients/__init__.py,Python,.py,0,0
fastapi,tests/test_tutorial/test_graphql/test_tutorial001.py,Python,.py,73,2574
fastapi,tests/test_tutorial/test_graphql/__init__.py,Python,.py,0,0
fastapi,tests/test_tutorial/test_handling_errors/test_tutorial001.py,Python,.py,97,3928
fastapi,tests/test_tutorial/test_handling_errors/test_tutorial002.py,Python,.py,97,4001
fastapi,tests/test_tutorial/test_handling_errors/test_tutorial003.py,Python,.py,98,3925
fastapi,tests/test_tutorial/test_handling_errors/test_tutorial004.py,Python,.py,103,4088
fastapi,tests/test_tutorial/test_handling_errors/test_tutorial005.py,Python,.py,116,4649
fastapi,tests/test_tutorial/test_handling_errors/test_tutorial006.py,Python,.py,111,4307
fastapi,tests/test_tutorial/test_handling_errors/__init__.py,Python,.py,0,0
fastapi,tests/test_tutorial/test_header_params/test_tutorial001.py,Python,.py,116,4568
fastapi,tests/test_tutorial/test_header_params/test_tutorial002.py,Python,.py,127,4801
fastapi,tests/test_tutorial/test_header_params/test_tutorial003.py,Python,.py,124,4779
fastapi,tests/test_tutorial/test_header_params/__init__.py,Python,.py,0,0
fastapi,tests/test_tutorial/test_header_param_models/test_tutorial001.py,Python,.py,210,7892
fastapi,tests/test_tutorial/test_header_param_models/test_tutorial002.py,Python,.py,204,7644
fastapi,tests/test_tutorial/test_header_param_models/test_tutorial003.py,Python,.py,249,9197
fastapi,tests/test_tutorial/test_header_param_models/__init__.py,Python,.py,0,0
fastapi,tests/test_tutorial/test_json_base64_bytes/test_tutorial001.py,Python,.py,225,9342
fastapi,tests/test_tutorial/test_json_base64_bytes/__init__.py,Python,.py,0,0
fastapi,tests/test_tutorial/test_metadata/test_tutorial001.py,Python,.py,52,2011
fastapi,tests/test_tutorial/test_metadata/test_tutorial001_1.py,Python,.py,52,1982
fastapi,tests/test_tutorial/test_metadata/test_tutorial002.py,Python,.py,45,1375
fastapi,tests/test_tutorial/test_metadata/test_tutorial003.py,Python,.py,56,1690
fastapi,tests/test_tutorial/test_metadata/test_tutorial004.py,Python,.py,66,2390
fastapi,tests/test_tutorial/test_metadata/__init__.py,Python,.py,0,0
fastapi,tests/test_tutorial/test_middleware/test_tutorial001.py,Python,.py,27,721
fastapi,tests/test_tutorial/test_middleware/__init__.py,Python,.py,0,0
fastapi,tests/test_tutorial/test_openapi_callbacks/test_tutorial001.py,Python,.py,208,9864
fastapi,tests/test_tutorial/test_openapi_callbacks/__init__.py,Python,.py,0,0
fastapi,tests/test_tutorial/test_openapi_webhooks/test_tutorial001.py,Python,.py,129,5442
fastapi,tests/test_tutorial/test_openapi_webhooks/__init__.py,Python,.py,0,0
fastapi,tests/test_tutorial/test_path_operation_advanced_configurations/test_tutorial001.py,Python,.py,37,1209
fastapi,tests/test_tutorial/test_path_operation_advanced_configurations/test_tutorial002.py,Python,.py,37,1192
fastapi,tests/test_tutorial/test_path_operation_advanced_configurations/test_tutorial003.py,Python,.py,24,682
fastapi,tests/test_tutorial/test_path_operation_advanced_configurations/test_tutorial004.py,Python,.py,142,5883
fastapi,tests/test_tutorial/test_path_operation_advanced_configurations/test_tutorial005.py,Python,.py,37,1210
fastapi,tests/test_tutorial/test_path_operation_advanced_configurations/test_tutorial006.py,Python,.py,60,2246
fastapi,tests/test_tutorial/test_path_operation_advanced_configurations/test_tutorial007.py,Python,.py,118,3793
fastapi,tests/test_tutorial/test_path_operation_advanced_configurations/__init__.py,Python,.py,0,0
fastapi,tests/test_tutorial/test_path_operation_configurations/test_tutorial001.py,Python,.py,190,7290
fastapi,tests/test_tutorial/test_path_operation_configurations/test_tutorial002.py,Python,.py,227,8784
fastapi,tests/test_tutorial/test_path_operation_configurations/test_tutorial002b.py,Python,.py,57,1970
fastapi,tests/test_tutorial/test_path_operation_configurations/test_tutorial003_tutorial004.py,Python,.py,211,8089
fastapi,tests/test_tutorial/test_path_operation_configurations/test_tutorial005.py,Python,.py,141,5843
fastapi,tests/test_tutorial/test_path_operation_configurations/test_tutorial006.py,Python,.py,74,2726
fastapi,tests/test_tutorial/test_path_operation_configurations/__init__.py,Python,.py,0,0
fastapi,tests/test_tutorial/test_path_params/test_tutorial001.py,Python,.py,121,4705
fastapi,tests/test_tutorial/test_path_params/test_tutorial002.py,Python,.py,129,5005
fastapi,tests/test_tutorial/test_path_params/test_tutorial003.py,Python,.py,138,5461
fastapi,tests/test_tutorial/test_path_params/test_tutorial003b.py,Python,.py,47,1477
fastapi,tests/test_tutorial/test_path_params/test_tutorial004.py,Python,.py,98,4000
fastapi,tests/test_tutorial/test_path_params/test_tutorial005.py,Python,.py,123,4833
fastapi,tests/test_tutorial/test_path_params/__init__.py,Python,.py,0,0
fastapi,tests/test_tutorial/test_path_params_numeric_validations/test_tutorial001.py,Python,.py,167,6447
fastapi,tests/test_tutorial/test_path_params_numeric_validations/test_tutorial002_tutorial003.py,Python,.py,175,6523
fastapi,tests/test_tutorial/test_path_params_numeric_validations/test_tutorial004.py,Python,.py,190,6983
fastapi,tests/test_tutorial/test_path_params_numeric_validations/test_tutorial005.py,Python,.py,207,7554
fastapi,tests/test_tutorial/test_path_params_numeric_validations/test_tutorial006.py,Python,.py,226,8302
fastapi,tests/test_tutorial/test_path_params_numeric_validations/__init__.py,Python,.py,0,0
fastapi,tests/test_tutorial/test_python_types/test_tutorial001_tutorial002.py,Python,.py,18,418
fastapi,tests/test_tutorial/test_python_types/test_tutorial003.py,Python,.py,12,358
fastapi,tests/test_tutorial/test_python_types/test_tutorial004.py,Python,.py,5,183
fastapi,tests/test_tutorial/test_python_types/test_tutorial005.py,Python,.py,12,432
fastapi,tests/test_tutorial/test_python_types/test_tutorial006.py,Python,.py,16,443
fastapi,tests/test_tutorial/test_python_types/test_tutorial007.py,Python,.py,8,229
fastapi,tests/test_tutorial/test_python_types/test_tutorial008.py,Python,.py,17,435
fastapi,tests/test_tutorial/test_python_types/test_tutorial008b.py,Python,.py,27,665
fastapi,tests/test_tutorial/test_python_types/test_tutorial009_tutorial009b.py,Python,.py,32,795
fastapi,tests/test_tutorial/test_python_types/test_tutorial010.py,Python,.py,5,172
fastapi,tests/test_tutorial/test_python_types/test_tutorial011.py,Python,.py,24,673
fastapi,tests/test_tutorial/test_python_types/test_tutorial013.py,Python,.py,5,142
fastapi,tests/test_tutorial/test_python_types/__init__.py,Python,.py,0,0
fastapi,tests/test_tutorial/test_query_params/test_tutorial001.py,Python,.py,133,4948
fastapi,tests/test_tutorial/test_query_params/test_tutorial002.py,Python,.py,133,4989
fastapi,tests/test_tutorial/test_query_params/test_tutorial003.py,Python,.py,154,5800
fastapi,tests/test_tutorial/test_query_params/test_tutorial004.py,Python,.py,162,6248
fastapi,tests/test_tutorial/test_query_params/test_tutorial005.py,Python,.py,111,4345
fastapi,tests/test_tutorial/test_query_params/test_tutorial006.py,Python,.py,161,6145
fastapi,tests/test_tutorial/test_query_params/__init__.py,Python,.py,0,0
fastapi,tests/test_tutorial/test_query_params_str_validations/test_tutorial001.py,Python,.py,127,4865
fastapi,tests/test_tutorial/test_query_params_str_validations/test_tutorial002.py,Python,.py,147,5593
fastapi,tests/test_tutorial/test_query_params_str_validations/test_tutorial003.py,Python,.py,158,5903
fastapi,tests/test_tutorial/test_query_params_str_validations/test_tutorial004.py,Python,.py,143,5524
fastapi,tests/test_tutorial/test_query_params_str_validations/test_tutorial005.py,Python,.py,138,5109
fastapi,tests/test_tutorial/test_query_params_str_validations/test_tutorial006.py,Python,.py,143,5200
fastapi,tests/test_tutorial/test_query_params_str_validations/test_tutorial006c.py,Python,.py,153,5737
fastapi,tests/test_tutorial/test_query_params_str_validations/test_tutorial007.py,Python,.py,141,5367
fastapi,tests/test_tutorial/test_query_params_str_validations/test_tutorial008.py,Python,.py,143,5625
fastapi,tests/test_tutorial/test_query_params_str_validations/test_tutorial009.py,Python,.py,128,4993
fastapi,tests/test_tutorial/test_query_params_str_validations/test_tutorial010.py,Python,.py,158,6158
fastapi,tests/test_tutorial/test_query_params_str_validations/test_tutorial011.py,Python,.py,121,4603
fastapi,tests/test_tutorial/test_query_params_str_validations/test_tutorial012.py,Python,.py,118,4498
fastapi,tests/test_tutorial/test_query_params_str_validations/test_tutorial013.py,Python,.py,118,4419
fastapi,tests/test_tutorial/test_query_params_str_validations/test_tutorial014.py,Python,.py,105,3957
fastapi,tests/test_tutorial/test_query_params_str_validations/test_tutorial015.py,Python,.py,143,5302
fastapi,tests/test_tutorial/test_query_params_str_validations/__init__.py,Python,.py,0,0
fastapi,tests/test_tutorial/test_query_param_models/test_tutorial001.py,Python,.py,227,8251
fastapi,tests/test_tutorial/test_query_param_models/test_tutorial002.py,Python,.py,233,8447
fastapi,tests/test_tutorial/test_query_param_models/__init__.py,Python,.py,0,0
fastapi,tests/test_tutorial/test_request_files/test_tutorial001.py,Python,.py,216,8483
fastapi,tests/test_tutorial/test_request_files/test_tutorial001_02.py,Python,.py,196,8079
fastapi,tests/test_tutorial/test_request_files/test_tutorial001_03.py,Python,.py,177,7388
fastapi,tests/test_tutorial/test_request_files/test_tutorial002.py,Python,.py,254,9700
fastapi,tests/test_tutorial/test_request_files/test_tutorial003.py,Python,.py,226,9032
fastapi,tests/test_tutorial/test_request_files/__init__.py,Python,.py,0,0
fastapi,tests/test_tutorial/test_request_forms/test_tutorial001.py,Python,.py,186,6643
fastapi,tests/test_tutorial/test_request_forms/__init__.py,Python,.py,0,0
fastapi,tests/test_tutorial/test_request_forms_and_files/test_tutorial001.py,Python,.py,245,8524
fastapi,tests/test_tutorial/test_request_forms_and_files/__init__.py,Python,.py,0,0
fastapi,tests/test_tutorial/test_request_form_models/test_tutorial001.py,Python,.py,184,6574
fastapi,tests/test_tutorial/test_request_form_models/test_tutorial002.py,Python,.py,202,7129
fastapi,tests/test_tutorial/test_request_form_models/__init__.py,Python,.py,0,0
fastapi,tests/test_tutorial/test_response_change_status_code/test_tutorial001.py,Python,.py,15,542
fastapi,tests/test_tutorial/test_response_change_status_code/__init__.py,Python,.py,0,0
fastapi,tests/test_tutorial/test_response_cookies/test_tutorial001.py,Python,.py,12,421
fastapi,tests/test_tutorial/test_response_cookies/test_tutorial002.py,Python,.py,12,432
fastapi,tests/test_tutorial/test_response_cookies/__init__.py,Python,.py,0,0
fastapi,tests/test_tutorial/test_response_directly/test_tutorial001.py,Python,.py,156,5964
fastapi,tests/test_tutorial/test_response_directly/test_tutorial002.py,Python,.py,68,1963
fastapi,tests/test_tutorial/test_response_directly/__init__.py,Python,.py,0,0
fastapi,tests/test_tutorial/test_response_headers/test_tutorial001.py,Python,.py,13,445
fastapi,tests/test_tutorial/test_response_headers/test_tutorial002.py,Python,.py,12,396
fastapi,tests/test_tutorial/test_response_headers/__init__.py,Python,.py,0,0
fastapi,tests/test_tutorial/test_response_model/test_tutorial001_tutorial001_01.py,Python,.py,200,7568
fastapi,tests/test_tutorial/test_response_model/test_tutorial002.py,Python,.py,137,5348
fastapi,tests/test_tutorial/test_response_model/test_tutorial003.py,Python,.py,157,6238
fastapi,tests/test_tutorial/test_response_model/test_tutorial003_01.py,Python,.py,157,6244
fastapi,tests/test_tutorial/test_response_model/test_tutorial003_02.py,Python,.py,100,4125
fastapi,tests/test_tutorial/test_response_model/test_tutorial003_03.py,Python,.py,37,1262
fastapi,tests/test_tutorial/test_response_model/test_tutorial003_04.py,Python,.py,17,425
fastapi,tests/test_tutorial/test_response_model/test_tutorial003_05.py,Python,.py,114,4474
fastapi,tests/test_tutorial/test_response_model/test_tutorial004.py,Python,.py,148,5675
fastapi,tests/test_tutorial/test_response_model/test_tutorial005.py,Python,.py,166,6889
fastapi,tests/test_tutorial/test_response_model/test_tutorial006.py,Python,.py,166,6889
fastapi,tests/test_tutorial/test_response_model/__init__.py,Python,.py,0,0
fastapi,tests/test_tutorial/test_response_status_code/test_tutorial001_tutorial002.py,Python,.py,103,4015
fastapi,tests/test_tutorial/test_response_status_code/__init__.py,Python,.py,0,0
fastapi,tests/test_tutorial/test_schema_extra_example/test_tutorial001.py,Python,.py,144,5667
fastapi,tests/test_tutorial/test_schema_extra_example/test_tutorial002.py,Python,.py,146,5751
fastapi,tests/test_tutorial/test_schema_extra_example/test_tutorial003.py,Python,.py,147,5943
fastapi,tests/test_tutorial/test_schema_extra_example/test_tutorial004.py,Python,.py,152,6265
fastapi,tests/test_tutorial/test_schema_extra_example/test_tutorial005.py,Python,.py,161,7002
fastapi,tests/test_tutorial/test_schema_extra_example/__init__.py,Python,.py,0,0
fastapi,tests/test_tutorial/test_security/test_tutorial001.py,Python,.py,73,2495
fastapi,tests/test_tutorial/test_security/test_tutorial002.py,Python,.py,72,2395
fastapi,tests/test_tutorial/test_security/test_tutorial003.py,Python,.py,215,8913
fastapi,tests/test_tutorial/test_security/test_tutorial004.py,Python,.py,372,15008
fastapi,tests/test_tutorial/test_security/test_tutorial005.py,Python,.py,432,17218
fastapi,tests/test_tutorial/test_security/test_tutorial006.py,Python,.py,80,2878
fastapi,tests/test_tutorial/test_security/test_tutorial007.py,Python,.py,92,3530
fastapi,tests/test_tutorial/test_security/__init__.py,Python,.py,0,0
fastapi,tests/test_tutorial/test_separate_openapi_schemas/test_tutorial001.py,Python,.py,148,5987
fastapi,tests/test_tutorial/test_separate_openapi_schemas/test_tutorial002.py,Python,.py,148,5987
fastapi,tests/test_tutorial/test_separate_openapi_schemas/__init__.py,Python,.py,0,0
fastapi,tests/test_tutorial/test_server_sent_events/test_tutorial001.py,Python,.py,191,8757
fastapi,tests/test_tutorial/test_server_sent_events/test_tutorial002.py,Python,.py,83,3164
fastapi,tests/test_tutorial/test_server_sent_events/test_tutorial003.py,Python,.py,73,2826
fastapi,tests/test_tutorial/test_server_sent_events/test_tutorial004.py,Python,.py,164,6276
fastapi,tests/test_tutorial/test_server_sent_events/test_tutorial005.py,Python,.py,141,5597
fastapi,tests/test_tutorial/test_server_sent_events/__init__.py,Python,.py,0,0
fastapi,tests/test_tutorial/test_settings/test_app01.py,Python,.py,81,2440
fastapi,tests/test_tutorial/test_settings/test_app02.py,Python,.py,40,1080
fastapi,tests/test_tutorial/test_settings/test_app03.py,Python,.py,44,1296
fastapi,tests/test_tutorial/test_settings/test_tutorial001.py,Python,.py,23,714
fastapi,tests/test_tutorial/test_settings/__init__.py,Python,.py,0,0
fastapi,tests/test_tutorial/test_sql_databases/test_tutorial001.py,Python,.py,360,14852
fastapi,tests/test_tutorial/test_sql_databases/test_tutorial002.py,Python,.py,441,18922
fastapi,tests/test_tutorial/test_sql_databases/__init__.py,Python,.py,0,0
fastapi,tests/test_tutorial/test_static_files/test_tutorial001.py,Python,.py,48,1367
fastapi,tests/test_tutorial/test_static_files/__init__.py,Python,.py,0,0
fastapi,tests/test_tutorial/test_stream_data/test_tutorial001.py,Python,.py,154,6012
fastapi,tests/test_tutorial/test_stream_data/test_tutorial002.py,Python,.py,121,4602
fastapi,tests/test_tutorial/test_stream_data/__init__.py,Python,.py,0,0
fastapi,tests/test_tutorial/test_stream_json_lines/test_tutorial001.py,Python,.py,143,5499
fastapi,tests/test_tutorial/test_stream_json_lines/__init__.py,Python,.py,0,0
fastapi,tests/test_tutorial/test_strict_content_type/test_tutorial001.py,Python,.py,43,1243
fastapi,tests/test_tutorial/test_strict_content_type/__init__.py,Python,.py,0,0
fastapi,tests/test_tutorial/test_sub_applications/test_tutorial001.py,Python,.py,69,2277
fastapi,tests/test_tutorial/test_sub_applications/__init__.py,Python,.py,0,0
fastapi,tests/test_tutorial/test_templates/test_tutorial001.py,Python,.py,30,998
fastapi,tests/test_tutorial/test_templates/__init__.py,Python,.py,0,0
fastapi,tests/test_tutorial/test_testing/test_main_a.py,Python,.py,32,993
fastapi,tests/test_tutorial/test_testing/test_main_b.py,Python,.py,28,794
fastapi,tests/test_tutorial/test_testing/test_tutorial001.py,Python,.py,32,989
fastapi,tests/test_tutorial/test_testing/test_tutorial002.py,Python,.py,9,169
fastapi,tests/test_tutorial/test_testing/test_tutorial003.py,Python,.py,7,180
fastapi,tests/test_tutorial/test_testing/test_tutorial004.py,Python,.py,5,113
fastapi,tests/test_tutorial/test_testing/__init__.py,Python,.py,0,0
fastapi,tests/test_tutorial/test_testing_dependencies/test_tutorial001.py,Python,.py,80,2452
fastapi,tests/test_tutorial/test_testing_dependencies/__init__.py,Python,.py,0,0
fastapi,tests/test_tutorial/test_using_request_directly/test_tutorial001.py,Python,.py,117,4613
fastapi,tests/test_tutorial/test_using_request_directly/__init__.py,Python,.py,0,0
fastapi,tests/test_tutorial/test_websockets/test_tutorial001.py,Python,.py,26,855
fastapi,tests/test_tutorial/test_websockets/test_tutorial002.py,Python,.py,104,4214
fastapi,tests/test_tutorial/test_websockets/test_tutorial003.py,Python,.py,55,1545
fastapi,tests/test_tutorial/test_websockets/__init__.py,Python,.py,0,0
fastapi,tests/test_tutorial/test_wsgi/test_tutorial001.py,Python,.py,17,459
fastapi,tests/test_tutorial/test_wsgi/__init__.py,Python,.py,0,0
fastapi,tests/test_request_params/test_body/test_list.py,Python,.py,433,12591
fastapi,tests/test_request_params/test_body/test_optional_list.py,Python,.py,454,13387
fastapi,tests/test_request_params/test_body/test_optional_str.py,Python,.py,429,12215
fastapi,tests/test_request_params/test_body/test_required_str.py,Python,.py,419,11623
fastapi,tests/test_request_params/test_body/utils.py,Python,.py,7,275
fastapi,tests/test_request_params/test_body/__init__.py,Python,.py,0,0
fastapi,tests/test_request_params/test_cookie/test_list.py,Python,.py,3,237
fastapi,tests/test_request_params/test_cookie/test_optional_list.py,Python,.py,3,237
fastapi,tests/test_request_params/test_cookie/test_optional_str.py,Python,.py,336,9146
fastapi,tests/test_request_params/test_cookie/test_required_str.py,Python,.py,422,11064
fastapi,tests/test_request_params/test_cookie/__init__.py,Python,.py,0,0
fastapi,tests/test_request_params/test_file/test_list.py,Python,.py,453,12285
fastapi,tests/test_request_params/test_file/test_optional.py,Python,.py,363,10380
fastapi,tests/test_request_params/test_file/test_optional_list.py,Python,.py,383,11451
fastapi,tests/test_request_params/test_file/test_required.py,Python,.py,437,11784
fastapi,tests/test_request_params/test_file/utils.py,Python,.py,7,278
fastapi,tests/test_request_params/test_file/__init__.py,Python,.py,0,0
fastapi,tests/test_request_params/test_form/test_list.py,Python,.py,436,12409
fastapi,tests/test_request_params/test_form/test_optional_list.py,Python,.py,358,10461
fastapi,tests/test_request_params/test_form/test_optional_str.py,Python,.py,337,9424
fastapi,tests/test_request_params/test_form/test_required_str.py,Python,.py,415,11319
fastapi,tests/test_request_params/test_form/utils.py,Python,.py,7,292
fastapi,tests/test_request_params/test_form/__init__.py,Python,.py,0,0
fastapi,tests/test_request_params/test_header/test_list.py,Python,.py,427,12041
fastapi,tests/test_request_params/test_header/test_optional_list.py,Python,.py,352,10194
fastapi,tests/test_request_params/test_header/test_optional_str.py,Python,.py,328,9034
fastapi,tests/test_request_params/test_header/test_required_str.py,Python,.py,411,10939
fastapi,tests/test_request_params/test_header/__init__.py,Python,.py,0,0
fastapi,tests/test_request_params/test_path/test_list.py,Python,.py,1,64
fastapi,tests/test_request_params/test_path/test_optional_list.py,Python,.py,1,46
fastapi,tests/test_request_params/test_path/test_optional_str.py,Python,.py,1,46
fastapi,tests/test_request_params/test_path/test_required_str.py,Python,.py,88,2580
fastapi,tests/test_request_params/test_path/__init__.py,Python,.py,0,0
fastapi,tests/test_request_params/test_query/test_list.py,Python,.py,428,11897
fastapi,tests/test_request_params/test_query/test_optional_list.py,Python,.py,348,9973
fastapi,tests/test_request_params/test_query/test_optional_str.py,Python,.py,328,8905
fastapi,tests/test_request_params/test_query/test_required_str.py,Python,.py,414,10815
fastapi,tests/test_request_params/test_query/__init__.py,Python,.py,0,0
fastapi,tests/test_modules_same_name_body/app/a.py,Python,.py,8,168
fastapi,tests/test_modules_same_name_body/app/b.py,Python,.py,8,169
fastapi,tests/test_modules_same_name_body/app/main.py,Python,.py,8,158
fastapi,tests/test_modules_same_name_body/app/__init__.py,Python,.py,0,0
fastapi,scripts/tests/test_translation_fixer/conftest.py,Python,.py,62,1699
fastapi,scripts/tests/test_translation_fixer/test_code_blocks/test_code_blocks_lines_number_mismatch.py,Python,.py,58,1974
fastapi,scripts/tests/test_translation_fixer/test_code_blocks/test_code_blocks_mermaid.py,Python,.py,59,1866
fastapi,scripts/tests/test_translation_fixer/test_code_blocks/test_code_blocks_number_mismatch.py,Python,.py,60,1962
fastapi,scripts/tests/test_translation_fixer/test_code_blocks/test_code_blocks_wrong_lang_code.py,Python,.py,58,2008
fastapi,scripts/tests/test_translation_fixer/test_code_includes/test_number_mismatch.py,Python,.py,60,1994
fastapi,scripts/tests/test_translation_fixer/test_complex_doc/test_compex_doc.py,Python,.py,30,932
fastapi,scripts/tests/test_translation_fixer/test_header_permalinks/test_header_level_mismatch.py,Python,.py,60,2059
fastapi,scripts/tests/test_translation_fixer/test_header_permalinks/test_header_number_mismatch.py,Python,.py,60,1960
fastapi,scripts/tests/test_translation_fixer/test_html_links/test_html_links_number_mismatch.py,Python,.py,58,1951
fastapi,scripts/tests/test_translation_fixer/test_markdown_links/test_mkd_links_number_mismatch.py,Python,.py,60,1971
fastapi,scripts/playwright/cookie_param_models/image01.py,Python,.py,39,1232
fastapi,scripts/playwright/header_param_models/image01.py,Python,.py,38,1213
fastapi,scripts/playwright/json_base64_bytes/image01.py,Python,.py,37,1154
fastapi,scripts/playwright/query_param_models/image01.py,Python,.py,41,1363
fastapi,scripts/playwright/request_form_models/image01.py,Python,.py,38,1209
fastapi,scripts/playwright/separate_openapi_schemas/image01.py,Python,.py,32,1006
fastapi,scripts/playwright/separate_openapi_schemas/image02.py,Python,.py,33,1061
fastapi,scripts/playwright/separate_openapi_schemas/image03.py,Python,.py,33,1080
fastapi,scripts/playwright/separate_openapi_schemas/image04.py,Python,.py,32,1068
fastapi,scripts/playwright/separate_openapi_schemas/image05.py,Python,.py,32,1016
fastapi,scripts/playwright/sql_databases/image01.py,Python,.py,37,1120
fastapi,scripts/playwright/sql_databases/image02.py,Python,.py,37,1120
fastapi,fastapi/dependencies/models.py,Python,.py,234,8326
fastapi,fastapi/dependencies/utils.py,Python,.py,1053,40233
fastapi,fastapi/dependencies/__init__.py,Python,.py,0,0
fastapi,fastapi/middleware/asyncexitstack.py,Python,.py,18,655
fastapi,fastapi/middleware/cors.py,Python,.py,1,80
fastapi,fastapi/middleware/gzip.py,Python,.py,1,80
fastapi,fastapi/middleware/httpsredirect.py,Python,.py,3,118
fastapi,fastapi/middleware/trustedhost.py,Python,.py,3,112
fastapi,fastapi/middleware/wsgi.py,Python,.py,3,110
fastapi,fastapi/middleware/__init__.py,Python,.py,1,59
fastapi,fastapi/openapi/constants.py,Python,.py,3,156
fastapi,fastapi/openapi/docs.py,Python,.py,389,12814
fastapi,fastapi/openapi/models.py,Python,.py,435,15043
fastapi,fastapi/openapi/utils.py,Python,.py,679,30026
fastapi,fastapi/openapi/__init__.py,Python,.py,0,0
fastapi,fastapi/security/api_key.py,Python,.py,320,10076
fastapi,fastapi/security/base.py,Python,.py,6,147
fastapi,fastapi/security/http.py,Python,.py,417,13827
fastapi,fastapi/security/oauth2.py,Python,.py,693,24871
fastapi,fastapi/security/open_id_connect_url.py,Python,.py,94,3230
fastapi,fastapi/security/utils.py,Python,.py,7,268
fastapi,fastapi/security/__init__.py,Python,.py,15,896
fastapi,fastapi/_compat/shared.py,Python,.py,222,7545
fastapi,fastapi/_compat/v2.py,Python,.py,493,18094
fastapi,fastapi/_compat/__init__.py,Python,.py,40,2135
fastapi,docs_src/additional_responses/tutorial001_py310.py,Python,.py,22,528
fastapi,docs_src/additional_responses/tutorial002_py310.py,Python,.py,28,624
fastapi,docs_src/additional_responses/tutorial003_py310.py,Python,.py,37,874
fastapi,docs_src/additional_responses/tutorial004_py310.py,Python,.py,30,699
fastapi,docs_src/additional_responses/__init__.py,Python,.py,0,0
fastapi,docs_src/additional_status_codes/tutorial001_an_py310.py,Python,.py,25,711
fastapi,docs_src/additional_status_codes/tutorial001_py310.py,Python,.py,23,669
fastapi,docs_src/additional_status_codes/__init__.py,Python,.py,0,0
fastapi,docs_src/advanced_middleware/tutorial001_py310.py,Python,.py,11,242
fastapi,docs_src/advanced_middleware/tutorial002_py310.py,Python,.py,13,292
fastapi,docs_src/advanced_middleware/tutorial003_py310.py,Python,.py,11,241
fastapi,docs_src/advanced_middleware/__init__.py,Python,.py,0,0
fastapi,docs_src/app_testing/tutorial001_py310.py,Python,.py,18,352
fastapi,docs_src/app_testing/tutorial002_py310.py,Python,.py,31,788
fastapi,docs_src/app_testing/tutorial003_py310.py,Python,.py,24,552
fastapi,docs_src/app_testing/tutorial004_py310.py,Python,.py,43,1230
fastapi,docs_src/app_testing/__init__.py,Python,.py,0,0
fastapi,docs_src/async_tests/__init__.py,Python,.py,0,0
fastapi,docs_src/authentication_error_status_code/tutorial001_an_py310.py,Python,.py,21,639
fastapi,docs_src/authentication_error_status_code/__init__.py,Python,.py,0,0
fastapi,docs_src/background_tasks/tutorial001_py310.py,Python,.py,15,534
fastapi,docs_src/background_tasks/tutorial002_an_py310.py,Python,.py,26,709
fastapi,docs_src/background_tasks/tutorial002_py310.py,Python,.py,24,667
fastapi,docs_src/background_tasks/__init__.py,Python,.py,0,0
fastapi,docs_src/behind_a_proxy/tutorial001_01_py310.py,Python,.py,8,130
fastapi,docs_src/behind_a_proxy/tutorial001_py310.py,Python,.py,8,197
fastapi,docs_src/behind_a_proxy/tutorial002_py310.py,Python,.py,8,216
fastapi,docs_src/behind_a_proxy/tutorial003_py310.py,Python,.py,14,419
fastapi,docs_src/behind_a_proxy/tutorial004_py310.py,Python,.py,15,452
fastapi,docs_src/behind_a_proxy/__init__.py,Python,.py,0,0
fastapi,docs_src/bigger_applications/__init__.py,Python,.py,0,0
fastapi,docs_src/body/tutorial001_py310.py,Python,.py,17,288
fastapi,docs_src/body/tutorial002_py310.py,Python,.py,21,468
fastapi,docs_src/body/tutorial003_py310.py,Python,.py,17,347
fastapi,docs_src/body/tutorial004_py310.py,Python,.py,20,434
fastapi,docs_src/body/__init__.py,Python,.py,0,0
fastapi,docs_src/body_fields/tutorial001_an_py310.py,Python,.py,21,584
fastapi,docs_src/body_fields/tutorial001_py310.py,Python,.py,19,542
fastapi,docs_src/body_fields/__init__.py,Python,.py,0,0
fastapi,docs_src/body_multiple_params/tutorial001_an_py310.py,Python,.py,27,606
fastapi,docs_src/body_multiple_params/tutorial001_py310.py,Python,.py,26,572
fastapi,docs_src/body_multiple_params/tutorial002_py310.py,Python,.py,22,468
fastapi,docs_src/body_multiple_params/tutorial003_an_py310.py,Python,.py,26,576
fastapi,docs_src/body_multiple_params/tutorial003_py310.py,Python,.py,22,526
fastapi,docs_src/body_multiple_params/tutorial004_an_py310.py,Python,.py,33,676
fastapi,docs_src/body_multiple_params/tutorial004_py310.py,Python,.py,31,634
fastapi,docs_src/body_multiple_params/tutorial005_an_py310.py,Python,.py,19,428
fastapi,docs_src/body_multiple_params/tutorial005_py310.py,Python,.py,17,386
fastapi,docs_src/body_multiple_params/__init__.py,Python,.py,0,0
fastapi,docs_src/body_nested_models/tutorial001_py310.py,Python,.py,18,382
fastapi,docs_src/body_nested_models/tutorial002_py310.py,Python,.py,18,387
fastapi,docs_src/body_nested_models/tutorial003_py310.py,Python,.py,18,389
fastapi,docs_src/body_nested_models/tutorial004_py310.py,Python,.py,24,479
fastapi,docs_src/body_nested_models/tutorial005_py310.py,Python,.py,24,492
fastapi,docs_src/body_nested_models/tutorial006_py310.py,Python,.py,24,499
fastapi,docs_src/body_nested_models/tutorial007_py310.py,Python,.py,30,550
fastapi,docs_src/body_nested_models/tutorial008_py310.py,Python,.py,14,262
fastapi,docs_src/body_nested_models/tutorial009_py310.py,Python,.py,8,162
fastapi,docs_src/body_nested_models/__init__.py,Python,.py,0,0
fastapi,docs_src/body_updates/tutorial001_py310.py,Python,.py,32,888
fastapi,docs_src/body_updates/tutorial002_py310.py,Python,.py,35,1044
fastapi,docs_src/body_updates/__init__.py,Python,.py,0,0
fastapi,docs_src/conditional_openapi/tutorial001_py310.py,Python,.py,16,297
fastapi,docs_src/conditional_openapi/__init__.py,Python,.py,0,0
fastapi,docs_src/configure_swagger_ui/tutorial001_py310.py,Python,.py,8,213
fastapi,docs_src/configure_swagger_ui/tutorial002_py310.py,Python,.py,8,229
fastapi,docs_src/configure_swagger_ui/tutorial003_py310.py,Python,.py,8,209
fastapi,docs_src/configure_swagger_ui/__init__.py,Python,.py,0,0
fastapi,docs_src/cookie_params/tutorial001_an_py310.py,Python,.py,10,215
fastapi,docs_src/cookie_params/tutorial001_py310.py,Python,.py,8,178
fastapi,docs_src/cookie_params/__init__.py,Python,.py,0,0
fastapi,docs_src/cookie_param_models/tutorial001_an_py310.py,Python,.py,17,360
fastapi,docs_src/cookie_param_models/tutorial001_py310.py,Python,.py,15,318
fastapi,docs_src/cookie_param_models/tutorial002_an_py310.py,Python,.py,19,402
fastapi,docs_src/cookie_param_models/tutorial002_py310.py,Python,.py,17,360
fastapi,docs_src/cookie_param_models/__init__.py,Python,.py,0,0
fastapi,docs_src/cors/tutorial001_py310.py,Python,.py,24,483
fastapi,docs_src/cors/__init__.py,Python,.py,0,0
fastapi,docs_src/custom_docs_ui/tutorial001_py310.py,Python,.py,38,1181
fastapi,docs_src/custom_docs_ui/tutorial002_py310.py,Python,.py,41,1216
fastapi,docs_src/custom_docs_ui/__init__.py,Python,.py,0,0
fastapi,docs_src/custom_request_and_route/tutorial001_an_py310.py,Python,.py,36,1051
fastapi,docs_src/custom_request_and_route/tutorial001_py310.py,Python,.py,35,1011
fastapi,docs_src/custom_request_and_route/tutorial002_an_py310.py,Python,.py,30,1004
fastapi,docs_src/custom_request_and_route/tutorial002_py310.py,Python,.py,29,964
fastapi,docs_src/custom_request_and_route/tutorial003_py310.py,Python,.py,39,1090
fastapi,docs_src/custom_request_and_route/__init__.py,Python,.py,0,0
fastapi,docs_src/custom_response/tutorial001b_py310.py,Python,.py,9,224
fastapi,docs_src/custom_response/tutorial001_py310.py,Python,.py,9,206
fastapi,docs_src/custom_response/tutorial002_py310.py,Python,.py,18,370
fastapi,docs_src/custom_response/tutorial003_py310.py,Python,.py,19,413
fastapi,docs_src/custom_response/tutorial004_py310.py,Python,.py,23,514
fastapi,docs_src/custom_response/tutorial005_py310.py,Python,.py,9,195
fastapi,docs_src/custom_response/tutorial006b_py310.py,Python,.py,9,229
fastapi,docs_src/custom_response/tutorial006c_py310.py,Python,.py,9,246
fastapi,docs_src/custom_response/tutorial006_py310.py,Python,.py,9,208
fastapi,docs_src/custom_response/tutorial007_py310.py,Python,.py,16,335
fastapi,docs_src/custom_response/tutorial008_py310.py,Python,.py,14,374
fastapi,docs_src/custom_response/tutorial009b_py310.py,Python,.py,10,227
fastapi,docs_src/custom_response/tutorial009c_py310.py,Python,.py,19,470
fastapi,docs_src/custom_response/tutorial009_py310.py,Python,.py,10,212
fastapi,docs_src/custom_response/tutorial010_py310.py,Python,.py,9,237
fastapi,docs_src/custom_response/__init__.py,Python,.py,0,0
fastapi,docs_src/dataclasses_/tutorial001_py310.py,Python,.py,19,294
fastapi,docs_src/dataclasses_/tutorial002_py310.py,Python,.py,25,531
fastapi,docs_src/dataclasses_/tutorial003_py310.py,Python,.py,54,1417
fastapi,docs_src/dataclasses_/__init__.py,Python,.py,0,0
fastapi,docs_src/debugging/tutorial001_py310.py,Python,.py,15,238
fastapi,docs_src/debugging/__init__.py,Python,.py,0,0
fastapi,docs_src/dependencies/tutorial001_02_an_py310.py,Python,.py,22,469
fastapi,docs_src/dependencies/tutorial001_an_py310.py,Python,.py,19,473
fastapi,docs_src/dependencies/tutorial001_py310.py,Python,.py,17,421
fastapi,docs_src/dependencies/tutorial002_an_py310.py,Python,.py,25,689
fastapi,docs_src/dependencies/tutorial002_py310.py,Python,.py,23,647
fastapi,docs_src/dependencies/tutorial003_an_py310.py,Python,.py,25,680
fastapi,docs_src/dependencies/tutorial003_py310.py,Python,.py,23,626
fastapi,docs_src/dependencies/tutorial004_an_py310.py,Python,.py,25,672
fastapi,docs_src/dependencies/tutorial004_py310.py,Python,.py,23,630
fastapi,docs_src/dependencies/tutorial005_an_py310.py,Python,.py,25,535
fastapi,docs_src/dependencies/tutorial005_py310.py,Python,.py,20,463
fastapi,docs_src/dependencies/tutorial006_an_py310.py,Python,.py,21,654
fastapi,docs_src/dependencies/tutorial006_py310.py,Python,.py,19,602
fastapi,docs_src/dependencies/tutorial007_py310.py,Python,.py,6,105
fastapi,docs_src/dependencies/tutorial008b_an_py310.py,Python,.py,32,807
fastapi,docs_src/dependencies/tutorial008b_py310.py,Python,.py,30,765
fastapi,docs_src/dependencies/tutorial008c_an_py310.py,Python,.py,29,729
fastapi,docs_src/dependencies/tutorial008c_py310.py,Python,.py,27,687
fastapi,docs_src/dependencies/tutorial008d_an_py310.py,Python,.py,30,764
fastapi,docs_src/dependencies/tutorial008d_py310.py,Python,.py,28,722
fastapi,docs_src/dependencies/tutorial008e_an_py310.py,Python,.py,17,346
fastapi,docs_src/dependencies/tutorial008e_py310.py,Python,.py,15,304
fastapi,docs_src/dependencies/tutorial008_an_py310.py,Python,.py,27,548
fastapi,docs_src/dependencies/tutorial008_py310.py,Python,.py,25,480
fastapi,docs_src/dependencies/tutorial010_py310.py,Python,.py,14,306
fastapi,docs_src/dependencies/tutorial011_an_py310.py,Python,.py,23,567
fastapi,docs_src/dependencies/tutorial011_py310.py,Python,.py,21,525
fastapi,docs_src/dependencies/tutorial012_an_py310.py,Python,.py,27,773
fastapi,docs_src/dependencies/tutorial012_py310.py,Python,.py,25,721
fastapi,docs_src/dependencies/tutorial013_an_py310.py,Python,.py,38,975
fastapi,docs_src/dependencies/tutorial014_an_py310.py,Python,.py,39,996
fastapi,docs_src/dependencies/__init__.py,Python,.py,0,0
fastapi,docs_src/dependency_testing/tutorial001_an_py310.py,Python,.py,57,1585
fastapi,docs_src/dependency_testing/tutorial001_py310.py,Python,.py,55,1533
fastapi,docs_src/dependency_testing/__init__.py,Python,.py,0,0
fastapi,docs_src/encoder/tutorial001_py310.py,Python,.py,22,452
fastapi,docs_src/encoder/__init__.py,Python,.py,0,0
fastapi,docs_src/events/tutorial001_py310.py,Python,.py,16,299
fastapi,docs_src/events/tutorial002_py310.py,Python,.py,14,269
fastapi,docs_src/events/tutorial003_py310.py,Python,.py,28,597
fastapi,docs_src/events/__init__.py,Python,.py,0,0
fastapi,docs_src/extending_openapi/tutorial001_py310.py,Python,.py,29,766
fastapi,docs_src/extending_openapi/__init__.py,Python,.py,0,0
fastapi,docs_src/extra_data_types/tutorial001_an_py310.py,Python,.py,28,816
fastapi,docs_src/extra_data_types/tutorial001_py310.py,Python,.py,27,751
fastapi,docs_src/extra_data_types/__init__.py,Python,.py,0,0
fastapi,docs_src/extra_models/tutorial001_py310.py,Python,.py,41,946
fastapi,docs_src/extra_models/tutorial002_py310.py,Python,.py,39,837
fastapi,docs_src/extra_models/tutorial003_py310.py,Python,.py,33,645
fastapi,docs_src/extra_models/tutorial004_py310.py,Python,.py,20,376
fastapi,docs_src/extra_models/tutorial005_py310.py,Python,.py,8,188
fastapi,docs_src/extra_models/__init__.py,Python,.py,0,0
fastapi,docs_src/first_steps/tutorial001_py310.py,Python,.py,8,125
fastapi,docs_src/first_steps/tutorial003_py310.py,Python,.py,8,119
fastapi,docs_src/first_steps/__init__.py,Python,.py,0,0
fastapi,docs_src/frontend/tutorial001_py310.py,Python,.py,5,87
fastapi,docs_src/frontend/tutorial002_py310.py,Python,.py,5,110
fastapi,docs_src/frontend/tutorial003_py310.py,Python,.py,5,108
fastapi,docs_src/frontend/tutorial004_py310.py,Python,.py,7,189
fastapi,docs_src/frontend/tutorial005_py310.py,Python,.py,5,102
fastapi,docs_src/frontend/tutorial006_py310.py,Python,.py,5,104
fastapi,docs_src/frontend/__init__.py,Python,.py,0,0
fastapi,docs_src/generate_clients/tutorial001_py310.py,Python,.py,26,520
fastapi,docs_src/generate_clients/tutorial002_py310.py,Python,.py,36,766
fastapi,docs_src/generate_clients/tutorial003_py310.py,Python,.py,42,956
fastapi,docs_src/generate_clients/tutorial004.js,JavaScript,.js,36,1102
fastapi,docs_src/generate_clients/tutorial004_py310.py,Python,.py,15,508
fastapi,docs_src/generate_clients/__init__.py,Python,.py,0,0
fastapi,docs_src/graphql_/tutorial001_py310.py,Python,.py,25,449
fastapi,docs_src/graphql_/__init__.py,Python,.py,0,0
fastapi,docs_src/handling_errors/tutorial001_py310.py,Python,.py,12,311
fastapi,docs_src/handling_errors/tutorial002_py310.py,Python,.py,16,420
fastapi,docs_src/handling_errors/tutorial003_py310.py,Python,.py,25,651
fastapi,docs_src/handling_errors/tutorial004_py310.py,Python,.py,26,946
fastapi,docs_src/handling_errors/tutorial005_py310.py,Python,.py,25,651
fastapi,docs_src/handling_errors/tutorial006_py310.py,Python,.py,28,956
fastapi,docs_src/handling_errors/__init__.py,Python,.py,0,0
fastapi,docs_src/header_params/tutorial001_an_py310.py,Python,.py,10,227
fastapi,docs_src/header_params/tutorial001_py310.py,Python,.py,8,190
fastapi,docs_src/header_params/tutorial002_an_py310.py,Python,.py,12,273
fastapi,docs_src/header_params/tutorial002_py310.py,Python,.py,10,238
fastapi,docs_src/header_params/tutorial003_an_py310.py,Python,.py,10,231
fastapi,docs_src/header_params/tutorial003_py310.py,Python,.py,8,194
fastapi,docs_src/header_params/__init__.py,Python,.py,0,0
fastapi,docs_src/header_param_models/tutorial001_an_py310.py,Python,.py,19,411
fastapi,docs_src/header_param_models/tutorial001_py310.py,Python,.py,17,369
fastapi,docs_src/header_param_models/tutorial002_an_py310.py,Python,.py,21,453
fastapi,docs_src/header_param_models/tutorial002_py310.py,Python,.py,19,411
fastapi,docs_src/header_param_models/tutorial003_an_py310.py,Python,.py,21,445
fastapi,docs_src/header_param_models/tutorial003_py310.py,Python,.py,17,394
fastapi,docs_src/header_param_models/__init__.py,Python,.py,0,0
fastapi,docs_src/json_base64_bytes/tutorial001_py310.py,Python,.py,46,938
fastapi,docs_src/json_base64_bytes/__init__.py,Python,.py,0,0
fastapi,docs_src/metadata/tutorial001_1_py310.py,Python,.py,38,812
fastapi,docs_src/metadata/tutorial001_py310.py,Python,.py,38,843
fastapi,docs_src/metadata/tutorial002_py310.py,Python,.py,8,162
fastapi,docs_src/metadata/tutorial003_py310.py,Python,.py,8,169
fastapi,docs_src/metadata/tutorial004_py310.py,Python,.py,28,721
fastapi,docs_src/metadata/__init__.py,Python,.py,0,0
fastapi,docs_src/middleware/tutorial001_py310.py,Python,.py,14,379
fastapi,docs_src/middleware/__init__.py,Python,.py,0,0
fastapi,docs_src/openapi_callbacks/tutorial001_py310.py,Python,.py,51,1384
fastapi,docs_src/openapi_callbacks/__init__.py,Python,.py,0,0
fastapi,docs_src/openapi_webhooks/tutorial001_py310.py,Python,.py,25,575
fastapi,docs_src/openapi_webhooks/__init__.py,Python,.py,0,0
fastapi,docs_src/path_operation_advanced_configuration/tutorial001_py310.py,Python,.py,8,175
fastapi,docs_src/path_operation_advanced_configuration/tutorial002_py310.py,Python,.py,14,307
fastapi,docs_src/path_operation_advanced_configuration/tutorial003_py310.py,Python,.py,8,156
fastapi,docs_src/path_operation_advanced_configuration/tutorial004_py310.py,Python,.py,28,689
fastapi,docs_src/path_operation_advanced_configuration/tutorial005_py310.py,Python,.py,8,188
fastapi,docs_src/path_operation_advanced_configuration/tutorial006_py310.py,Python,.py,41,1084
fastapi,docs_src/path_operation_advanced_configuration/tutorial007_py310.py,Python,.py,32,829
fastapi,docs_src/path_operation_advanced_configuration/__init__.py,Python,.py,0,0
fastapi,docs_src/path_operation_configuration/tutorial001_py310.py,Python,.py,17,367
fastapi,docs_src/path_operation_configuration/tutorial002b_py310.py,Python,.py,20,343
fastapi,docs_src/path_operation_configuration/tutorial002_py310.py,Python,.py,27,551
fastapi,docs_src/path_operation_configuration/tutorial003_py310.py,Python,.py,21,478
fastapi,docs_src/path_operation_configuration/tutorial004_py310.py,Python,.py,26,651
fastapi,docs_src/path_operation_configuration/tutorial005_py310.py,Python,.py,30,711
fastapi,docs_src/path_operation_configuration/tutorial006_py310.py,Python,.py,18,383
fastapi,docs_src/path_operation_configuration/__init__.py,Python,.py,0,0
fastapi,docs_src/path_params/tutorial001_py310.py,Python,.py,8,146
fastapi,docs_src/path_params/tutorial002_py310.py,Python,.py,8,151
fastapi,docs_src/path_params/tutorial003b_py310.py,Python,.py,13,206
fastapi,docs_src/path_params/tutorial003_py310.py,Python,.py,13,249
fastapi,docs_src/path_params/tutorial004_py310.py,Python,.py,8,164
fastapi,docs_src/path_params/tutorial005_py310.py,Python,.py,23,569
fastapi,docs_src/path_params/__init__.py,Python,.py,0,0
fastapi,docs_src/path_params_numeric_validations/tutorial001_an_py310.py,Python,.py,16,391
fastapi,docs_src/path_params_numeric_validations/tutorial001_py310.py,Python,.py,14,346
fastapi,docs_src/path_params_numeric_validations/tutorial002_an_py310.py,Python,.py,15,326
fastapi,docs_src/path_params_numeric_validations/tutorial002_py310.py,Python,.py,11,276
fastapi,docs_src/path_params_numeric_validations/tutorial003_an_py310.py,Python,.py,15,326
fastapi,docs_src/path_params_numeric_validations/tutorial003_py310.py,Python,.py,11,279
fastapi,docs_src/path_params_numeric_validations/tutorial004_an_py310.py,Python,.py,15,332
fastapi,docs_src/path_params_numeric_validations/tutorial004_py310.py,Python,.py,13,293
fastapi,docs_src/path_params_numeric_validations/tutorial005_an_py310.py,Python,.py,16,347
fastapi,docs_src/path_params_numeric_validations/tutorial005_py310.py,Python,.py,15,313
fastapi,docs_src/path_params_numeric_validations/tutorial006_an_py310.py,Python,.py,20,467
fastapi,docs_src/path_params_numeric_validations/tutorial006_py310.py,Python,.py,18,415
fastapi,docs_src/path_params_numeric_validations/__init__.py,Python,.py,0,0
fastapi,docs_src/pydantic_v1_in_v2/tutorial001_an_py310.py,Python,.py,7,131
fastapi,docs_src/pydantic_v1_in_v2/tutorial002_an_py310.py,Python,.py,16,268
fastapi,docs_src/pydantic_v1_in_v2/tutorial003_an_py310.py,Python,.py,23,430
fastapi,docs_src/pydantic_v1_in_v2/tutorial004_an_py310.py,Python,.py,19,379
fastapi,docs_src/pydantic_v1_in_v2/__init__.py,Python,.py,0,0
fastapi,docs_src/python_types/tutorial001_py310.py,Python,.py,6,168
fastapi,docs_src/python_types/tutorial002_py310.py,Python,.py,6,178
fastapi,docs_src/python_types/tutorial003_py310.py,Python,.py,3,122
fastapi,docs_src/python_types/tutorial004_py310.py,Python,.py,3,127
fastapi,docs_src/python_types/tutorial005_py310.py,Python,.py,2,137
fastapi,docs_src/python_types/tutorial006_py310.py,Python,.py,3,83
fastapi,docs_src/python_types/tutorial007_py310.py,Python,.py,2,101
fastapi,docs_src/python_types/tutorial008b_py310.py,Python,.py,2,53
fastapi,docs_src/python_types/tutorial008_py310.py,Python,.py,4,149
fastapi,docs_src/python_types/tutorial009_py310.py,Python,.py,5,136
fastapi,docs_src/python_types/tutorial010_py310.py,Python,.py,7,151
fastapi,docs_src/python_types/tutorial011_py310.py,Python,.py,22,483
fastapi,docs_src/python_types/tutorial013_py310.py,Python,.py,5,132
fastapi,docs_src/python_types/__init__.py,Python,.py,0,0
fastapi,docs_src/query_params/tutorial001_py310.py,Python,.py,10,260
fastapi,docs_src/query_params/tutorial002_py310.py,Python,.py,10,229
fastapi,docs_src/query_params/tutorial003_py310.py,Python,.py,15,389
fastapi,docs_src/query_params/tutorial004_py310.py,Python,.py,17,453
fastapi,docs_src/query_params/tutorial005_py310.py,Python,.py,9,201
fastapi,docs_src/query_params/tutorial006_py310.py,Python,.py,11,280
fastapi,docs_src/query_params/__init__.py,Python,.py,0,0
fastapi,docs_src/query_params_str_validations/tutorial001_py310.py,Python,.py,11,250
fastapi,docs_src/query_params_str_validations/tutorial002_an_py310.py,Python,.py,13,322
fastapi,docs_src/query_params_str_validations/tutorial002_py310.py,Python,.py,11,287
fastapi,docs_src/query_params_str_validations/tutorial003_an_py310.py,Python,.py,15,345
fastapi,docs_src/query_params_str_validations/tutorial003_py310.py,Python,.py,11,301
fastapi,docs_src/query_params_str_validations/tutorial004_an_py310.py,Python,.py,17,385
fastapi,docs_src/query_params_str_validations/tutorial004_py310.py,Python,.py,15,350
fastapi,docs_src/query_params_str_validations/tutorial005_an_py310.py,Python,.py,13,322
fastapi,docs_src/query_params_str_validations/tutorial005_py310.py,Python,.py,11,287
fastapi,docs_src/query_params_str_validations/tutorial006c_an_py310.py,Python,.py,13,314
fastapi,docs_src/query_params_str_validations/tutorial006c_py310.py,Python,.py,11,272
fastapi,docs_src/query_params_str_validations/tutorial006_an_py310.py,Python,.py,13,307
fastapi,docs_src/query_params_str_validations/tutorial006_py310.py,Python,.py,11,265
fastapi,docs_src/query_params_str_validations/tutorial007_an_py310.py,Python,.py,15,352
fastapi,docs_src/query_params_str_validations/tutorial007_py310.py,Python,.py,13,317
fastapi,docs_src/query_params_str_validations/tutorial008_an_py310.py,Python,.py,22,520
fastapi,docs_src/query_params_str_validations/tutorial008_py310.py,Python,.py,18,452
fastapi,docs_src/query_params_str_validations/tutorial009_an_py310.py,Python,.py,13,327
fastapi,docs_src/query_params_str_validations/tutorial009_py310.py,Python,.py,11,292
fastapi,docs_src/query_params_str_validations/tutorial010_an_py310.py,Python,.py,26,648
fastapi,docs_src/query_params_str_validations/tutorial010_py310.py,Python,.py,22,564
fastapi,docs_src/query_params_str_validations/tutorial011_an_py310.py,Python,.py,11,235
fastapi,docs_src/query_params_str_validations/tutorial011_py310.py,Python,.py,9,198
fastapi,docs_src/query_params_str_validations/tutorial012_an_py310.py,Python,.py,11,238
fastapi,docs_src/query_params_str_validations/tutorial012_py310.py,Python,.py,9,201
fastapi,docs_src/query_params_str_validations/tutorial013_an_py310.py,Python,.py,11,221
fastapi,docs_src/query_params_str_validations/tutorial013_py310.py,Python,.py,9,184
fastapi,docs_src/query_params_str_validations/tutorial014_an_py310.py,Python,.py,15,346
fastapi,docs_src/query_params_str_validations/tutorial014_py310.py,Python,.py,13,311
fastapi,docs_src/query_params_str_validations/tutorial015_an_py310.py,Python,.py,30,798
fastapi,docs_src/query_params_str_validations/__init__.py,Python,.py,0,0
fastapi,docs_src/query_param_models/tutorial001_an_py310.py,Python,.py,18,461
fastapi,docs_src/query_param_models/tutorial001_py310.py,Python,.py,18,440
fastapi,docs_src/query_param_models/tutorial002_an_py310.py,Python,.py,20,503
fastapi,docs_src/query_param_models/tutorial002_py310.py,Python,.py,20,482
fastapi,docs_src/query_param_models/__init__.py,Python,.py,0,0
fastapi,docs_src/request_files/tutorial001_02_an_py310.py,Python,.py,21,526
fastapi,docs_src/request_files/tutorial001_02_py310.py,Python,.py,19,489
fastapi,docs_src/request_files/tutorial001_03_an_py310.py,Python,.py,17,438
fastapi,docs_src/request_files/tutorial001_03_py310.py,Python,.py,15,386
fastapi,docs_src/request_files/tutorial001_an_py310.py,Python,.py,15,337
fastapi,docs_src/request_files/tutorial001_py310.py,Python,.py,13,295
fastapi,docs_src/request_files/tutorial002_an_py310.py,Python,.py,33,859
fastapi,docs_src/request_files/tutorial002_py310.py,Python,.py,31,817
fastapi,docs_src/request_files/tutorial003_an_py310.py,Python,.py,39,991
fastapi,docs_src/request_files/tutorial003_py310.py,Python,.py,35,923
fastapi,docs_src/request_files/__init__.py,Python,.py,0,0
fastapi,docs_src/request_forms/tutorial001_an_py310.py,Python,.py,10,233
fastapi,docs_src/request_forms/tutorial001_py310.py,Python,.py,8,181
fastapi,docs_src/request_forms/__init__.py,Python,.py,0,0
fastapi,docs_src/request_forms_and_files/tutorial001_an_py310.py,Python,.py,18,404
fastapi,docs_src/request_forms_and_files/tutorial001_py310.py,Python,.py,14,331
fastapi,docs_src/request_forms_and_files/__init__.py,Python,.py,0,0
fastapi,docs_src/request_form_models/tutorial001_an_py310.py,Python,.py,16,284
fastapi,docs_src/request_form_models/tutorial001_py310.py,Python,.py,14,242
fastapi,docs_src/request_form_models/tutorial002_an_py310.py,Python,.py,17,324
fastapi,docs_src/request_form_models/tutorial002_py310.py,Python,.py,15,282
fastapi,docs_src/request_form_models/__init__.py,Python,.py,0,0
fastapi,docs_src/response_change_status_code/tutorial001_py310.py,Python,.py,13,404
fastapi,docs_src/response_change_status_code/__init__.py,Python,.py,0,0
fastapi,docs_src/response_cookies/tutorial001_py310.py,Python,.py,12,356
fastapi,docs_src/response_cookies/tutorial002_py310.py,Python,.py,9,281
fastapi,docs_src/response_cookies/__init__.py,Python,.py,0,0
fastapi,docs_src/response_directly/tutorial001_py310.py,Python,.py,21,495
fastapi,docs_src/response_directly/tutorial002_py310.py,Python,.py,18,372
fastapi,docs_src/response_directly/__init__.py,Python,.py,0,0
fastapi,docs_src/response_headers/tutorial001_py310.py,Python,.py,11,320
fastapi,docs_src/response_headers/tutorial002_py310.py,Python,.py,9,231
fastapi,docs_src/response_headers/__init__.py,Python,.py,0,0
fastapi,docs_src/response_model/tutorial001_01_py310.py,Python,.py,25,494
fastapi,docs_src/response_model/tutorial001_py310.py,Python,.py,27,564
fastapi,docs_src/response_model/tutorial002_py310.py,Python,.py,17,335
fastapi,docs_src/response_model/tutorial003_01_py310.py,Python,.py,19,336
fastapi,docs_src/response_model/tutorial003_02_py310.py,Python,.py,11,392
fastapi,docs_src/response_model/tutorial003_03_py310.py,Python,.py,9,250
fastapi,docs_src/response_model/tutorial003_04_py310.py,Python,.py,11,363
fastapi,docs_src/response_model/tutorial003_05_py310.py,Python,.py,11,384
fastapi,docs_src/response_model/tutorial003_py310.py,Python,.py,24,455
fastapi,docs_src/response_model/tutorial004_py310.py,Python,.py,24,619
fastapi,docs_src/response_model/tutorial005_py310.py,Python,.py,37,853
fastapi,docs_src/response_model/tutorial006_py310.py,Python,.py,37,853
fastapi,docs_src/response_model/__init__.py,Python,.py,0,0
fastapi,docs_src/response_status_code/tutorial001_py310.py,Python,.py,8,153
fastapi,docs_src/response_status_code/tutorial002_py310.py,Python,.py,8,181
fastapi,docs_src/response_status_code/__init__.py,Python,.py,0,0
fastapi,docs_src/schema_extra_example/tutorial001_py310.py,Python,.py,30,676
fastapi,docs_src/schema_extra_example/tutorial002_py310.py,Python,.py,17,496
fastapi,docs_src/schema_extra_example/tutorial003_an_py310.py,Python,.py,34,707
fastapi,docs_src/schema_extra_example/tutorial003_py310.py,Python,.py,29,603
fastapi,docs_src/schema_extra_example/tutorial004_an_py310.py,Python,.py,43,960
fastapi,docs_src/schema_extra_example/tutorial004_py310.py,Python,.py,38,824
fastapi,docs_src/schema_extra_example/tutorial005_an_py310.py,Python,.py,54,1577
fastapi,docs_src/schema_extra_example/tutorial005_py310.py,Python,.py,49,1397
fastapi,docs_src/schema_extra_example/__init__.py,Python,.py,0,0
fastapi,docs_src/security/tutorial001_an_py310.py,Python,.py,13,322
fastapi,docs_src/security/tutorial001_py310.py,Python,.py,11,280
fastapi,docs_src/security/tutorial002_an_py310.py,Python,.py,32,793
fastapi,docs_src/security/tutorial002_py310.py,Python,.py,30,741
fastapi,docs_src/security/tutorial003_an_py310.py,Python,.py,94,2611
fastapi,docs_src/security/tutorial003_py310.py,Python,.py,88,2521
fastapi,docs_src/security/tutorial004_an_py310.py,Python,.py,150,4450
fastapi,docs_src/security/tutorial004_py310.py,Python,.py,143,4343
fastapi,docs_src/security/tutorial005_an_py310.py,Python,.py,182,5691
fastapi,docs_src/security/tutorial005_py310.py,Python,.py,179,5597
fastapi,docs_src/security/tutorial006_an_py310.py,Python,.py,13,374
fastapi,docs_src/security/tutorial006_py310.py,Python,.py,11,332
fastapi,docs_src/security/tutorial007_an_py310.py,Python,.py,36,1208
fastapi,docs_src/security/tutorial007_py310.py,Python,.py,33,1149
fastapi,docs_src/security/__init__.py,Python,.py,0,0
fastapi,docs_src/separate_openapi_schemas/tutorial001_py310.py,Python,.py,26,477
fastapi,docs_src/separate_openapi_schemas/tutorial002_py310.py,Python,.py,26,512
fastapi,docs_src/separate_openapi_schemas/__init__.py,Python,.py,0,0
fastapi,docs_src/server_sent_events/tutorial001_py310.py,Python,.py,43,1155
fastapi,docs_src/server_sent_events/tutorial002_py310.py,Python,.py,26,712
fastapi,docs_src/server_sent_events/tutorial003_py310.py,Python,.py,17,535
fastapi,docs_src/server_sent_events/tutorial004_py310.py,Python,.py,31,826
fastapi,docs_src/server_sent_events/tutorial005_py310.py,Python,.py,19,547
fastapi,docs_src/server_sent_events/__init__.py,Python,.py,0,0
fastapi,docs_src/settings/tutorial001_py310.py,Python,.py,21,440
fastapi,docs_src/settings/__init__.py,Python,.py,0,0
fastapi,docs_src/sql_databases/tutorial001_an_py310.py,Python,.py,73,1841
fastapi,docs_src/sql_databases/tutorial001_py310.py,Python,.py,69,1829
fastapi,docs_src/sql_databases/tutorial002_an_py310.py,Python,.py,103,2670
fastapi,docs_src/sql_databases/tutorial002_py310.py,Python,.py,102,2688
fastapi,docs_src/sql_databases/__init__.py,Python,.py,0,0
fastapi,docs_src/static_files/tutorial001_py310.py,Python,.py,6,165
fastapi,docs_src/static_files/__init__.py,Python,.py,0,0
fastapi,docs_src/stream_data/tutorial001_py310.py,Python,.py,65,2308
fastapi,docs_src/stream_data/tutorial002_py310.py,Python,.py,54,5771
fastapi,docs_src/stream_data/__init__.py,Python,.py,0,0
fastapi,docs_src/stream_json_lines/tutorial001_py310.py,Python,.py,42,978
fastapi,docs_src/stream_json_lines/__init__.py,Python,.py,0,0
fastapi,docs_src/strict_content_type/tutorial001_py310.py,Python,.py,14,245
fastapi,docs_src/strict_content_type/__init__.py,Python,.py,0,0
fastapi,docs_src/sub_applications/tutorial001_py310.py,Python,.py,19,293
fastapi,docs_src/sub_applications/__init__.py,Python,.py,0,0
fastapi,docs_src/templates/tutorial001_py310.py,Python,.py,18,539
fastapi,docs_src/templates/__init__.py,Python,.py,0,0
fastapi,docs_src/using_request_directly/tutorial001_py310.py,Python,.py,9,239
fastapi,docs_src/using_request_directly/__init__.py,Python,.py,0,0
fastapi,docs_src/websockets_/tutorial001_py310.py,Python,.py,51,1483
fastapi,docs_src/websockets_/tutorial002_an_py310.py,Python,.py,92,2947
fastapi,docs_src/websockets_/tutorial002_py310.py,Python,.py,89,2887
fastapi,docs_src/websockets_/tutorial003_py310.py,Python,.py,81,2630
fastapi,docs_src/websockets_/__init__.py,Python,.py,0,0
fastapi,docs_src/wsgi/tutorial001_py310.py,Python,.py,23,449
fastapi,docs_src/wsgi/__init__.py,Python,.py,0,0
fastapi,docs_src/templates/static/__init__.py,Python,.py,0,0
fastapi,docs_src/templates/templates/__init__.py,Python,.py,0,0
fastapi,docs_src/settings/app01_py310/config.py,Python,.py,10,193
fastapi,docs_src/settings/app01_py310/main.py,Python,.py,14,281
fastapi,docs_src/settings/app01_py310/__init__.py,Python,.py,0,0
fastapi,docs_src/settings/app02_an_py310/config.py,Python,.py,7,166
fastapi,docs_src/settings/app02_an_py310/main.py,Python,.py,22,467
fastapi,docs_src/settings/app02_an_py310/test_main.py,Python,.py,23,538
fastapi,docs_src/settings/app02_an_py310/__init__.py,Python,.py,0,0
fastapi,docs_src/settings/app02_py310/config.py,Python,.py,7,166
fastapi,docs_src/settings/app02_py310/main.py,Python,.py,21,427
fastapi,docs_src/settings/app02_py310/test_main.py,Python,.py,23,538
fastapi,docs_src/settings/app02_py310/__init__.py,Python,.py,0,0
fastapi,docs_src/settings/app03_an_py310/config.py,Python,.py,9,244
fastapi,docs_src/settings/app03_an_py310/main.py,Python,.py,22,473
fastapi,docs_src/settings/app03_an_py310/__init__.py,Python,.py,0,0
fastapi,docs_src/settings/app03_py310/config.py,Python,.py,9,244
fastapi,docs_src/settings/app03_py310/main.py,Python,.py,21,433
fastapi,docs_src/settings/app03_py310/__init__.py,Python,.py,0,0
fastapi,docs_src/bigger_applications/app_an_py310/dependencies.py,Python,.py,13,422
fastapi,docs_src/bigger_applications/app_an_py310/main.py,Python,.py,23,575
fastapi,docs_src/bigger_applications/app_an_py310/__init__.py,Python,.py,0,0
fastapi,docs_src/bigger_applications/app_an_py310/internal/admin.py,Python,.py,8,155
fastapi,docs_src/bigger_applications/app_an_py310/internal/__init__.py,Python,.py,0,0
fastapi,docs_src/bigger_applications/app_an_py310/routers/items.py,Python,.py,38,1049
fastapi,docs_src/bigger_applications/app_an_py310/routers/users.py,Python,.py,18,425
fastapi,docs_src/bigger_applications/app_an_py310/routers/__init__.py,Python,.py,0,0
fastapi,docs_src/async_tests/app_a_py310/main.py,Python,.py,8,120
fastapi,docs_src/async_tests/app_a_py310/test_main.py,Python,.py,14,374
fastapi,docs_src/async_tests/app_a_py310/__init__.py,Python,.py,0,0
fastapi,docs_src/app_testing/app_a_py310/main.py,Python,.py,8,126
fastapi,docs_src/app_testing/app_a_py310/test_main.py,Python,.py,11,249
fastapi,docs_src/app_testing/app_a_py310/__init__.py,Python,.py,0,0
fastapi,docs_src/app_testing/app_b_an_py310/main.py,Python,.py,38,1201
fastapi,docs_src/app_testing/app_b_an_py310/test_main.py,Python,.py,65,1931
fastapi,docs_src/app_testing/app_b_an_py310/__init__.py,Python,.py,0,0
fastapi,docs_src/app_testing/app_b_py310/main.py,Python,.py,36,1149
fastapi,docs_src/app_testing/app_b_py310/test_main.py,Python,.py,65,1931
fastapi,docs_src/app_testing/app_b_py310/__init__.py,Python,.py,0,0
fastapi,docs/en/docs/js/custom.js,JavaScript,.js,250,9534
fastapi,docs/en/docs/js/init_kapa_widget.js,JavaScript,.js,29,2362
fastapi,docs/en/docs/js/termynal.js,JavaScript,.js,266,9766
scikit-learn,.spin/cmds.py,Python,.py,29,822
scikit-learn,benchmarks/bench_20newsgroups.py,Python,.py,94,3215
scikit-learn,benchmarks/bench_covertype.py,Python,.py,234,7519
scikit-learn,benchmarks/bench_feature_expansions.py,Python,.py,58,1878
scikit-learn,benchmarks/bench_glm.py,Python,.py,57,1536
scikit-learn,benchmarks/bench_glmnet.py,Python,.py,140,4108
scikit-learn,benchmarks/bench_hist_gradient_boosting.py,Python,.py,292,9808
scikit-learn,benchmarks/bench_hist_gradient_boosting_adult.py,Python,.py,100,3607
scikit-learn,benchmarks/bench_hist_gradient_boosting_categorical_only.py,Python,.py,79,2701
scikit-learn,benchmarks/bench_hist_gradient_boosting_higgsboson.py,Python,.py,127,4373
scikit-learn,benchmarks/bench_hist_gradient_boosting_threading.py,Python,.py,347,11378
scikit-learn,benchmarks/bench_isolation_forest.py,Python,.py,164,5660
scikit-learn,benchmarks/bench_isolation_forest_predict.py,Python,.py,213,6887
scikit-learn,benchmarks/bench_isotonic.py,Python,.py,111,3373
scikit-learn,benchmarks/bench_kernel_pca_solvers_time_vs_n_components.py,Python,.py,177,5593
scikit-learn,benchmarks/bench_kernel_pca_solvers_time_vs_n_samples.py,Python,.py,184,5949
scikit-learn,benchmarks/bench_lasso.py,Python,.py,99,3197
scikit-learn,benchmarks/bench_lof.py,Python,.py,113,3639
scikit-learn,benchmarks/bench_mnist.py,Python,.py,229,7160
scikit-learn,benchmarks/bench_online_ocsvm.py,Python,.py,294,9713
scikit-learn,benchmarks/bench_pca_solvers.py,Python,.py,165,5979
scikit-learn,benchmarks/bench_plot_fastkmeans.py,Python,.py,141,4569
scikit-learn,benchmarks/bench_plot_hierarchical.py,Python,.py,77,2632
scikit-learn,benchmarks/bench_plot_incremental_pca.py,Python,.py,159,5720
scikit-learn,benchmarks/bench_plot_lasso_path.py,Python,.py,113,4031
scikit-learn,benchmarks/bench_plot_neighbors.py,Python,.py,191,5911
scikit-learn,benchmarks/bench_plot_nmf.py,Python,.py,472,15867
scikit-learn,benchmarks/bench_plot_omp_lars.py,Python,.py,120,4536
scikit-learn,benchmarks/bench_plot_parallel_pairwise.py,Python,.py,48,1291
scikit-learn,benchmarks/bench_plot_polynomial_kernel_approximation.py,Python,.py,176,6204
scikit-learn,benchmarks/bench_plot_randomized_svd.py,Python,.py,529,18652
scikit-learn,benchmarks/bench_plot_svd.py,Python,.py,80,2839
scikit-learn,benchmarks/bench_plot_ward.py,Python,.py,48,1318
scikit-learn,benchmarks/bench_random_projections.py,Python,.py,304,8870
scikit-learn,benchmarks/bench_rcv1_logreg_convergence.py,Python,.py,311,8056
scikit-learn,benchmarks/bench_saga.py,Python,.py,390,11637
scikit-learn,benchmarks/bench_sample_without_replacement.py,Python,.py,233,7664
scikit-learn,benchmarks/bench_sgd_regression.py,Python,.py,151,5485
scikit-learn,benchmarks/bench_sparsify.py,Python,.py,107,3464
scikit-learn,benchmarks/bench_text_vectorizers.py,Python,.py,74,1994
scikit-learn,benchmarks/bench_tree.py,Python,.py,123,3747
scikit-learn,benchmarks/bench_tsne_mnist.py,Python,.py,208,6624
scikit-learn,benchmarks/plot_tsne_mnist.py,Python,.py,33,890
scikit-learn,build_tools/check-meson-openmp-dependencies.py,Python,.py,172,5632
scikit-learn,build_tools/generate_authors_table.py,Python,.py,253,8369
scikit-learn,build_tools/get_comment.py,Python,.py,374,12413
scikit-learn,build_tools/update_environments_and_lock_files.py,Python,.py,872,29051
scikit-learn,doc/api_reference.py,Python,.py,1375,50728
scikit-learn,doc/conf.py,Python,.py,1095,40266
scikit-learn,doc/conftest.py,Python,.py,179,5820
scikit-learn,maint_tools/bump-dependencies-versions.py,Python,.py,189,5981
scikit-learn,maint_tools/check_xfailed_checks.py,Python,.py,37,1635
scikit-learn,maint_tools/sort_whats_new.py,Python,.py,43,1224
scikit-learn,maint_tools/update_tracking_issue.py,Python,.py,189,6394
scikit-learn,sklearn/base.py,Python,.py,1407,50613
scikit-learn,sklearn/calibration.py,Python,.py,1751,64462
scikit-learn,sklearn/conftest.py,Python,.py,521,19071
scikit-learn,sklearn/discriminant_analysis.py,Python,.py,1228,46471
scikit-learn,sklearn/dummy.py,Python,.py,700,25090
scikit-learn,sklearn/exceptions.py,Python,.py,249,7952
scikit-learn,sklearn/isotonic.py,Python,.py,515,17902
scikit-learn,sklearn/kernel_approximation.py,Python,.py,1137,41941
scikit-learn,sklearn/kernel_ridge.py,Python,.py,244,9507
scikit-learn,sklearn/multiclass.py,Python,.py,1289,45800
scikit-learn,sklearn/multioutput.py,Python,.py,1272,44819
scikit-learn,sklearn/naive_bayes.py,Python,.py,1571,58805
scikit-learn,sklearn/pipeline.py,Python,.py,2290,91058
scikit-learn,sklearn/random_projection.py,Python,.py,827,29412
scikit-learn,sklearn/_config.py,Python,.py,435,16534
scikit-learn,sklearn/_distributor_init.py,Python,.py,13,437
scikit-learn,sklearn/_isotonic.pyx,Cython,.pyx,116,3849
scikit-learn,sklearn/_min_dependencies.py,Python,.py,74,2985
scikit-learn,sklearn/__init__.py,Python,.py,151,4675
scikit-learn,sklearn/callback/_base.py,Python,.py,139,4467
scikit-learn,sklearn/callback/_callback_context.py,Python,.py,568,22735
scikit-learn,sklearn/callback/_callback_support.py,Python,.py,211,7814
scikit-learn,sklearn/callback/_progressbar.py,Python,.py,311,12118
scikit-learn,sklearn/callback/_scoring_monitor.py,Python,.py,299,11855
scikit-learn,sklearn/callback/_transport.py,Python,.py,185,7884
scikit-learn,sklearn/callback/__init__.py,Python,.py,24,785
scikit-learn,sklearn/cluster/_affinity_propagation.py,Python,.py,607,21359
scikit-learn,sklearn/cluster/_agglomerative.py,Python,.py,1334,50825
scikit-learn,sklearn/cluster/_bicluster.py,Python,.py,622,22756
scikit-learn,sklearn/cluster/_birch.py,Python,.py,730,26792
scikit-learn,sklearn/cluster/_bisect_k_means.py,Python,.py,545,20153
scikit-learn,sklearn/cluster/_dbscan.py,Python,.py,514,21247
scikit-learn,sklearn/cluster/_dbscan_inner.pyx,Cython,.pyx,41,1365
scikit-learn,sklearn/cluster/_feature_agglomeration.py,Python,.py,76,2515
scikit-learn,sklearn/cluster/_hierarchical_fast.pxd,Cython,.pxd,9,260
scikit-learn,sklearn/cluster/_hierarchical_fast.pyx,Cython,.pyx,507,16450
scikit-learn,sklearn/cluster/_kmeans.py,Python,.py,2320,84851
scikit-learn,sklearn/cluster/_k_means_common.pxd,Cython,.pxd,48,935
scikit-learn,sklearn/cluster/_k_means_common.pyx,Cython,.pyx,328,10540
scikit-learn,sklearn/cluster/_k_means_elkan.pyx,Cython,.pyx,686,28991
scikit-learn,sklearn/cluster/_k_means_lloyd.pyx,Cython,.pyx,420,17000
scikit-learn,sklearn/cluster/_k_means_minibatch.pyx,Cython,.pyx,218,8374
scikit-learn,sklearn/cluster/_mean_shift.py,Python,.py,579,20908
scikit-learn,sklearn/cluster/_optics.py,Python,.py,1202,46188
scikit-learn,sklearn/cluster/_spectral.py,Python,.py,806,31820
scikit-learn,sklearn/cluster/__init__.py,Python,.py,64,1739
scikit-learn,sklearn/compose/_column_transformer.py,Python,.py,1521,62043
scikit-learn,sklearn/compose/_target.py,Python,.py,414,15663
scikit-learn,sklearn/compose/__init__.py,Python,.py,23,684
scikit-learn,sklearn/covariance/_elliptic_envelope.py,Python,.py,266,9363
scikit-learn,sklearn/covariance/_empirical_covariance.py,Python,.py,409,14381
scikit-learn,sklearn/covariance/_graph_lasso.py,Python,.py,1150,41944
scikit-learn,sklearn/covariance/_robust_covariance.py,Python,.py,925,37354
scikit-learn,sklearn/covariance/_shrunk_covariance.py,Python,.py,855,30225
scikit-learn,sklearn/covariance/__init__.py,Python,.py,50,1328
scikit-learn,sklearn/cross_decomposition/_pls.py,Python,.py,1097,38106
scikit-learn,sklearn/cross_decomposition/__init__.py,Python,.py,8,279
scikit-learn,sklearn/datasets/_arff_parser.py,Python,.py,544,19813
scikit-learn,sklearn/datasets/_base.py,Python,.py,1649,55775
scikit-learn,sklearn/datasets/_california_housing.py,Python,.py,246,7483
scikit-learn,sklearn/datasets/_covtype.py,Python,.py,252,8370
scikit-learn,sklearn/datasets/_kddcup99.py,Python,.py,426,14291
scikit-learn,sklearn/datasets/_lfw.py,Python,.py,654,23335
scikit-learn,sklearn/datasets/_olivetti_faces.py,Python,.py,187,6259
scikit-learn,sklearn/datasets/_openml.py,Python,.py,1190,44210
scikit-learn,sklearn/datasets/_rcv1.py,Python,.py,341,12396
scikit-learn,sklearn/datasets/_samples_generator.py,Python,.py,2390,79603
scikit-learn,sklearn/datasets/_species_distributions.py,Python,.py,287,9669
scikit-learn,sklearn/datasets/_svmlight_format_fast.pyx,Cython,.pyx,251,7404
scikit-learn,sklearn/datasets/_svmlight_format_io.py,Python,.py,591,21560
scikit-learn,sklearn/datasets/_twenty_newsgroups.py,Python,.py,625,21492
scikit-learn,sklearn/datasets/__init__.py,Python,.py,169,5560
scikit-learn,sklearn/decomposition/_base.py,Python,.py,219,7702
scikit-learn,sklearn/decomposition/_cdnmf_fast.pyx,Cython,.pyx,38,1166
scikit-learn,sklearn/decomposition/_dict_learning.py,Python,.py,2341,81034
scikit-learn,sklearn/decomposition/_factor_analysis.py,Python,.py,457,15738
scikit-learn,sklearn/decomposition/_fastica.py,Python,.py,812,27380
scikit-learn,sklearn/decomposition/_incremental_pca.py,Python,.py,423,16756
scikit-learn,sklearn/decomposition/_kernel_pca.py,Python,.py,579,23230
scikit-learn,sklearn/decomposition/_lda.py,Python,.py,956,35171
scikit-learn,sklearn/decomposition/_nmf.py,Python,.py,2404,84039
scikit-learn,sklearn/decomposition/_online_lda_fast.pyx,Cython,.pyx,110,2958
scikit-learn,sklearn/decomposition/_pca.py,Python,.py,834,34244
scikit-learn,sklearn/decomposition/_sparse_pca.py,Python,.py,551,18537
scikit-learn,sklearn/decomposition/_truncated_svd.py,Python,.py,322,12070
scikit-learn,sklearn/decomposition/__init__.py,Python,.py,50,1574
scikit-learn,sklearn/ensemble/_bagging.py,Python,.py,1480,54384
scikit-learn,sklearn/ensemble/_base.py,Python,.py,313,10917
scikit-learn,sklearn/ensemble/_bootstrap.py,Python,.py,69,2658
scikit-learn,sklearn/ensemble/_forest.py,Python,.py,3093,122995
scikit-learn,sklearn/ensemble/_gb.py,Python,.py,2191,88598
scikit-learn,sklearn/ensemble/_gradient_boosting.pyx,Cython,.pyx,262,8849
scikit-learn,sklearn/ensemble/_iforest.py,Python,.py,680,25197
scikit-learn,sklearn/ensemble/_stacking.py,Python,.py,1145,44649
scikit-learn,sklearn/ensemble/_voting.py,Python,.py,738,25960
scikit-learn,sklearn/ensemble/_weight_boosting.py,Python,.py,1130,40870
scikit-learn,sklearn/ensemble/__init__.py,Python,.py,45,1563
scikit-learn,sklearn/experimental/enable_halving_search_cv.py,Python,.py,35,1338
scikit-learn,sklearn/experimental/enable_hist_gradient_boosting.py,Python,.py,24,852
scikit-learn,sklearn/experimental/enable_iterative_imputer.py,Python,.py,23,779
scikit-learn,sklearn/experimental/__init__.py,Python,.py,10,315
scikit-learn,sklearn/externals/conftest.py,Python,.py,6,318
scikit-learn,sklearn/externals/_arff.py,Python,.py,1107,39476
scikit-learn,sklearn/externals/_array_api_compat_vendor.py,Python,.py,5,203
scikit-learn,sklearn/externals/__init__.py,Python,.py,5,47
scikit-learn,sklearn/feature_extraction/image.py,Python,.py,692,24372
scikit-learn,sklearn/feature_extraction/text.py,Python,.py,2142,79590
scikit-learn,sklearn/feature_extraction/_dict_vectorizer.py,Python,.py,457,16522
scikit-learn,sklearn/feature_extraction/_hash.py,Python,.py,208,8117
scikit-learn,sklearn/feature_extraction/_hashing_fast.pyx,Cython,.pyx,89,3134
scikit-learn,sklearn/feature_extraction/_stop_words.py,Python,.py,328,6053
scikit-learn,sklearn/feature_extraction/__init__.py,Python,.py,18,517
scikit-learn,sklearn/feature_selection/_base.py,Python,.py,275,10074
scikit-learn,sklearn/feature_selection/_from_model.py,Python,.py,519,19603
scikit-learn,sklearn/feature_selection/_mutual_info.py,Python,.py,580,20596
scikit-learn,sklearn/feature_selection/_rfe.py,Python,.py,1018,38193
scikit-learn,sklearn/feature_selection/_sequential.py,Python,.py,369,14343
scikit-learn,sklearn/feature_selection/_univariate_selection.py,Python,.py,1171,41967
scikit-learn,sklearn/feature_selection/_variance_threshold.py,Python,.py,141,4829
scikit-learn,sklearn/feature_selection/__init__.py,Python,.py,53,1369
scikit-learn,sklearn/frozen/_frozen.py,Python,.py,166,5153
scikit-learn,sklearn/frozen/__init__.py,Python,.py,6,168
scikit-learn,sklearn/gaussian_process/kernels.py,Python,.py,2413,87724
scikit-learn,sklearn/gaussian_process/_gpc.py,Python,.py,973,40360
scikit-learn,sklearn/gaussian_process/_gpr.py,Python,.py,679,28960
scikit-learn,sklearn/gaussian_process/__init__.py,Python,.py,10,411
scikit-learn,sklearn/impute/_base.py,Python,.py,1149,44039
scikit-learn,sklearn/impute/_iterative.py,Python,.py,995,39450
scikit-learn,sklearn/impute/_knn.py,Python,.py,411,15378
scikit-learn,sklearn/impute/__init__.py,Python,.py,10,386
scikit-learn,sklearn/inspection/_partial_dependence.py,Python,.py,773,34040
scikit-learn,sklearn/inspection/_pd_utils.py,Python,.py,68,2286
scikit-learn,sklearn/inspection/_permutation_importance.py,Python,.py,313,11745
scikit-learn,sklearn/inspection/__init__.py,Python,.py,16,573
scikit-learn,sklearn/linear_model/_base.py,Python,.py,928,31976
scikit-learn,sklearn/linear_model/_bayes.py,Python,.py,826,29891
scikit-learn,sklearn/linear_model/_cd_fast.pyx,Cython,.pyx,2164,77892
scikit-learn,sklearn/linear_model/_coordinate_descent.py,Python,.py,3456,124167
scikit-learn,sklearn/linear_model/_huber.py,Python,.py,363,13115
scikit-learn,sklearn/linear_model/_least_angle.py,Python,.py,2352,85432
scikit-learn,sklearn/linear_model/_linear_loss.py,Python,.py,962,40920
scikit-learn,sklearn/linear_model/_logistic.py,Python,.py,2685,107260
scikit-learn,sklearn/linear_model/_omp.py,Python,.py,1153,40551
scikit-learn,sklearn/linear_model/_passive_aggressive.py,Python,.py,622,21786
scikit-learn,sklearn/linear_model/_perceptron.py,Python,.py,226,7819
scikit-learn,sklearn/linear_model/_quantile.py,Python,.py,301,10853
scikit-learn,sklearn/linear_model/_ransac.py,Python,.py,727,26437
scikit-learn,sklearn/linear_model/_ridge.py,Python,.py,3054,111761
scikit-learn,sklearn/linear_model/_sag.py,Python,.py,370,12720
scikit-learn,sklearn/linear_model/_stochastic_gradient.py,Python,.py,2680,96752
scikit-learn,sklearn/linear_model/_theil_sen.py,Python,.py,449,16178
scikit-learn,sklearn/linear_model/__init__.py,Python,.py,108,2874
scikit-learn,sklearn/manifold/_barnes_hut_tsne.pyx,Cython,.pyx,295,11565
scikit-learn,sklearn/manifold/_classical_mds.py,Python,.py,198,6579
scikit-learn,sklearn/manifold/_isomap.py,Python,.py,444,16277
scikit-learn,sklearn/manifold/_locally_linear.py,Python,.py,885,31830
scikit-learn,sklearn/manifold/_mds.py,Python,.py,817,31061
scikit-learn,sklearn/manifold/_spectral_embedding.py,Python,.py,786,31217
scikit-learn,sklearn/manifold/_t_sne.py,Python,.py,1174,45087
scikit-learn,sklearn/manifold/_utils.pyx,Cython,.pyx,120,4031
scikit-learn,sklearn/manifold/__init__.py,Python,.py,27,762
scikit-learn,sklearn/metrics/pairwise.py,Python,.py,2695,95230
scikit-learn,sklearn/metrics/_base.py,Python,.py,209,7812
scikit-learn,sklearn/metrics/_classification.py,Python,.py,4113,159980
scikit-learn,sklearn/metrics/_pairwise_fast.pyx,Cython,.pyx,107,3579
scikit-learn,sklearn/metrics/_ranking.py,Python,.py,2361,92215
scikit-learn,sklearn/metrics/_regression.py,Python,.py,1983,69868
scikit-learn,sklearn/metrics/_scorer.py,Python,.py,1168,41910
scikit-learn,sklearn/metrics/__init__.py,Python,.py,192,5210
scikit-learn,sklearn/mixture/_base.py,Python,.py,616,21774
scikit-learn,sklearn/mixture/_bayesian_mixture.py,Python,.py,881,34275
scikit-learn,sklearn/mixture/_gaussian_mixture.py,Python,.py,1010,36914
scikit-learn,sklearn/mixture/__init__.py,Python,.py,9,315
scikit-learn,sklearn/model_selection/_classification_threshold.py,Python,.py,894,33905
scikit-learn,sklearn/model_selection/_plot.py,Python,.py,885,35491
scikit-learn,sklearn/model_selection/_search.py,Python,.py,2126,87497
scikit-learn,sklearn/model_selection/_search_successive_halving.py,Python,.py,1173,50033
scikit-learn,sklearn/model_selection/_split.py,Python,.py,3080,115821
scikit-learn,sklearn/model_selection/_validation.py,Python,.py,2540,98347
scikit-learn,sklearn/model_selection/__init__.py,Python,.py,106,2970
scikit-learn,sklearn/neighbors/_base.py,Python,.py,1403,53994
scikit-learn,sklearn/neighbors/_classification.py,Python,.py,923,36077
scikit-learn,sklearn/neighbors/_graph.py,Python,.py,709,25393
scikit-learn,sklearn/neighbors/_kde.py,Python,.py,363,12722
scikit-learn,sklearn/neighbors/_lof.py,Python,.py,523,20754
scikit-learn,sklearn/neighbors/_nca.py,Python,.py,560,21659
scikit-learn,sklearn/neighbors/_nearest_centroid.py,Python,.py,356,13451
scikit-learn,sklearn/neighbors/_partition_nodes.pxd,Cython,.pxd,10,304
scikit-learn,sklearn/neighbors/_partition_nodes.pyx,Cython,.pyx,122,4242
scikit-learn,sklearn/neighbors/_quad_tree.pxd,Cython,.pxd,90,4301
scikit-learn,sklearn/neighbors/_quad_tree.pyx,Cython,.pyx,611,24313
scikit-learn,sklearn/neighbors/_regression.py,Python,.py,521,19170
scikit-learn,sklearn/neighbors/_unsupervised.py,Python,.py,179,6462
scikit-learn,sklearn/neighbors/__init__.py,Python,.py,49,1517
scikit-learn,sklearn/neural_network/_base.py,Python,.py,287,8270
scikit-learn,sklearn/neural_network/_multilayer_perceptron.py,Python,.py,1801,67989
scikit-learn,sklearn/neural_network/_rbm.py,Python,.py,445,15443
scikit-learn,sklearn/neural_network/_stochastic_optimizers.py,Python,.py,287,9125
scikit-learn,sklearn/neural_network/__init__.py,Python,.py,9,329
scikit-learn,sklearn/preprocessing/_csr_polynomial_expansion.pyx,Cython,.pyx,258,9418
scikit-learn,sklearn/preprocessing/_data.py,Python,.py,3760,134292
scikit-learn,sklearn/preprocessing/_discretization.py,Python,.py,536,20945
scikit-learn,sklearn/preprocessing/_encoders.py,Python,.py,1679,69007
scikit-learn,sklearn/preprocessing/_function_transformer.py,Python,.py,444,17408
scikit-learn,sklearn/preprocessing/_label.py,Python,.py,1071,36419
scikit-learn,sklearn/preprocessing/_polynomial.py,Python,.py,1257,52256
scikit-learn,sklearn/preprocessing/_target_encoder.py,Python,.py,688,27778
scikit-learn,sklearn/preprocessing/_target_encoder_fast.pyx,Cython,.pyx,201,7029
scikit-learn,sklearn/preprocessing/__init__.py,Python,.py,68,1739
scikit-learn,sklearn/semi_supervised/_label_propagation.py,Python,.py,637,22445
scikit-learn,sklearn/semi_supervised/_self_training.py,Python,.py,581,20804
scikit-learn,sklearn/semi_supervised/__init__.py,Python,.py,13,494
scikit-learn,sklearn/svm/_base.py,Python,.py,1307,46097
scikit-learn,sklearn/svm/_bounds.py,Python,.py,98,3581
scikit-learn,sklearn/svm/_classes.py,Python,.py,1829,69970
scikit-learn,sklearn/svm/_liblinear.pxi,Cython,.pxi,43,1768
scikit-learn,sklearn/svm/_liblinear.pyx,Cython,.pyx,148,4306
scikit-learn,sklearn/svm/_libsvm.pxi,Cython,.pxi,75,3261
scikit-learn,sklearn/svm/_libsvm.pyx,Cython,.pyx,917,27598
scikit-learn,sklearn/svm/_libsvm_sparse.pyx,Cython,.pyx,551,19525
scikit-learn,sklearn/svm/_newrand.pyx,Cython,.pyx,13,311
scikit-learn,sklearn/svm/__init__.py,Python,.py,29,538
scikit-learn,sklearn/tests/metadata_routing_common.py,Python,.py,628,22648
scikit-learn,sklearn/tests/test_base.py,Python,.py,1140,36706
scikit-learn,sklearn/tests/test_build.py,Python,.py,103,4442
scikit-learn,sklearn/tests/test_calibration.py,Python,.py,1404,54060
scikit-learn,sklearn/tests/test_check_build.py,Python,.py,15,315
scikit-learn,sklearn/tests/test_common.py,Python,.py,419,14139
scikit-learn,sklearn/tests/test_config.py,Python,.py,171,6082
scikit-learn,sklearn/tests/test_discriminant_analysis.py,Python,.py,887,31339
scikit-learn,sklearn/tests/test_docstrings.py,Python,.py,219,7695
scikit-learn,sklearn/tests/test_docstring_parameters.py,Python,.py,347,12975
scikit-learn,sklearn/tests/test_docstring_parameters_consistency.py,Python,.py,113,4284
scikit-learn,sklearn/tests/test_dummy.py,Python,.py,715,22800
scikit-learn,sklearn/tests/test_init.py,Python,.py,19,519
scikit-learn,sklearn/tests/test_isotonic.py,Python,.py,699,22521
scikit-learn,sklearn/tests/test_kernel_approximation.py,Python,.py,546,18973
scikit-learn,sklearn/tests/test_kernel_ridge.py,Python,.py,80,2968
scikit-learn,sklearn/tests/test_metadata_routing.py,Python,.py,1337,48036
scikit-learn,sklearn/tests/test_metaestimators.py,Python,.py,340,11925
scikit-learn,sklearn/tests/test_metaestimators_metadata_routing.py,Python,.py,1084,39586
scikit-learn,sklearn/tests/test_min_dependencies_consistency.py,Python,.py,238,8107
scikit-learn,sklearn/tests/test_multiclass.py,Python,.py,984,34972
scikit-learn,sklearn/tests/test_multioutput.py,Python,.py,867,31014
scikit-learn,sklearn/tests/test_naive_bayes.py,Python,.py,1051,39262
scikit-learn,sklearn/tests/test_pipeline.py,Python,.py,2741,95404
scikit-learn,sklearn/tests/test_public_functions.py,Python,.py,405,17241
scikit-learn,sklearn/tests/test_random_projection.py,Python,.py,584,20167
scikit-learn,sklearn/tests/__init__.py,Python,.py,0,0
scikit-learn,sklearn/tree/_classes.py,Python,.py,2276,93111
scikit-learn,sklearn/tree/_criterion.pxd,Cython,.pxd,102,4047
scikit-learn,sklearn/tree/_criterion.pyx,Cython,.pyx,1656,62222
scikit-learn,sklearn/tree/_export.py,Python,.py,1234,44369
scikit-learn,sklearn/tree/_partitioner.pxd,Cython,.pxd,252,7851
scikit-learn,sklearn/tree/_partitioner.pyx,Cython,.pyx,937,38537
scikit-learn,sklearn/tree/_reingold_tilford.py,Python,.py,188,5345
scikit-learn,sklearn/tree/_splitter.pxd,Cython,.pxd,128,5396
scikit-learn,sklearn/tree/_splitter.pyx,Cython,.pyx,920,35471
scikit-learn,sklearn/tree/_tree.pxd,Cython,.pxd,131,5321
scikit-learn,sklearn/tree/_tree.pyx,Cython,.pyx,2103,80979
scikit-learn,sklearn/tree/_utils.pxd,Cython,.pxd,158,6094
scikit-learn,sklearn/tree/_utils.pyx,Cython,.pyx,248,9202
scikit-learn,sklearn/tree/__init__.py,Python,.py,24,620
scikit-learn,sklearn/utils/arrayfuncs.pyx,Cython,.pyx,118,3039
scikit-learn,sklearn/utils/class_weight.py,Python,.py,250,9603
scikit-learn,sklearn/utils/deprecation.py,Python,.py,123,3612
scikit-learn,sklearn/utils/discovery.py,Python,.py,255,8998
scikit-learn,sklearn/utils/estimator_checks.py,Python,.py,5744,215747
scikit-learn,sklearn/utils/extmath.py,Python,.py,1481,53255
scikit-learn,sklearn/utils/fixes.py,Python,.py,543,20039
scikit-learn,sklearn/utils/graph.py,Python,.py,162,5876
scikit-learn,sklearn/utils/metadata_routing.py,Python,.py,23,634
scikit-learn,sklearn/utils/metaestimators.py,Python,.py,177,6759
scikit-learn,sklearn/utils/multiclass.py,Python,.py,600,21957
scikit-learn,sklearn/utils/murmurhash.pxd,Cython,.pxd,21,903
scikit-learn,sklearn/utils/murmurhash.pyx,Cython,.pyx,135,4673
scikit-learn,sklearn/utils/optimize.py,Python,.py,508,16174
scikit-learn,sklearn/utils/parallel.py,Python,.py,214,8316
scikit-learn,sklearn/utils/random.py,Python,.py,103,3901
scikit-learn,sklearn/utils/sparsefuncs.py,Python,.py,808,25699
scikit-learn,sklearn/utils/sparsefuncs_fast.pyx,Cython,.pyx,685,23785
scikit-learn,sklearn/utils/stats.py,Python,.py,245,11125
scikit-learn,sklearn/utils/validation.py,Python,.py,3069,115317
scikit-learn,sklearn/utils/_arpack.py,Python,.py,33,1256
scikit-learn,sklearn/utils/_array_api.py,Python,.py,1337,49570
scikit-learn,sklearn/utils/_available_if.py,Python,.py,96,3041
scikit-learn,sklearn/utils/_bitset.pxd,Cython,.pxd,57,2172
scikit-learn,sklearn/utils/_bitset.pyx,Cython,.pyx,29,1064
scikit-learn,sklearn/utils/_bunch.py,Python,.py,70,2245
scikit-learn,sklearn/utils/_chunking.py,Python,.py,178,5635
scikit-learn,sklearn/utils/_cython_blas.pxd,Cython,.pxd,41,1606
scikit-learn,sklearn/utils/_cython_blas.pyx,Cython,.pyx,251,9230
scikit-learn,sklearn/utils/_dataframe.py,Python,.py,103,2534
scikit-learn,sklearn/utils/_encode.py,Python,.py,332,10927
scikit-learn,sklearn/utils/_fast_dict.pxd,Cython,.pxd,19,548
scikit-learn,sklearn/utils/_fast_dict.pyx,Cython,.pyx,137,4802
scikit-learn,sklearn/utils/_heap.pxd,Cython,.pxd,87,2411
scikit-learn,sklearn/utils/_indexing.py,Python,.py,683,24719
scikit-learn,sklearn/utils/_isfinite.pyx,Cython,.pyx,51,1465
scikit-learn,sklearn/utils/_mask.py,Python,.py,182,5186
scikit-learn,sklearn/utils/_metadata_requests.py,Python,.py,1910,73169
scikit-learn,sklearn/utils/_missing.py,Python,.py,66,1567
scikit-learn,sklearn/utils/_mocking.py,Python,.py,419,14111
scikit-learn,sklearn/utils/_openmp_helpers.pxd,Cython,.pxd,33,1102
scikit-learn,sklearn/utils/_openmp_helpers.pyx,Cython,.pyx,77,3220
scikit-learn,sklearn/utils/_optional_dependencies.py,Python,.py,62,1797
scikit-learn,sklearn/utils/_param_validation.py,Python,.py,910,29514
scikit-learn,sklearn/utils/_plotting.py,Python,.py,467,17987
scikit-learn,sklearn/utils/_pprint.py,Python,.py,464,18966
scikit-learn,sklearn/utils/_random.pxd,Cython,.pxd,34,1297
scikit-learn,sklearn/utils/_random.pyx,Cython,.pyx,352,12944
scikit-learn,sklearn/utils/_response.py,Python,.py,309,11899
scikit-learn,sklearn/utils/_set_output.py,Python,.py,466,15602
scikit-learn,sklearn/utils/_show_versions.py,Python,.py,116,2702
scikit-learn,sklearn/utils/_sorting.pxd,Cython,.pxd,10,224
scikit-learn,sklearn/utils/_sorting.pyx,Cython,.pyx,265,8217
scikit-learn,sklearn/utils/_sparse.py,Python,.py,39,1272
scikit-learn,sklearn/utils/_tags.py,Python,.py,302,10331
scikit-learn,sklearn/utils/_testing.py,Python,.py,1560,56857
scikit-learn,sklearn/utils/_typedefs.pxd,Cython,.pxd,41,2131
scikit-learn,sklearn/utils/_typedefs.pyx,Cython,.pyx,23,451
scikit-learn,sklearn/utils/_unique.py,Python,.py,108,3080
scikit-learn,sklearn/utils/_user_interface.py,Python,.py,57,1542
scikit-learn,sklearn/utils/_vector_sentinel.pxd,Cython,.pxd,12,314
scikit-learn,sklearn/utils/_vector_sentinel.pyx,Cython,.pyx,118,4576
scikit-learn,sklearn/utils/__init__.py,Python,.py,83,2478
scikit-learn,sklearn/_build_utils/tempita.py,Python,.py,62,1746
scikit-learn,sklearn/_build_utils/version.py,Python,.py,16,464
scikit-learn,sklearn/_build_utils/__init__.py,Python,.py,0,0
scikit-learn,sklearn/_loss/link.py,Python,.py,268,7755
scikit-learn,sklearn/_loss/loss.py,Python,.py,1868,65927
scikit-learn,sklearn/_loss/_loss.pxd,Cython,.pxd,101,4678
scikit-learn,sklearn/_loss/__init__.py,Python,.py,37,867
scikit-learn,sklearn/__check_build/_check_build.pyx,Cython,.pyx,2,32
scikit-learn,sklearn/__check_build/__init__.py,Python,.py,54,1934
scikit-learn,sklearn/_loss/tests/test_link.py,Python,.py,139,5171
scikit-learn,sklearn/_loss/tests/test_loss.py,Python,.py,1547,57633
scikit-learn,sklearn/_loss/tests/__init__.py,Python,.py,0,0
scikit-learn,sklearn/utils/src/MurmurHash3.cpp,C++,.cpp,345,8313
scikit-learn,sklearn/utils/src/MurmurHash3.h,C/C++,.h,45,1200
scikit-learn,sklearn/utils/tests/test_arpack.py,Python,.py,16,505
scikit-learn,sklearn/utils/tests/test_arrayfuncs.py,Python,.py,40,1401
scikit-learn,sklearn/utils/tests/test_array_api.py,Python,.py,995,36658
scikit-learn,sklearn/utils/tests/test_bitset.py,Python,.py,63,2071
scikit-learn,sklearn/utils/tests/test_bunch.py,Python,.py,32,845
scikit-learn,sklearn/utils/tests/test_chunking.py,Python,.py,73,2444
scikit-learn,sklearn/utils/tests/test_class_weight.py,Python,.py,334,13291
scikit-learn,sklearn/utils/tests/test_cython_blas.py,Python,.py,250,6959
scikit-learn,sklearn/utils/tests/test_dataframe.py,Python,.py,59,1799
scikit-learn,sklearn/utils/tests/test_deprecation.py,Python,.py,98,2360
scikit-learn,sklearn/utils/tests/test_encode.py,Python,.py,237,8494
scikit-learn,sklearn/utils/tests/test_estimator_checks.py,Python,.py,1791,65047
scikit-learn,sklearn/utils/tests/test_extmath.py,Python,.py,1169,42288
scikit-learn,sklearn/utils/tests/test_fast_dict.py,Python,.py,47,1402
scikit-learn,sklearn/utils/tests/test_fixes.py,Python,.py,202,6703
scikit-learn,sklearn/utils/tests/test_graph.py,Python,.py,80,3127
scikit-learn,sklearn/utils/tests/test_indexing.py,Python,.py,711,26285
scikit-learn,sklearn/utils/tests/test_mask.py,Python,.py,19,556
scikit-learn,sklearn/utils/tests/test_metaestimators.py,Python,.py,63,2170
scikit-learn,sklearn/utils/tests/test_missing.py,Python,.py,27,736
scikit-learn,sklearn/utils/tests/test_mocking.py,Python,.py,205,6100
scikit-learn,sklearn/utils/tests/test_multiclass.py,Python,.py,686,24463
scikit-learn,sklearn/utils/tests/test_murmurhash.py,Python,.py,73,2589
scikit-learn,sklearn/utils/tests/test_optimize.py,Python,.py,239,8590
scikit-learn,sklearn/utils/tests/test_parallel.py,Python,.py,197,7786
scikit-learn,sklearn/utils/tests/test_param_validation.py,Python,.py,787,25261
scikit-learn,sklearn/utils/tests/test_plotting.py,Python,.py,542,20865
scikit-learn,sklearn/utils/tests/test_pprint.py,Python,.py,699,28468
scikit-learn,sklearn/utils/tests/test_random.py,Python,.py,192,7341
scikit-learn,sklearn/utils/tests/test_response.py,Python,.py,448,17110
scikit-learn,sklearn/utils/tests/test_seq_dataset.py,Python,.py,185,6236
scikit-learn,sklearn/utils/tests/test_set_output.py,Python,.py,471,16578
scikit-learn,sklearn/utils/tests/test_shortest_path.py,Python,.py,65,1911
scikit-learn,sklearn/utils/tests/test_show_versions.py,Python,.py,41,1077
scikit-learn,sklearn/utils/tests/test_sorting.py,Python,.py,61,2287
scikit-learn,sklearn/utils/tests/test_sparse.py,Python,.py,78,3008
scikit-learn,sklearn/utils/tests/test_sparsefuncs.py,Python,.py,1080,38723
scikit-learn,sklearn/utils/tests/test_stats.py,Python,.py,521,20082
scikit-learn,sklearn/utils/tests/test_tags.py,Python,.py,158,4959
scikit-learn,sklearn/utils/tests/test_testing.py,Python,.py,1146,34536
scikit-learn,sklearn/utils/tests/test_typedefs.py,Python,.py,25,760
scikit-learn,sklearn/utils/tests/test_unique.py,Python,.py,54,1874
scikit-learn,sklearn/utils/tests/test_user_interface.py,Python,.py,65,1837
scikit-learn,sklearn/utils/tests/test_validation.py,Python,.py,2569,90625
scikit-learn,sklearn/utils/tests/test_weight_vector.py,Python,.py,25,690
scikit-learn,sklearn/utils/tests/__init__.py,Python,.py,0,0
scikit-learn,sklearn/utils/_repr_html/base.py,Python,.py,164,6576
scikit-learn,sklearn/utils/_repr_html/common.py,Python,.py,82,2736
scikit-learn,sklearn/utils/_repr_html/estimator.js,JavaScript,.js,169,6286
scikit-learn,sklearn/utils/_repr_html/estimator.py,Python,.py,574,21671
scikit-learn,sklearn/utils/_repr_html/features.py,Python,.py,76,2489
scikit-learn,sklearn/utils/_repr_html/fitted_attributes.py,Python,.py,166,5343
scikit-learn,sklearn/utils/_repr_html/params.py,Python,.py,129,4650
scikit-learn,sklearn/utils/_repr_html/__init__.py,Python,.py,2,81
scikit-learn,sklearn/utils/_test_common/instance_generator.py,Python,.py,1401,56607
scikit-learn,sklearn/utils/_test_common/__init__.py,Python,.py,2,81
scikit-learn,sklearn/utils/_repr_html/tests/test_attributes.py,Python,.py,185,5988
scikit-learn,sklearn/utils/_repr_html/tests/test_estimator.py,Python,.py,630,22652
scikit-learn,sklearn/utils/_repr_html/tests/test_features.py,Python,.py,267,8613
scikit-learn,sklearn/utils/_repr_html/tests/test_js.py,Python,.py,185,6103
scikit-learn,sklearn/utils/_repr_html/tests/test_params.py,Python,.py,248,8153
scikit-learn,sklearn/utils/_repr_html/tests/__init__.py,Python,.py,0,0
scikit-learn,sklearn/tree/tests/test_export.py,Python,.py,773,26253
scikit-learn,sklearn/tree/tests/test_fenwick.py,Python,.py,51,1801
scikit-learn,sklearn/tree/tests/test_monotonic_tree.py,Python,.py,536,19910
scikit-learn,sklearn/tree/tests/test_reingold_tilford.py,Python,.py,49,1511
scikit-learn,sklearn/tree/tests/test_split.py,Python,.py,413,14907
scikit-learn,sklearn/tree/tests/test_swap.py,Python,.py,43,1526
scikit-learn,sklearn/tree/tests/test_tree.py,Python,.py,3662,132964
scikit-learn,sklearn/tree/tests/__init__.py,Python,.py,0,0
scikit-learn,sklearn/svm/tests/test_bounds.py,Python,.py,137,5240
scikit-learn,sklearn/svm/tests/test_sparse.py,Python,.py,504,16742
scikit-learn,sklearn/svm/tests/test_svm.py,Python,.py,1535,54471
scikit-learn,sklearn/svm/tests/__init__.py,Python,.py,0,0
scikit-learn,sklearn/svm/src/liblinear/liblinear_helper.c,C,.c,236,6616
scikit-learn,sklearn/svm/src/liblinear/linear.cpp,C++,.cpp,3080,66095
scikit-learn,sklearn/svm/src/liblinear/linear.h,C/C++,.h,86,2544
scikit-learn,sklearn/svm/src/liblinear/tron.cpp,C++,.cpp,223,5175
scikit-learn,sklearn/svm/src/liblinear/tron.h,C/C++,.h,37,805
scikit-learn,sklearn/svm/src/liblinear/_cython_blas_helpers.h,C/C++,.h,16,474
scikit-learn,sklearn/svm/src/libsvm/libsvm_helper.c,C,.c,425,12143
scikit-learn,sklearn/svm/src/libsvm/libsvm_sparse_helper.c,C,.c,472,13719
scikit-learn,sklearn/svm/src/libsvm/libsvm_template.cpp,C++,.cpp,8,181
scikit-learn,sklearn/svm/src/libsvm/svm.cpp,C++,.cpp,3191,72500
scikit-learn,sklearn/svm/src/libsvm/svm.h,C/C++,.h,176,6438
scikit-learn,sklearn/svm/src/libsvm/_svm_cython_blas_helpers.h,C/C++,.h,9,226
scikit-learn,sklearn/svm/src/newrand/newrand.h,C/C++,.h,59,1899
scikit-learn,sklearn/semi_supervised/tests/test_label_propagation.py,Python,.py,268,10157
scikit-learn,sklearn/semi_supervised/tests/test_self_training.py,Python,.py,384,14178
scikit-learn,sklearn/semi_supervised/tests/__init__.py,Python,.py,0,0
scikit-learn,sklearn/preprocessing/tests/test_common.py,Python,.py,188,7008
scikit-learn,sklearn/preprocessing/tests/test_data.py,Python,.py,2934,110342
scikit-learn,sklearn/preprocessing/tests/test_discretization.py,Python,.py,663,21796
scikit-learn,sklearn/preprocessing/tests/test_encoders.py,Python,.py,2435,84358
scikit-learn,sklearn/preprocessing/tests/test_function_transformer.py,Python,.py,579,19852
scikit-learn,sklearn/preprocessing/tests/test_label.py,Python,.py,932,33670
scikit-learn,sklearn/preprocessing/tests/test_polynomial.py,Python,.py,1395,48947
scikit-learn,sklearn/preprocessing/tests/test_target_encoder.py,Python,.py,774,31080
scikit-learn,sklearn/preprocessing/tests/__init__.py,Python,.py,0,0
scikit-learn,sklearn/neural_network/tests/test_base.py,Python,.py,52,1618
scikit-learn,sklearn/neural_network/tests/test_mlp.py,Python,.py,1119,38079
scikit-learn,sklearn/neural_network/tests/test_rbm.py,Python,.py,245,8224
scikit-learn,sklearn/neural_network/tests/test_stochastic_optimizers.py,Python,.py,112,4249
scikit-learn,sklearn/neural_network/tests/__init__.py,Python,.py,0,0
scikit-learn,sklearn/neighbors/tests/test_ball_tree.py,Python,.py,200,7297
scikit-learn,sklearn/neighbors/tests/test_graph.py,Python,.py,101,3648
scikit-learn,sklearn/neighbors/tests/test_kde.py,Python,.py,252,9997
scikit-learn,sklearn/neighbors/tests/test_kd_tree.py,Python,.py,150,5593
scikit-learn,sklearn/neighbors/tests/test_lof.py,Python,.py,394,14140
scikit-learn,sklearn/neighbors/tests/test_nca.py,Python,.py,588,21380
scikit-learn,sklearn/neighbors/tests/test_nearest_centroid.py,Python,.py,237,7809
scikit-learn,sklearn/neighbors/tests/test_neighbors.py,Python,.py,2547,90904
scikit-learn,sklearn/neighbors/tests/test_neighbors_pipeline.py,Python,.py,256,8403
scikit-learn,sklearn/neighbors/tests/test_neighbors_tree.py,Python,.py,296,9593
scikit-learn,sklearn/neighbors/tests/test_quad_tree.py,Python,.py,150,5292
scikit-learn,sklearn/neighbors/tests/__init__.py,Python,.py,0,0
scikit-learn,sklearn/model_selection/tests/common.py,Python,.py,24,665
scikit-learn,sklearn/model_selection/tests/test_classification_threshold.py,Python,.py,635,24451
scikit-learn,sklearn/model_selection/tests/test_plot.py,Python,.py,572,19028
scikit-learn,sklearn/model_selection/tests/test_search.py,Python,.py,3180,110525
scikit-learn,sklearn/model_selection/tests/test_split.py,Python,.py,2117,77425
scikit-learn,sklearn/model_selection/tests/test_successive_halving.py,Python,.py,908,32592
scikit-learn,sklearn/model_selection/tests/test_validation.py,Python,.py,2744,95696
scikit-learn,sklearn/model_selection/tests/__init__.py,Python,.py,0,0
scikit-learn,sklearn/mixture/tests/test_bayesian_mixture.py,Python,.py,464,17504
scikit-learn,sklearn/mixture/tests/test_gaussian_mixture.py,Python,.py,1649,57683
scikit-learn,sklearn/mixture/tests/test_mixture.py,Python,.py,33,1211
scikit-learn,sklearn/mixture/tests/__init__.py,Python,.py,0,0
scikit-learn,sklearn/metrics/cluster/_bicluster.py,Python,.py,114,3761
scikit-learn,sklearn/metrics/cluster/_expected_mutual_info_fast.pyx,Cython,.pyx,69,2761
scikit-learn,sklearn/metrics/cluster/_supervised.py,Python,.py,1335,46808
scikit-learn,sklearn/metrics/cluster/_unsupervised.py,Python,.py,487,18467
scikit-learn,sklearn/metrics/cluster/__init__.py,Python,.py,56,1565
scikit-learn,sklearn/metrics/tests/test_classification.py,Python,.py,3749,137881
scikit-learn,sklearn/metrics/tests/test_common.py,Python,.py,3005,104610
scikit-learn,sklearn/metrics/tests/test_dist_metrics.py,Python,.py,431,15426
scikit-learn,sklearn/metrics/tests/test_pairwise.py,Python,.py,1863,67620
scikit-learn,sklearn/metrics/tests/test_pairwise_distances_reduction.py,Python,.py,1643,54704
scikit-learn,sklearn/metrics/tests/test_ranking.py,Python,.py,2651,100789
scikit-learn,sklearn/metrics/tests/test_regression.py,Python,.py,644,26897
scikit-learn,sklearn/metrics/tests/test_score_objects.py,Python,.py,1723,62614
scikit-learn,sklearn/metrics/tests/__init__.py,Python,.py,0,0
scikit-learn,sklearn/metrics/_pairwise_distances_reduction/_classmode.pxd,Cython,.pxd,5,156
scikit-learn,sklearn/metrics/_pairwise_distances_reduction/_dispatcher.py,Python,.py,763,30795
scikit-learn,sklearn/metrics/_pairwise_distances_reduction/__init__.py,Python,.py,112,5289
scikit-learn,sklearn/metrics/_plot/confusion_matrix.py,Python,.py,499,17862
scikit-learn,sklearn/metrics/_plot/det_curve.py,Python,.py,439,15540
scikit-learn,sklearn/metrics/_plot/precision_recall_curve.py,Python,.py,925,35884
scikit-learn,sklearn/metrics/_plot/regression.py,Python,.py,413,15119
scikit-learn,sklearn/metrics/_plot/roc_curve.py,Python,.py,745,27214
scikit-learn,sklearn/metrics/_plot/__init__.py,Python,.py,2,81
scikit-learn,sklearn/metrics/_plot/tests/test_common_curve_display.py,Python,.py,860,31169
scikit-learn,sklearn/metrics/_plot/tests/test_confusion_matrix_display.py,Python,.py,374,13861
scikit-learn,sklearn/metrics/_plot/tests/test_det_curve_display.py,Python,.py,131,4458
scikit-learn,sklearn/metrics/_plot/tests/test_precision_recall_display.py,Python,.py,728,27129
scikit-learn,sklearn/metrics/_plot/tests/test_predict_error_display.py,Python,.py,169,6176
scikit-learn,sklearn/metrics/_plot/tests/test_roc_curve_display.py,Python,.py,569,19883
scikit-learn,sklearn/metrics/_plot/tests/__init__.py,Python,.py,0,0
scikit-learn,sklearn/metrics/cluster/tests/test_bicluster.py,Python,.py,56,1775
scikit-learn,sklearn/metrics/cluster/tests/test_common.py,Python,.py,306,10626
scikit-learn,sklearn/metrics/cluster/tests/test_supervised.py,Python,.py,537,20166
scikit-learn,sklearn/metrics/cluster/tests/test_unsupervised.py,Python,.py,413,12682
scikit-learn,sklearn/metrics/cluster/tests/__init__.py,Python,.py,0,0
scikit-learn,sklearn/manifold/tests/test_classical_mds.py,Python,.py,68,2048
scikit-learn,sklearn/manifold/tests/test_isomap.py,Python,.py,346,12396
scikit-learn,sklearn/manifold/tests/test_locally_linear.py,Python,.py,171,5943
scikit-learn,sklearn/manifold/tests/test_mds.py,Python,.py,296,9799
scikit-learn,sklearn/manifold/tests/test_spectral_embedding.py,Python,.py,557,20551
scikit-learn,sklearn/manifold/tests/test_t_sne.py,Python,.py,1137,38767
scikit-learn,sklearn/manifold/tests/__init__.py,Python,.py,0,0
scikit-learn,sklearn/linear_model/tests/test_base.py,Python,.py,920,32139
scikit-learn,sklearn/linear_model/tests/test_bayes.py,Python,.py,331,12264
scikit-learn,sklearn/linear_model/tests/test_common.py,Python,.py,297,10046
scikit-learn,sklearn/linear_model/tests/test_coordinate_descent.py,Python,.py,1879,67448
scikit-learn,sklearn/linear_model/tests/test_huber.py,Python,.py,216,7831
scikit-learn,sklearn/linear_model/tests/test_least_angle.py,Python,.py,870,30537
scikit-learn,sklearn/linear_model/tests/test_linear_loss.py,Python,.py,510,18422
scikit-learn,sklearn/linear_model/tests/test_logistic.py,Python,.py,3251,120811
scikit-learn,sklearn/linear_model/tests/test_omp.py,Python,.py,273,9617
scikit-learn,sklearn/linear_model/tests/test_passive_aggressive.py,Python,.py,345,12162
scikit-learn,sklearn/linear_model/tests/test_perceptron.py,Python,.py,88,2696
scikit-learn,sklearn/linear_model/tests/test_quantile.py,Python,.py,283,10972
scikit-learn,sklearn/linear_model/tests/test_ransac.py,Python,.py,543,17337
scikit-learn,sklearn/linear_model/tests/test_ridge.py,Python,.py,2711,98269
scikit-learn,sklearn/linear_model/tests/test_sag.py,Python,.py,867,26739
scikit-learn,sklearn/linear_model/tests/test_sgd.py,Python,.py,2340,77096
scikit-learn,sklearn/linear_model/tests/test_sparse_coordinate_descent.py,Python,.py,404,13387
scikit-learn,sklearn/linear_model/tests/test_theil_sen.py,Python,.py,296,10234
scikit-learn,sklearn/linear_model/tests/__init__.py,Python,.py,0,0
scikit-learn,sklearn/linear_model/_glm/glm.py,Python,.py,1217,47295
scikit-learn,sklearn/linear_model/_glm/_newton_solver.py,Python,.py,1590,68789
scikit-learn,sklearn/linear_model/_glm/__init__.py,Python,.py,16,359
scikit-learn,sklearn/linear_model/_glm/tests/test_glm.py,Python,.py,1348,51986
scikit-learn,sklearn/linear_model/_glm/tests/test_newton_solver.py,Python,.py,79,3106
scikit-learn,sklearn/linear_model/_glm/tests/__init__.py,Python,.py,2,81
scikit-learn,sklearn/inspection/tests/test_partial_dependence.py,Python,.py,1255,43984
scikit-learn,sklearn/inspection/tests/test_pd_utils.py,Python,.py,47,1684
scikit-learn,sklearn/inspection/tests/test_permutation_importance.py,Python,.py,550,20835
scikit-learn,sklearn/inspection/tests/__init__.py,Python,.py,0,0
scikit-learn,sklearn/inspection/_plot/decision_boundary.py,Python,.py,854,35469
scikit-learn,sklearn/inspection/_plot/partial_dependence.py,Python,.py,1490,62955
scikit-learn,sklearn/inspection/_plot/__init__.py,Python,.py,2,81
scikit-learn,sklearn/inspection/_plot/tests/test_boundary_decision_display.py,Python,.py,1050,36359
scikit-learn,sklearn/inspection/_plot/tests/test_plot_partial_dependence.py,Python,.py,1311,42568
scikit-learn,sklearn/inspection/_plot/tests/__init__.py,Python,.py,0,0
scikit-learn,sklearn/impute/tests/test_base.py,Python,.py,107,3468
scikit-learn,sklearn/impute/tests/test_common.py,Python,.py,217,7434
scikit-learn,sklearn/impute/tests/test_impute.py,Python,.py,1932,67746
scikit-learn,sklearn/impute/tests/test_knn.py,Python,.py,570,18110
scikit-learn,sklearn/impute/tests/__init__.py,Python,.py,0,0
scikit-learn,sklearn/gaussian_process/tests/test_gpc.py,Python,.py,339,12267
scikit-learn,sklearn/gaussian_process/tests/test_gpr.py,Python,.py,878,31712
scikit-learn,sklearn/gaussian_process/tests/test_kernels.py,Python,.py,403,14895
scikit-learn,sklearn/gaussian_process/tests/_mini_sequence_kernel.py,Python,.py,54,1625
scikit-learn,sklearn/gaussian_process/tests/__init__.py,Python,.py,0,0
scikit-learn,sklearn/frozen/tests/test_frozen.py,Python,.py,214,7025
scikit-learn,sklearn/frozen/tests/__init__.py,Python,.py,0,0
scikit-learn,sklearn/feature_selection/tests/test_base.py,Python,.py,154,4986
scikit-learn,sklearn/feature_selection/tests/test_chi2.py,Python,.py,93,3232
scikit-learn,sklearn/feature_selection/tests/test_feature_select.py,Python,.py,1018,33525
scikit-learn,sklearn/feature_selection/tests/test_from_model.py,Python,.py,692,24277
scikit-learn,sklearn/feature_selection/tests/test_mutual_info.py,Python,.py,270,10122
scikit-learn,sklearn/feature_selection/tests/test_rfe.py,Python,.py,778,26773
scikit-learn,sklearn/feature_selection/tests/test_sequential.py,Python,.py,332,11238
scikit-learn,sklearn/feature_selection/tests/test_variance_threshold.py,Python,.py,72,2712
scikit-learn,sklearn/feature_selection/tests/__init__.py,Python,.py,0,0
scikit-learn,sklearn/feature_extraction/tests/test_dict_vectorizer.py,Python,.py,261,8517
scikit-learn,sklearn/feature_extraction/tests/test_feature_hasher.py,Python,.py,176,5910
scikit-learn,sklearn/feature_extraction/tests/test_image.py,Python,.py,382,13565
scikit-learn,sklearn/feature_extraction/tests/test_text.py,Python,.py,1659,55028
scikit-learn,sklearn/feature_extraction/tests/__init__.py,Python,.py,0,0
scikit-learn,sklearn/externals/array_api_compat/_internal.py,Python,.py,77,2149
scikit-learn,sklearn/externals/array_api_compat/__init__.py,Python,.py,22,1008
scikit-learn,sklearn/externals/array_api_extra/_at.py,Python,.py,468,16023
scikit-learn,sklearn/externals/array_api_extra/_creation.py,Python,.py,146,4727
scikit-learn,sklearn/externals/array_api_extra/_elementwise.py,Python,.py,368,13201
scikit-learn,sklearn/externals/array_api_extra/_indexing.py,Python,.py,258,8529
scikit-learn,sklearn/externals/array_api_extra/_lazy.py,Python,.py,334,13726
scikit-learn,sklearn/externals/array_api_extra/_linalg.py,Python,.py,102,3147
scikit-learn,sklearn/externals/array_api_extra/_manipulation.py,Python,.py,284,9259
scikit-learn,sklearn/externals/array_api_extra/_searching.py,Python,.py,88,3251
scikit-learn,sklearn/externals/array_api_extra/_set.py,Python,.py,212,6500
scikit-learn,sklearn/externals/array_api_extra/_sorting.py,Python,.py,206,6844
scikit-learn,sklearn/externals/array_api_extra/_statistical.py,Python,.py,425,15106
scikit-learn,sklearn/externals/array_api_extra/__init__.py,Python,.py,56,1412
scikit-learn,sklearn/externals/_numpydoc/docscrape.py,Python,.py,759,24449
scikit-learn,sklearn/externals/_packaging/version.py,Python,.py,535,16668
scikit-learn,sklearn/externals/_packaging/_structures.py,Python,.py,90,3012
scikit-learn,sklearn/externals/_packaging/__init__.py,Python,.py,0,0
scikit-learn,sklearn/externals/_scipy/__init__.py,Python,.py,0,0
scikit-learn,sklearn/externals/_scipy/sparse/__init__.py,Python,.py,0,0
scikit-learn,sklearn/externals/_scipy/sparse/csgraph/_laplacian.py,Python,.py,557,18751
scikit-learn,sklearn/externals/_scipy/sparse/csgraph/__init__.py,Python,.py,1,35
scikit-learn,sklearn/externals/array_api_extra/testing/_testing.py,Python,.py,1020,38425
scikit-learn,sklearn/externals/array_api_extra/testing/__init__.py,Python,.py,19,359
scikit-learn,sklearn/externals/array_api_extra/_agnostic/_creation.py,Python,.py,43,1534
scikit-learn,sklearn/externals/array_api_extra/_agnostic/_elementwise.py,Python,.py,351,11635
scikit-learn,sklearn/externals/array_api_extra/_agnostic/_indexing.py,Python,.py,68,2061
scikit-learn,sklearn/externals/array_api_extra/_agnostic/_inspection.py,Python,.py,45,1524
scikit-learn,sklearn/externals/array_api_extra/_agnostic/_linalg.py,Python,.py,47,1497
scikit-learn,sklearn/externals/array_api_extra/_agnostic/_manipulation.py,Python,.py,99,3163
scikit-learn,sklearn/externals/array_api_extra/_agnostic/_searching.py,Python,.py,44,1392
scikit-learn,sklearn/externals/array_api_extra/_agnostic/_set.py,Python,.py,87,2881
scikit-learn,sklearn/externals/array_api_extra/_agnostic/_sorting.py,Python,.py,29,710
scikit-learn,sklearn/externals/array_api_extra/_agnostic/_statistical.py,Python,.py,180,5729
scikit-learn,sklearn/externals/array_api_extra/_agnostic/__init__.py,Python,.py,27,438
scikit-learn,sklearn/externals/array_api_extra/_lib/_backends.py,Python,.py,73,2243
scikit-learn,sklearn/externals/array_api_extra/_lib/_compat.py,Python,.py,74,1877
scikit-learn,sklearn/externals/array_api_extra/_lib/_helpers.py,Python,.py,618,20661
scikit-learn,sklearn/externals/array_api_extra/_lib/_testing.py,Python,.py,33,1056
scikit-learn,sklearn/externals/array_api_extra/_lib/_typing.py,Python,.py,39,756
scikit-learn,sklearn/externals/array_api_extra/_lib/__init__.py,Python,.py,1,37
scikit-learn,sklearn/externals/array_api_compat/common/_aliases.py,Python,.py,702,19690
scikit-learn,sklearn/externals/array_api_compat/common/_fft.py,Python,.py,213,4882
scikit-learn,sklearn/externals/array_api_compat/common/_helpers.py,Python,.py,1097,34433
scikit-learn,sklearn/externals/array_api_compat/common/_linalg.py,Python,.py,234,7116
scikit-learn,sklearn/externals/array_api_compat/common/_typing.py,Python,.py,189,4687
scikit-learn,sklearn/externals/array_api_compat/common/__init__.py,Python,.py,1,39
scikit-learn,sklearn/externals/array_api_compat/cupy/fft.py,Python,.py,36,908
scikit-learn,sklearn/externals/array_api_compat/cupy/linalg.py,Python,.py,62,1907
scikit-learn,sklearn/externals/array_api_compat/cupy/_aliases.py,Python,.py,208,6608
scikit-learn,sklearn/externals/array_api_compat/cupy/_info.py,Python,.py,336,10466
scikit-learn,sklearn/externals/array_api_compat/cupy/_typing.py,Python,.py,30,637
scikit-learn,sklearn/externals/array_api_compat/cupy/__init__.py,Python,.py,24,768
scikit-learn,sklearn/externals/array_api_compat/dask/__init__.py,Python,.py,0,0
scikit-learn,sklearn/externals/array_api_compat/numpy/fft.py,Python,.py,30,744
scikit-learn,sklearn/externals/array_api_compat/numpy/linalg.py,Python,.py,208,6725
scikit-learn,sklearn/externals/array_api_compat/numpy/_aliases.py,Python,.py,191,5857
scikit-learn,sklearn/externals/array_api_compat/numpy/_info.py,Python,.py,367,11162
scikit-learn,sklearn/externals/array_api_compat/numpy/_typing.py,Python,.py,29,634
scikit-learn,sklearn/externals/array_api_compat/numpy/__init__.py,Python,.py,37,1087
scikit-learn,sklearn/externals/array_api_compat/torch/fft.py,Python,.py,82,1985
scikit-learn,sklearn/externals/array_api_compat/torch/linalg.py,Python,.py,114,4674
scikit-learn,sklearn/externals/array_api_compat/torch/_aliases.py,Python,.py,960,34763
scikit-learn,sklearn/externals/array_api_compat/torch/_info.py,Python,.py,369,12265
scikit-learn,sklearn/externals/array_api_compat/torch/_typing.py,Python,.py,3,111
scikit-learn,sklearn/externals/array_api_compat/torch/__init__.py,Python,.py,25,666
scikit-learn,sklearn/externals/array_api_compat/dask/array/fft.py,Python,.py,16,349
scikit-learn,sklearn/externals/array_api_compat/dask/array/linalg.py,Python,.py,64,2204
scikit-learn,sklearn/externals/array_api_compat/dask/array/_aliases.py,Python,.py,369,10801
scikit-learn,sklearn/externals/array_api_compat/dask/array/_info.py,Python,.py,407,12649
scikit-learn,sklearn/externals/array_api_compat/dask/array/__init__.py,Python,.py,26,711
scikit-learn,sklearn/experimental/tests/test_enable_hist_gradient_boosting.py,Python,.py,23,775
scikit-learn,sklearn/experimental/tests/test_enable_iterative_imputer.py,Python,.py,19,681
scikit-learn,sklearn/experimental/tests/test_enable_successive_halving.py,Python,.py,53,1949
scikit-learn,sklearn/experimental/tests/__init__.py,Python,.py,0,0
scikit-learn,sklearn/ensemble/tests/test_bagging.py,Python,.py,1173,40073
scikit-learn,sklearn/ensemble/tests/test_base.py,Python,.py,109,3776
scikit-learn,sklearn/ensemble/tests/test_bootstrap.py,Python,.py,81,3123
scikit-learn,sklearn/ensemble/tests/test_common.py,Python,.py,263,9454
scikit-learn,sklearn/ensemble/tests/test_forest.py,Python,.py,1934,68634
scikit-learn,sklearn/ensemble/tests/test_gradient_boosting.py,Python,.py,1677,59635
scikit-learn,sklearn/ensemble/tests/test_iforest.py,Python,.py,395,14032
scikit-learn,sklearn/ensemble/tests/test_stacking.py,Python,.py,1019,34416
scikit-learn,sklearn/ensemble/tests/test_voting.py,Python,.py,796,28065
scikit-learn,sklearn/ensemble/tests/test_weight_boosting.py,Python,.py,602,21312
scikit-learn,sklearn/ensemble/tests/__init__.py,Python,.py,0,0
scikit-learn,sklearn/ensemble/_hist_gradient_boosting/binning.py,Python,.py,388,16850
scikit-learn,sklearn/ensemble/_hist_gradient_boosting/common.pxd,Cython,.pxd,45,1355
scikit-learn,sklearn/ensemble/_hist_gradient_boosting/common.pyx,Cython,.pyx,47,1874
scikit-learn,sklearn/ensemble/_hist_gradient_boosting/gradient_boosting.py,Python,.py,2258,94915
scikit-learn,sklearn/ensemble/_hist_gradient_boosting/grower.py,Python,.py,820,33669
scikit-learn,sklearn/ensemble/_hist_gradient_boosting/histogram.pyx,Cython,.pyx,520,21336
scikit-learn,sklearn/ensemble/_hist_gradient_boosting/predictor.py,Python,.py,149,5271
scikit-learn,sklearn/ensemble/_hist_gradient_boosting/splitting.pyx,Cython,.pyx,1092,48826
scikit-learn,sklearn/ensemble/_hist_gradient_boosting/utils.py,Python,.py,149,5720
scikit-learn,sklearn/ensemble/_hist_gradient_boosting/_binning.pyx,Cython,.pyx,122,4098
scikit-learn,sklearn/ensemble/_hist_gradient_boosting/_gradient_boosting.pyx,Cython,.pyx,59,2129
scikit-learn,sklearn/ensemble/_hist_gradient_boosting/_predictor.pyx,Cython,.pyx,255,10028
scikit-learn,sklearn/ensemble/_hist_gradient_boosting/__init__.py,Python,.py,8,254
scikit-learn,sklearn/ensemble/_hist_gradient_boosting/tests/test_binning.py,Python,.py,583,20997
scikit-learn,sklearn/ensemble/_hist_gradient_boosting/tests/test_compare_lightgbm.py,Python,.py,279,10388
scikit-learn,sklearn/ensemble/_hist_gradient_boosting/tests/test_gradient_boosting.py,Python,.py,1764,65387
scikit-learn,sklearn/ensemble/_hist_gradient_boosting/tests/test_grower.py,Python,.py,650,23803
scikit-learn,sklearn/ensemble/_hist_gradient_boosting/tests/test_histogram.py,Python,.py,239,8920
scikit-learn,sklearn/ensemble/_hist_gradient_boosting/tests/test_monotonic_constraints.py,Python,.py,446,17383
scikit-learn,sklearn/ensemble/_hist_gradient_boosting/tests/test_predictor.py,Python,.py,187,6506
scikit-learn,sklearn/ensemble/_hist_gradient_boosting/tests/test_splitting.py,Python,.py,1070,39709
scikit-learn,sklearn/ensemble/_hist_gradient_boosting/tests/test_warm_start.py,Python,.py,231,8164
scikit-learn,sklearn/ensemble/_hist_gradient_boosting/tests/__init__.py,Python,.py,0,0
scikit-learn,sklearn/decomposition/tests/test_dict_learning.py,Python,.py,1016,32562
scikit-learn,sklearn/decomposition/tests/test_factor_analysis.py,Python,.py,109,4141
scikit-learn,sklearn/decomposition/tests/test_fastica.py,Python,.py,457,16373
scikit-learn,sklearn/decomposition/tests/test_incremental_pca.py,Python,.py,487,17384
scikit-learn,sklearn/decomposition/tests/test_kernel_pca.py,Python,.py,566,21589
scikit-learn,sklearn/decomposition/tests/test_nmf.py,Python,.py,1025,33833
scikit-learn,sklearn/decomposition/tests/test_online_lda.py,Python,.py,489,16797
scikit-learn,sklearn/decomposition/tests/test_pca.py,Python,.py,1132,42745
scikit-learn,sklearn/decomposition/tests/test_sparse_pca.py,Python,.py,350,12566
scikit-learn,sklearn/decomposition/tests/test_truncated_svd.py,Python,.py,225,7769
scikit-learn,sklearn/decomposition/tests/__init__.py,Python,.py,0,0
scikit-learn,sklearn/datasets/data/__init__.py,Python,.py,2,81
scikit-learn,sklearn/datasets/descr/__init__.py,Python,.py,2,81
scikit-learn,sklearn/datasets/images/__init__.py,Python,.py,2,81
scikit-learn,sklearn/datasets/tests/test_20news.py,Python,.py,143,5483
scikit-learn,sklearn/datasets/tests/test_arff_parser.py,Python,.py,284,8480
scikit-learn,sklearn/datasets/tests/test_base.py,Python,.py,727,25864
scikit-learn,sklearn/datasets/tests/test_california_housing.py,Python,.py,38,1407
scikit-learn,sklearn/datasets/tests/test_common.py,Python,.py,136,4528
scikit-learn,sklearn/datasets/tests/test_covtype.py,Python,.py,55,1812
scikit-learn,sklearn/datasets/tests/test_kddcup99.py,Python,.py,89,2690
scikit-learn,sklearn/datasets/tests/test_lfw.py,Python,.py,229,8027
scikit-learn,sklearn/datasets/tests/test_olivetti_faces.py,Python,.py,26,945
scikit-learn,sklearn/datasets/tests/test_openml.py,Python,.py,1687,58567
scikit-learn,sklearn/datasets/tests/test_rcv1.py,Python,.py,71,2414
scikit-learn,sklearn/datasets/tests/test_samples_generator.py,Python,.py,747,24719
scikit-learn,sklearn/datasets/tests/test_svmlight_format.py,Python,.py,613,20835
scikit-learn,sklearn/datasets/tests/__init__.py,Python,.py,0,0
scikit-learn,sklearn/datasets/tests/data/__init__.py,Python,.py,0,0
scikit-learn,sklearn/datasets/tests/data/openml/__init__.py,Python,.py,0,0
scikit-learn,sklearn/datasets/tests/data/openml/id_1/__init__.py,Python,.py,0,0
scikit-learn,sklearn/datasets/tests/data/openml/id_1119/__init__.py,Python,.py,0,0
scikit-learn,sklearn/datasets/tests/data/openml/id_1590/__init__.py,Python,.py,0,0
scikit-learn,sklearn/datasets/tests/data/openml/id_2/__init__.py,Python,.py,0,0
scikit-learn,sklearn/datasets/tests/data/openml/id_292/__init__.py,Python,.py,0,0
scikit-learn,sklearn/datasets/tests/data/openml/id_3/__init__.py,Python,.py,0,0
scikit-learn,sklearn/datasets/tests/data/openml/id_40589/__init__.py,Python,.py,0,0
scikit-learn,sklearn/datasets/tests/data/openml/id_40675/__init__.py,Python,.py,0,0
scikit-learn,sklearn/datasets/tests/data/openml/id_40945/__init__.py,Python,.py,0,0
scikit-learn,sklearn/datasets/tests/data/openml/id_40966/__init__.py,Python,.py,0,0
scikit-learn,sklearn/datasets/tests/data/openml/id_42074/__init__.py,Python,.py,0,0
scikit-learn,sklearn/datasets/tests/data/openml/id_42585/__init__.py,Python,.py,0,0
scikit-learn,sklearn/datasets/tests/data/openml/id_561/__init__.py,Python,.py,0,0
scikit-learn,sklearn/datasets/tests/data/openml/id_61/__init__.py,Python,.py,0,0
scikit-learn,sklearn/datasets/tests/data/openml/id_62/__init__.py,Python,.py,0,0
scikit-learn,sklearn/cross_decomposition/tests/test_pls.py,Python,.py,678,24279
scikit-learn,sklearn/cross_decomposition/tests/__init__.py,Python,.py,0,0
scikit-learn,sklearn/covariance/tests/test_covariance.py,Python,.py,595,23017
scikit-learn,sklearn/covariance/tests/test_elliptic_envelope.py,Python,.py,52,1639
scikit-learn,sklearn/covariance/tests/test_graphical_lasso.py,Python,.py,330,11785
scikit-learn,sklearn/covariance/tests/test_robust_covariance.py,Python,.py,204,7720
scikit-learn,sklearn/covariance/tests/__init__.py,Python,.py,0,0
scikit-learn,sklearn/compose/tests/test_column_transformer.py,Python,.py,2899,101453
scikit-learn,sklearn/compose/tests/test_target.py,Python,.py,448,15705
scikit-learn,sklearn/compose/tests/__init__.py,Python,.py,0,0
scikit-learn,sklearn/cluster/tests/common.py,Python,.py,37,917
scikit-learn,sklearn/cluster/tests/test_affinity_propagation.py,Python,.py,321,12219
scikit-learn,sklearn/cluster/tests/test_bicluster.py,Python,.py,265,9419
scikit-learn,sklearn/cluster/tests/test_birch.py,Python,.py,242,8848
scikit-learn,sklearn/cluster/tests/test_bisect_k_means.py,Python,.py,173,5740
scikit-learn,sklearn/cluster/tests/test_dbscan.py,Python,.py,468,17561
scikit-learn,sklearn/cluster/tests/test_feature_agglomeration.py,Python,.py,55,2020
scikit-learn,sklearn/cluster/tests/test_hdbscan.py,Python,.py,605,20941
scikit-learn,sklearn/cluster/tests/test_hierarchical.py,Python,.py,918,34062
scikit-learn,sklearn/cluster/tests/test_k_means.py,Python,.py,1376,50573
scikit-learn,sklearn/cluster/tests/test_mean_shift.py,Python,.py,218,7414
scikit-learn,sklearn/cluster/tests/test_optics.py,Python,.py,874,25661
scikit-learn,sklearn/cluster/tests/test_spectral.py,Python,.py,336,12164
scikit-learn,sklearn/cluster/tests/__init__.py,Python,.py,0,0
scikit-learn,sklearn/cluster/_hdbscan/hdbscan.py,Python,.py,1020,42806
scikit-learn,sklearn/cluster/_hdbscan/_linkage.pyx,Cython,.pyx,274,10551
scikit-learn,sklearn/cluster/_hdbscan/_reachability.pyx,Cython,.pyx,210,7989
scikit-learn,sklearn/cluster/_hdbscan/_tree.pxd,Cython,.pxd,49,2204
scikit-learn,sklearn/cluster/_hdbscan/_tree.pyx,Cython,.pyx,799,28575
scikit-learn,sklearn/cluster/_hdbscan/__init__.py,Python,.py,2,81
scikit-learn,sklearn/cluster/_hdbscan/tests/test_reachibility.py,Python,.py,63,2128
scikit-learn,sklearn/cluster/_hdbscan/tests/__init__.py,Python,.py,0,0
scikit-learn,sklearn/callback/tests/conftest.py,Python,.py,6,185
scikit-learn,sklearn/callback/tests/test_callback_context.py,Python,.py,511,19531
scikit-learn,sklearn/callback/tests/test_callback_support.py,Python,.py,171,6454
scikit-learn,sklearn/callback/tests/test_pickle.py,Python,.py,219,8074
scikit-learn,sklearn/callback/tests/test_progressbar.py,Python,.py,221,8158
scikit-learn,sklearn/callback/tests/test_scoring_monitor.py,Python,.py,425,14670
scikit-learn,sklearn/callback/tests/__init__.py,Python,.py,0,0
scikit-learn,sklearn/callback/tests/_common/callbacks.py,Python,.py,178,5713
scikit-learn,sklearn/callback/tests/_common/estimators.py,Python,.py,293,9763
scikit-learn,sklearn/callback/tests/_common/__init__.py,Python,.py,2,81
scikit-learn,examples/applications/plot_cyclical_feature_engineering.py,Python,.py,855,33363
scikit-learn,examples/applications/plot_digits_denoising.py,Python,.py,151,5380
scikit-learn,examples/applications/plot_face_recognition.py,Python,.py,262,9858
scikit-learn,examples/applications/plot_model_complexity_influence.py,Python,.py,292,10856
scikit-learn,examples/applications/plot_outlier_detection_wine.py,Python,.py,137,5034
scikit-learn,examples/applications/plot_out_of_core_classification.py,Python,.py,434,13925
scikit-learn,examples/applications/plot_prediction_latency.py,Python,.py,348,11493
scikit-learn,examples/applications/plot_species_distribution_modeling.py,Python,.py,246,8016
scikit-learn,examples/applications/plot_stock_market.py,Python,.py,274,8542
scikit-learn,examples/applications/plot_time_series_lagged_features.py,Python,.py,438,16762
scikit-learn,examples/applications/plot_tomography_l1_reconstruction.py,Python,.py,147,5641
scikit-learn,examples/applications/plot_topics_extraction_with_nmf_lda.py,Python,.py,224,6911
scikit-learn,examples/applications/plot_wikipedia_principal_eigenvector.py,Python,.py,243,8304
scikit-learn,examples/bicluster/plot_bicluster_newsgroups.py,Python,.py,163,5514
scikit-learn,examples/bicluster/plot_spectral_biclustering.py,Python,.py,123,4799
scikit-learn,examples/bicluster/plot_spectral_coclustering.py,Python,.py,56,1802
scikit-learn,examples/calibration/plot_calibration.py,Python,.py,140,4812
scikit-learn,examples/calibration/plot_calibration_curve.py,Python,.py,336,11855
scikit-learn,examples/calibration/plot_calibration_multiclass.py,Python,.py,304,11063
scikit-learn,examples/calibration/plot_compare_calibration.py,Python,.py,286,12463
scikit-learn,examples/callbacks/plot_callback_support.py,Python,.py,427,18996
scikit-learn,examples/callbacks/plot_scoring_monitor.py,Python,.py,255,10910
scikit-learn,examples/classification/plot_classification_probability.py,Python,.py,241,9076
scikit-learn,examples/classification/plot_classifier_comparison.py,Python,.py,157,5101
scikit-learn,examples/classification/plot_digits_classification.py,Python,.py,128,4685
scikit-learn,examples/classification/plot_lda.py,Python,.py,107,3232
scikit-learn,examples/classification/plot_lda_qda.py,Python,.py,228,8101
scikit-learn,examples/cluster/plot_adjusted_for_chance_measures.py,Python,.py,229,8919
scikit-learn,examples/cluster/plot_affinity_propagation.py,Python,.py,78,2339
scikit-learn,examples/cluster/plot_agglomerative_clustering_metrics.py,Python,.py,146,4940
scikit-learn,examples/cluster/plot_agglomerative_dendrogram.py,Python,.py,55,1777
scikit-learn,examples/cluster/plot_birch_vs_minibatchkmeans.py,Python,.py,108,3893
scikit-learn,examples/cluster/plot_bisect_kmeans.py,Python,.py,65,2125
scikit-learn,examples/cluster/plot_cluster_comparison.py,Python,.py,288,8863
scikit-learn,examples/cluster/plot_coin_segmentation.py,Python,.py,104,3980
scikit-learn,examples/cluster/plot_coin_ward_segmentation.py,Python,.py,92,2455
scikit-learn,examples/cluster/plot_dbscan.py,Python,.py,132,4214
scikit-learn,examples/cluster/plot_dict_face_patches.py,Python,.py,94,2818
scikit-learn,examples/cluster/plot_digits_agglomeration.py,Python,.py,58,1638
scikit-learn,examples/cluster/plot_digits_linkage.py,Python,.py,88,2842
scikit-learn,examples/cluster/plot_face_compress.py,Python,.py,184,7039
scikit-learn,examples/cluster/plot_feature_agglomeration_vs_univariate_selection.py,Python,.py,113,3696
scikit-learn,examples/cluster/plot_hdbscan.py,Python,.py,249,10186
scikit-learn,examples/cluster/plot_inductive_clustering.py,Python,.py,135,4187
scikit-learn,examples/cluster/plot_kmeans_assumptions.py,Python,.py,178,6784
scikit-learn,examples/cluster/plot_kmeans_digits.py,Python,.py,194,6526
scikit-learn,examples/cluster/plot_kmeans_plusplus.py,Python,.py,45,1294
scikit-learn,examples/cluster/plot_kmeans_silhouette_analysis.py,Python,.py,162,6140
scikit-learn,examples/cluster/plot_kmeans_stability_low_dim_dense.py,Python,.py,132,4472
scikit-learn,examples/cluster/plot_linkage_comparison.py,Python,.py,178,5420
scikit-learn,examples/cluster/plot_mean_shift.py,Python,.py,69,1814
scikit-learn,examples/cluster/plot_mini_batch_kmeans.py,Python,.py,147,4253
scikit-learn,examples/cluster/plot_optics.py,Python,.py,108,3580
scikit-learn,examples/cluster/plot_segmentation_toy.py,Python,.py,118,3849
scikit-learn,examples/cluster/plot_ward_structured_vs_unstructured.py,Python,.py,181,6701
scikit-learn,examples/compose/plot_column_transformer.py,Python,.py,186,6949
scikit-learn,examples/compose/plot_column_transformer_mixed_types.py,Python,.py,232,8077
scikit-learn,examples/compose/plot_compare_reduction.py,Python,.py,132,4595
scikit-learn,examples/compose/plot_digits_pipe.py,Python,.py,85,2675
scikit-learn,examples/compose/plot_feature_union.py,Python,.py,61,2012
scikit-learn,examples/compose/plot_transformed_target.py,Python,.py,231,7874
scikit-learn,examples/covariance/plot_covariance_estimation.py,Python,.py,163,5440
scikit-learn,examples/covariance/plot_lw_vs_oas.py,Python,.py,109,3132
scikit-learn,examples/covariance/plot_mahalanobis_distances.py,Python,.py,216,8394
scikit-learn,examples/covariance/plot_robust_vs_empirical_covariance.py,Python,.py,189,6771
scikit-learn,examples/covariance/plot_sparse_cov.py,Python,.py,158,5146
scikit-learn,examples/cross_decomposition/plot_compare_cross_decomposition.py,Python,.py,175,5023
scikit-learn,examples/cross_decomposition/plot_pcr_vs_pls.py,Python,.py,169,7175
scikit-learn,examples/datasets/plot_random_multilabel_dataset.py,Python,.py,109,3325
scikit-learn,examples/decomposition/plot_faces_decomposition.py,Python,.py,335,10879
scikit-learn,examples/decomposition/plot_ica_blind_source_separation.py,Python,.py,85,2307
scikit-learn,examples/decomposition/plot_ica_vs_pca.py,Python,.py,115,3433
scikit-learn,examples/decomposition/plot_image_denoising.py,Python,.py,188,6333
scikit-learn,examples/decomposition/plot_incremental_pca.py,Python,.py,63,2083
scikit-learn,examples/decomposition/plot_kernel_pca.py,Python,.py,163,6977
scikit-learn,examples/decomposition/plot_pca_iris.py,Python,.py,104,3535
scikit-learn,examples/decomposition/plot_pca_vs_fa_model_selection.py,Python,.py,143,4638
scikit-learn,examples/decomposition/plot_pca_vs_lda.py,Python,.py,67,2162
scikit-learn,examples/decomposition/plot_sparse_coding.py,Python,.py,123,4232
scikit-learn,examples/decomposition/plot_varimax_fa.py,Python,.py,78,2432
scikit-learn,examples/developing_estimators/sklearn_is_fitted.py,Python,.py,75,2682
scikit-learn,examples/ensemble/plot_adaboost_multiclass.py,Python,.py,252,10487
scikit-learn,examples/ensemble/plot_adaboost_regression.py,Python,.py,79,2718
scikit-learn,examples/ensemble/plot_adaboost_twoclass.py,Python,.py,106,3164
scikit-learn,examples/ensemble/plot_bias_variance.py,Python,.py,191,7427
scikit-learn,examples/ensemble/plot_ensemble_oob.py,Python,.py,102,3254
scikit-learn,examples/ensemble/plot_feature_transformation.py,Python,.py,170,5429
scikit-learn,examples/ensemble/plot_forest_hist_grad_boosting_comparison.py,Python,.py,226,9157
scikit-learn,examples/ensemble/plot_forest_importances.py,Python,.py,120,4380
scikit-learn,examples/ensemble/plot_forest_iris.py,Python,.py,182,6598
scikit-learn,examples/ensemble/plot_gradient_boosting_categorical.py,Python,.py,382,14356
scikit-learn,examples/ensemble/plot_gradient_boosting_early_stopping.py,Python,.py,182,6862
scikit-learn,examples/ensemble/plot_gradient_boosting_oob.py,Python,.py,143,5095
scikit-learn,examples/ensemble/plot_gradient_boosting_quantile.py,Python,.py,375,13970
scikit-learn,examples/ensemble/plot_gradient_boosting_regression.py,Python,.py,176,6263
scikit-learn,examples/ensemble/plot_gradient_boosting_regularization.py,Python,.py,90,2779
scikit-learn,examples/ensemble/plot_hgbt_regression.py,Python,.py,429,17133
scikit-learn,examples/ensemble/plot_isolation_forest.py,Python,.py,126,4460
scikit-learn,examples/ensemble/plot_monotonic_constraints.py,Python,.py,112,3427
scikit-learn,examples/ensemble/plot_random_forest_embedding.py,Python,.py,111,3850
scikit-learn,examples/ensemble/plot_random_forest_regression_multioutput.py,Python,.py,96,2720
scikit-learn,examples/ensemble/plot_stack_predictors.py,Python,.py,286,10546
scikit-learn,examples/ensemble/plot_voting_decision_regions.py,Python,.py,218,7456
scikit-learn,examples/ensemble/plot_voting_regressor.py,Python,.py,93,2826
scikit-learn,examples/feature_selection/plot_feature_selection.py,Python,.py,133,3991
scikit-learn,examples/feature_selection/plot_feature_selection_pipeline.py,Python,.py,86,2923
scikit-learn,examples/feature_selection/plot_f_test_vs_mi.py,Python,.py,52,1774
scikit-learn,examples/feature_selection/plot_rfe_digits.py,Python,.py,57,1911
scikit-learn,examples/feature_selection/plot_rfe_with_cross_validation.py,Python,.py,115,3735
scikit-learn,examples/feature_selection/plot_select_from_model_diabetes.py,Python,.py,192,7628
scikit-learn,examples/frozen/plot_frozen_examples.py,Python,.py,98,4027
scikit-learn,examples/gaussian_process/plot_compare_gpr_krr.py,Python,.py,396,13665
scikit-learn,examples/gaussian_process/plot_gpc.py,Python,.py,127,4116
scikit-learn,examples/gaussian_process/plot_gpc_iris.py,Python,.py,65,2154
scikit-learn,examples/gaussian_process/plot_gpc_isoprobability.py,Python,.py,97,2923
scikit-learn,examples/gaussian_process/plot_gpc_xor.py,Python,.py,60,2158
scikit-learn,examples/gaussian_process/plot_gpr_co2.py,Python,.py,226,9050
scikit-learn,examples/gaussian_process/plot_gpr_noisy.py,Python,.py,227,8212
scikit-learn,examples/gaussian_process/plot_gpr_noisy_targets.py,Python,.py,150,5283
scikit-learn,examples/gaussian_process/plot_gpr_on_structured_data.py,Python,.py,196,6298
scikit-learn,examples/gaussian_process/plot_gpr_prior_posterior.py,Python,.py,257,8660
scikit-learn,examples/impute/plot_iterative_imputer_variants_comparison.py,Python,.py,168,6376
scikit-learn,examples/impute/plot_missing_values.py,Python,.py,269,8416
scikit-learn,examples/inspection/plot_causal_interpretation.py,Python,.py,189,7488
scikit-learn,examples/inspection/plot_linear_model_coefficient_interpretation.py,Python,.py,779,28675
scikit-learn,examples/inspection/plot_partial_dependence.py,Python,.py,618,23507
scikit-learn,examples/inspection/plot_partial_dependence_visualization_api.py,Python,.py,140,5583
scikit-learn,examples/inspection/plot_permutation_importance.py,Python,.py,271,10622
scikit-learn,examples/inspection/plot_permutation_importance_multicollinear.py,Python,.py,204,8646
scikit-learn,examples/kernel_approximation/plot_scalable_poly_kernels.py,Python,.py,251,7993
scikit-learn,examples/linear_model/plot_ard.py,Python,.py,212,7333
scikit-learn,examples/linear_model/plot_bayesian_ridge_curvefit.py,Python,.py,93,3198
scikit-learn,examples/linear_model/plot_elastic_net_precomputed_gram_matrix_with_weighted_samples.py,Python,.py,55,2192
scikit-learn,examples/linear_model/plot_huber_vs_ridge.py,Python,.py,64,2159
scikit-learn,examples/linear_model/plot_lasso_and_elasticnet.py,Python,.py,249,9666
scikit-learn,examples/linear_model/plot_lasso_dense_vs_sparse_data.py,Python,.py,89,2993
scikit-learn,examples/linear_model/plot_lasso_lars_ic.py,Python,.py,115,3981
scikit-learn,examples/linear_model/plot_lasso_lasso_lars_elasticnet_path.py,Python,.py,136,4931
scikit-learn,examples/linear_model/plot_lasso_model_selection.py,Python,.py,249,9104
scikit-learn,examples/linear_model/plot_logistic_l1_l2_sparsity.py,Python,.py,86,3092
scikit-learn,examples/linear_model/plot_logistic_multinomial.py,Python,.py,198,7978
scikit-learn,examples/linear_model/plot_logistic_path.py,Python,.py,103,3060
scikit-learn,examples/linear_model/plot_multi_task_lasso_support.py,Python,.py,82,2388
scikit-learn,examples/linear_model/plot_nnls.py,Python,.py,72,2159
scikit-learn,examples/linear_model/plot_ols_ridge.py,Python,.py,167,5681
scikit-learn,examples/linear_model/plot_omp.py,Python,.py,80,2055
scikit-learn,examples/linear_model/plot_poisson_regression_non_normal_loss.py,Python,.py,594,23155
scikit-learn,examples/linear_model/plot_polynomial_interpolation.py,Python,.py,212,7986
scikit-learn,examples/linear_model/plot_quantile_regression.py,Python,.py,314,11868
scikit-learn,examples/linear_model/plot_ransac.py,Python,.py,81,2235
scikit-learn,examples/linear_model/plot_ridge_coeffs.py,Python,.py,181,8964
scikit-learn,examples/linear_model/plot_ridge_path.py,Python,.py,71,2163
scikit-learn,examples/linear_model/plot_robust_fit.py,Python,.py,119,3303
scikit-learn,examples/linear_model/plot_sgdocsvm_vs_ocsvm.py,Python,.py,200,6348
scikit-learn,examples/linear_model/plot_sgd_early_stopping.py,Python,.py,154,5919
scikit-learn,examples/linear_model/plot_sgd_iris.py,Python,.py,86,2064
scikit-learn,examples/linear_model/plot_sgd_loss_functions.py,Python,.py,52,1350
scikit-learn,examples/linear_model/plot_sgd_penalties.py,Python,.py,57,1485
scikit-learn,examples/linear_model/plot_sgd_separating_hyperplane.py,Python,.py,47,1325
scikit-learn,examples/linear_model/plot_sgd_weighted_samples.py,Python,.py,63,1731
scikit-learn,examples/linear_model/plot_sparse_logistic_regression_20newsgroups.py,Python,.py,132,4394
scikit-learn,examples/linear_model/plot_sparse_logistic_regression_mnist.py,Python,.py,83,2761
scikit-learn,examples/linear_model/plot_theilsen.py,Python,.py,125,3901
scikit-learn,examples/linear_model/plot_tweedie_regression_insurance_claims.py,Python,.py,700,24377
scikit-learn,examples/manifold/plot_compare_methods.py,Python,.py,243,7837
scikit-learn,examples/manifold/plot_lle_digits.py,Python,.py,183,6656
scikit-learn,examples/manifold/plot_manifold_sphere.py,Python,.py,183,6187
scikit-learn,examples/manifold/plot_mds.py,Python,.py,144,4051
scikit-learn,examples/manifold/plot_swissroll.py,Python,.py,123,4225
scikit-learn,examples/manifold/plot_t_sne_perplexity.py,Python,.py,146,4434
scikit-learn,examples/miscellaneous/plot_anomaly_comparison.py,Python,.py,189,7629
scikit-learn,examples/miscellaneous/plot_display_object_visualization.py,Python,.py,93,3552
scikit-learn,examples/miscellaneous/plot_estimator_representation.py,Python,.py,52,1760
scikit-learn,examples/miscellaneous/plot_isotonic_regression.py,Python,.py,75,2639
scikit-learn,examples/miscellaneous/plot_johnson_lindenstrauss_bound.py,Python,.py,211,7732
scikit-learn,examples/miscellaneous/plot_kernel_approximation.py,Python,.py,259,8838
scikit-learn,examples/miscellaneous/plot_kernel_ridge_regression.py,Python,.py,216,6853
scikit-learn,examples/miscellaneous/plot_metadata_routing.py,Python,.py,715,28015
scikit-learn,examples/miscellaneous/plot_multilabel.py,Python,.py,130,4204
scikit-learn,examples/miscellaneous/plot_multioutput_face_completion.py,Python,.py,98,2983
scikit-learn,examples/miscellaneous/plot_outlier_detection_bench.py,Python,.py,453,17348
scikit-learn,examples/miscellaneous/plot_pipeline_display.py,Python,.py,183,6389
scikit-learn,examples/miscellaneous/plot_roc_curve_visualization_api.py,Python,.py,61,2277
scikit-learn,examples/miscellaneous/plot_set_output.py,Python,.py,151,5233
scikit-learn,examples/mixture/plot_concentration_prior.py,Python,.py,164,6039
scikit-learn,examples/mixture/plot_gmm.py,Python,.py,96,3379
scikit-learn,examples/mixture/plot_gmm_covariances.py,Python,.py,138,4742
scikit-learn,examples/mixture/plot_gmm_init.py,Python,.py,108,3744
scikit-learn,examples/mixture/plot_gmm_pdf.py,Python,.py,56,1655
scikit-learn,examples/mixture/plot_gmm_selection.py,Python,.py,176,5743
scikit-learn,examples/mixture/plot_gmm_sin.py,Python,.py,190,6352
scikit-learn,examples/model_selection/plot_confusion_matrix.py,Python,.py,125,4036
scikit-learn,examples/model_selection/plot_cost_sensitive_learning.py,Python,.py,693,30500
scikit-learn,examples/model_selection/plot_cv_indices.py,Python,.py,218,6482
scikit-learn,examples/model_selection/plot_cv_predict.py,Python,.py,82,2713
scikit-learn,examples/model_selection/plot_det.py,Python,.py,170,6009
scikit-learn,examples/model_selection/plot_grid_search_digits.py,Python,.py,211,7613
scikit-learn,examples/model_selection/plot_grid_search_refit_callable.py,Python,.py,389,11756
scikit-learn,examples/model_selection/plot_grid_search_stats.py,Python,.py,569,23637
scikit-learn,examples/model_selection/plot_grid_search_text_feature_extraction.py,Python,.py,263,9361
scikit-learn,examples/model_selection/plot_learning_curve.py,Python,.py,187,7099
scikit-learn,examples/model_selection/plot_likelihood_ratios.py,Python,.py,326,12338
scikit-learn,examples/model_selection/plot_multi_metric_evaluation.py,Python,.py,116,3829
scikit-learn,examples/model_selection/plot_nested_cross_validation_iris.py,Python,.py,130,4671
scikit-learn,examples/model_selection/plot_permutation_tests_for_classification.py,Python,.py,144,5597
scikit-learn,examples/model_selection/plot_precision_recall.py,Python,.py,307,11810
scikit-learn,examples/model_selection/plot_randomized_search.py,Python,.py,236,9774
scikit-learn,examples/model_selection/plot_roc.py,Python,.py,463,15884
scikit-learn,examples/model_selection/plot_roc_crossval.py,Python,.py,142,4787
scikit-learn,examples/model_selection/plot_successive_halving_heatmap.py,Python,.py,133,4490
scikit-learn,examples/model_selection/plot_successive_halving_iterations.py,Python,.py,88,2946
scikit-learn,examples/model_selection/plot_train_error_vs_test_error.py,Python,.py,166,6390
scikit-learn,examples/model_selection/plot_tuned_decision_threshold.py,Python,.py,187,7764
scikit-learn,examples/model_selection/plot_underfitting_overfitting.py,Python,.py,83,2953
scikit-learn,examples/multiclass/plot_multiclass_overview.py,Python,.py,202,8456
scikit-learn,examples/multioutput/plot_classifier_chain_yeast.py,Python,.py,153,6172
scikit-learn,examples/neighbors/approximate_nearest_neighbors.py,Python,.py,314,11663
scikit-learn,examples/neighbors/plot_caching_nearest_neighbors.py,Python,.py,70,2779
scikit-learn,examples/neighbors/plot_classification.py,Python,.py,101,3433
scikit-learn,examples/neighbors/plot_digits_kde_sampling.py,Python,.py,67,2137
scikit-learn,examples/neighbors/plot_kde_1d.py,Python,.py,158,5406
scikit-learn,examples/neighbors/plot_lof_novelty_detection.py,Python,.py,93,3807
scikit-learn,examples/neighbors/plot_lof_outlier_detection.py,Python,.py,95,3272
scikit-learn,examples/neighbors/plot_nca_classification.py,Python,.py,92,2725
scikit-learn,examples/neighbors/plot_nca_dim_reduction.py,Python,.py,99,3715
scikit-learn,examples/neighbors/plot_nca_illustration.py,Python,.py,102,3158
scikit-learn,examples/neighbors/plot_nearest_centroid.py,Python,.py,51,1496
scikit-learn,examples/neighbors/plot_regression.py,Python,.py,52,1591
scikit-learn,examples/neighbors/plot_species_kde.py,Python,.py,150,4906
scikit-learn,examples/neural_networks/plot_mlp_alpha.py,Python,.py,147,4775
scikit-learn,examples/neural_networks/plot_mlp_training_curves.py,Python,.py,144,4291
scikit-learn,examples/neural_networks/plot_mnist_filters.py,Python,.py,74,2853
scikit-learn,examples/neural_networks/plot_rbm_logistic_classification.py,Python,.py,146,4418
scikit-learn,examples/preprocessing/plot_all_scaling.py,Python,.py,416,15123
scikit-learn,examples/preprocessing/plot_discretization.py,Python,.py,92,3497
scikit-learn,examples/preprocessing/plot_discretization_classification.py,Python,.py,233,7979
scikit-learn,examples/preprocessing/plot_discretization_strategies.py,Python,.py,108,3305
scikit-learn,examples/preprocessing/plot_map_data_to_normal.py,Python,.py,144,4726
scikit-learn,examples/preprocessing/plot_scaling_importance.py,Python,.py,277,10560
scikit-learn,examples/preprocessing/plot_target_encoder.py,Python,.py,228,8402
scikit-learn,examples/preprocessing/plot_target_encoder_cross_val.py,Python,.py,197,7565
scikit-learn,examples/release_highlights/plot_release_highlights_0_22_0.py,Python,.py,306,11767
scikit-learn,examples/release_highlights/plot_release_highlights_0_23_0.py,Python,.py,194,8012
scikit-learn,examples/release_highlights/plot_release_highlights_0_24_0.py,Python,.py,267,11813
scikit-learn,examples/release_highlights/plot_release_highlights_1_0_0.py,Python,.py,248,10699
scikit-learn,examples/release_highlights/plot_release_highlights_1_1_0.py,Python,.py,242,9222
scikit-learn,examples/release_highlights/plot_release_highlights_1_2_0.py,Python,.py,172,6561
scikit-learn,examples/release_highlights/plot_release_highlights_1_3_0.py,Python,.py,164,6639
scikit-learn,examples/release_highlights/plot_release_highlights_1_4_0.py,Python,.py,238,8102
scikit-learn,examples/release_highlights/plot_release_highlights_1_5_0.py,Python,.py,230,8757
scikit-learn,examples/release_highlights/plot_release_highlights_1_6_0.py,Python,.py,214,9440
scikit-learn,examples/release_highlights/plot_release_highlights_1_7_0.py,Python,.py,115,4937
scikit-learn,examples/release_highlights/plot_release_highlights_1_8_0.py,Python,.py,288,11572
scikit-learn,examples/release_highlights/plot_release_highlights_1_9_0.py,Python,.py,183,11133
scikit-learn,examples/semi_supervised/plot_label_propagation_digits.py,Python,.py,118,3315
scikit-learn,examples/semi_supervised/plot_label_propagation_digits_active_learning.py,Python,.py,125,4356
scikit-learn,examples/semi_supervised/plot_label_propagation_structure.py,Python,.py,105,2816
scikit-learn,examples/semi_supervised/plot_self_training_varying_threshold.py,Python,.py,120,4209
scikit-learn,examples/semi_supervised/plot_semi_supervised_newsgroups.py,Python,.py,210,7127
scikit-learn,examples/semi_supervised/plot_semi_supervised_versus_svm_iris.py,Python,.py,183,7470
scikit-learn,examples/svm/plot_custom_kernel.py,Python,.py,66,1581
scikit-learn,examples/svm/plot_iris_svc.py,Python,.py,107,3599
scikit-learn,examples/svm/plot_linearsvc_support_vectors.py,Python,.py,61,1949
scikit-learn,examples/svm/plot_oneclass.py,Python,.py,105,2989
scikit-learn,examples/svm/plot_rbf_parameters.py,Python,.py,222,8558
scikit-learn,examples/svm/plot_separating_hyperplane.py,Python,.py,51,1245
scikit-learn,examples/svm/plot_separating_hyperplane_unbalanced.py,Python,.py,95,2504
scikit-learn,examples/svm/plot_svm_anova.py,Python,.py,71,2247
scikit-learn,examples/svm/plot_svm_kernels.py,Python,.py,304,13022
scikit-learn,examples/svm/plot_svm_margin.py,Python,.py,93,2559
scikit-learn,examples/svm/plot_svm_regression.py,Python,.py,79,2207
scikit-learn,examples/svm/plot_svm_scale_c.py,Python,.py,208,7684
scikit-learn,examples/svm/plot_svm_tie_breaking.py,Python,.py,66,2240
scikit-learn,examples/svm/plot_weighted_samples.py,Python,.py,89,2736
scikit-learn,examples/text/plot_document_classification_20newsgroups.py,Python,.py,450,16891
scikit-learn,examples/text/plot_document_clustering.py,Python,.py,448,17962
scikit-learn,examples/text/plot_hashing_vs_dict_vectorizer.py,Python,.py,383,15434
scikit-learn,examples/tree/plot_cost_complexity_pruning.py,Python,.py,110,4794
scikit-learn,examples/tree/plot_iris_dtc.py,Python,.py,85,2574
scikit-learn,examples/tree/plot_tree_regression.py,Python,.py,144,4605
scikit-learn,examples/tree/plot_unveil_tree_structure.py,Python,.py,237,10219
scikit-learn,doc/sphinxext/allow_nan_estimators.py,Python,.py,62,2389
scikit-learn,doc/sphinxext/autoshortsummary.py,Python,.py,53,1944
scikit-learn,doc/sphinxext/doi_role.py,Python,.py,47,1713
scikit-learn,doc/sphinxext/dropdown_anchors.py,Python,.py,58,2431
scikit-learn,doc/sphinxext/github_link.py,Python,.py,87,2788
scikit-learn,doc/sphinxext/override_pst_pagetoc.py,Python,.py,84,3631
scikit-learn,doc/sphinxext/sphinx_issues.py,Python,.py,218,8335
scikit-learn,doc/js/scripts/api-search.js,JavaScript,.js,12,440
scikit-learn,doc/js/scripts/dropdown.js,JavaScript,.js,63,2509
scikit-learn,doc/js/scripts/sg_plotly_resize.js,JavaScript,.js,10,465
scikit-learn,doc/js/scripts/theme-observer.js,JavaScript,.js,23,694
scikit-learn,doc/js/scripts/version-switcher.js,JavaScript,.js,40,1656
scikit-learn,doc/js/scripts/vendor/svg-pan-zoom.min.js,JavaScript,.js,31,31220
scikit-learn,build_tools/circle/list_versions.py,Python,.py,147,5202
scikit-learn,build_tools/github/autoclose_prs.py,Python,.py,64,1849
scikit-learn,build_tools/github/check_wheels.py,Python,.py,30,835
scikit-learn,build_tools/github/vendor.py,Python,.py,96,3132
scikit-learn,build_tools/wheels/check_license.py,Python,.py,30,847
scikit-learn,asv_benchmarks/benchmarks/cluster.py,Python,.py,104,3029
scikit-learn,asv_benchmarks/benchmarks/common.py,Python,.py,256,7603
scikit-learn,asv_benchmarks/benchmarks/datasets.py,Python,.py,167,5358
scikit-learn,asv_benchmarks/benchmarks/decomposition.py,Python,.py,96,2502
scikit-learn,asv_benchmarks/benchmarks/ensemble.py,Python,.py,121,3116
scikit-learn,asv_benchmarks/benchmarks/linear_model.py,Python,.py,257,6863
scikit-learn,asv_benchmarks/benchmarks/manifold.py,Python,.py,34,854
scikit-learn,asv_benchmarks/benchmarks/metrics.py,Python,.py,45,1408
scikit-learn,asv_benchmarks/benchmarks/model_selection.py,Python,.py,84,2455
scikit-learn,asv_benchmarks/benchmarks/neighbors.py,Python,.py,39,1179
scikit-learn,asv_benchmarks/benchmarks/svm.py,Python,.py,30,792
scikit-learn,asv_benchmarks/benchmarks/utils.py,Python,.py,47,1357
scikit-learn,asv_benchmarks/benchmarks/__init__.py,Python,.py,1,50
scikit-learn,.github/scripts/add_or_remove_no_pr_warning.py,Python,.py,50,1939
scikit-learn,.github/scripts/first-time-contributor.py,Python,.py,109,3874
scikit-learn,.github/scripts/label_title_regex.py,Python,.py,25,688
